{"type":"FeatureCollection","features":[{"type":"Feature","id":1587,"geometry":{"type":"Polygon","coordinates":[[[-75.562,-13.748],[-75.648,-13.807],[-75.789,-13.856],[-75.848,-13.836],[-75.885,-13.855],[-75.992,-13.833],[-76.028,-13.84],[-76.06,-13.916],[-76.025,-13.959],[-76.025,-14.005],[-76.001,-14.02],[-75.986,-14.072],[-76.027,-14.108],[-76.022,-14.125],[-76.072,-14.229],[-76.039,-14.273],[-75.984,-14.3],[-76.004,-14.392],[-76.037,-14.426],[-75.972,-14.47],[-75.975,-14.525],[-75.93,-14.571],[-75.917,-14.659],[-75.856,-14.694],[-75.856,-14.716],[-75.547,-14.883],[-75.494,-14.93],[-75.44,-14.895],[-75.415,-14.782],[-75.432,-14.754],[-75.411,-14.686],[-75.426,-14.641],[-75.403,-14.627],[-75.371,-14.637],[-75.363,-14.569],[-75.319,-14.535],[-75.301,-14.473],[-75.246,-14.441],[-75.228,-14.395],[-75.218,-14.354],[-75.238,-14.343],[-75.229,-14.178],[-75.243,-14.152],[-75.224,-14.099],[-75.24,-14.083],[-75.211,-14.05],[-75.261,-14.041],[-75.233,-14.003],[-75.329,-14.018],[-75.356,-13.996],[-75.359,-13.971],[-75.434,-13.914],[-75.549,-13.887],[-75.565,-13.843],[-75.525,-13.808],[-75.538,-13.762],[-75.562,-13.748]]]},"properties":{"OBJECTID":1587,"CD_PROV":"1101","CD_DEPA":"11","NM_PROV":"ICA","NM_DEPA":"ICA","FEC_ING":"26/12/2024","GLOBALID":"{960C2333-9C9E-48AC-BF5F-81AC3F9ACEBC}","SHAPE.AREA":0.65551839235370102,"SHAPE.LEN":4.0753902319109194}},{"type":"Feature","id":1588,"geometry":{"type":"Polygon","coordinates":[[[-75.611,-12.966],[-75.667,-12.997],[-75.666,-13.016],[-75.691,-13.035],[-75.723,-13.039],[-75.765,-13.018],[-75.802,-13.06],[-75.824,-13.031],[-75.85,-13.036],[-75.943,-12.992],[-76.012,-13.085],[-76.155,-13.192],[-76.203,-13.302],[-76.245,-13.324],[-76.19,-13.435],[-76.192,-13.594],[-76.014,-13.56],[-75.935,-13.631],[-75.889,-13.613],[-75.814,-13.62],[-75.814,-13.578],[-75.773,-13.556],[-75.756,-13.501],[-75.708,-13.472],[-75.689,-13.44],[-75.719,-13.413],[-75.763,-13.414],[-75.81,-13.389],[-75.788,-13.335],[-75.706,-13.288],[-75.702,-13.227],[-75.689,-13.214],[-75.706,-13.188],[-75.694,-13.147],[-75.719,-13.11],[-75.687,-13.043],[-75.676,-13.044],[-75.681,-13.07],[-75.658,-13.082],[-75.629,-13.057],[-75.639,-13.032],[-75.609,-13.004],[-75.611,-12.966]]]},"properties":{"OBJECTID":1588,"CD_PROV":"1102","CD_DEPA":"11","NM_PROV":"CHINCHA","NM_DEPA":"ICA","FEC_ING":"26/12/2024","GLOBALID":"{C7299B84-85D9-4CCE-B02E-B585A4B74DC6}","SHAPE.AREA":0.24317396700310401,"SHAPE.LEN":2.8364670155802099}},{"type":"Feature","id":1589,"geometry":{"type":"Polygon","coordinates":[[[-74.89,-14.547],[-74.947,-14.581],[-74.959,-14.606],[-75.032,-14.611],[-75.053,-14.627],[-75.066,-14.574],[-75.08,-14.569],[-75.083,-14.609],[-75.132,-14.644],[-75.142,-14.679],[-75.186,-14.637],[-75.226,-14.645],[-75.239,-14.591],[-75.332,-14.616],[-75.362,-14.598],[-75.364,-14.582],[-75.372,-14.638],[-75.4,-14.627],[-75.426,-14.641],[-75.411,-14.686],[-75.432,-14.754],[-75.415,-14.782],[-75.44,-14.895],[-75.503,-14.948],[-75.5,-14.967],[-75.443,-15.001],[-75.414,-15.043],[-75.371,-15.153],[-75.358,-15.14],[-75.349,-15.158],[-75.317,-15.15],[-75.232,-15.203],[-75.216,-15.233],[-75.223,-15.256],[-75.264,-15.251],[-75.229,-15.286],[-75.169,-15.307],[-75.152,-15.335],[-75.157,-15.356],[-75.186,-15.355],[-75.194,-15.369],[-75.162,-15.378],[-75.14,-15.407],[-75.082,-15.424],[-75.075,-15.443],[-75.046,-15.43],[-75.017,-15.351],[-74.968,-15.299],[-74.964,-15.254],[-74.929,-15.192],[-74.669,-15.054],[-74.666,-14.998],[-74.646,-14.978],[-74.685,-14.93],[-74.662,-14.9],[-74.681,-14.854],[-74.694,-14.838],[-74.733,-14.847],[-74.755,-14.835],[-74.714,-14.818],[-74.748,-14.813],[-74.765,-14.79],[-74.716,-14.71],[-74.803,-14.752],[-74.825,-14.736],[-74.849,-14.672],[-74.788,-14.616],[-74.859,-14.608],[-74.89,-14.547]]]},"properties":{"OBJECTID":1589,"CD_PROV":"1103","CD_DEPA":"11","NM_PROV":"NASCA","NM_DEPA":"ICA","FEC_ING":"26/12/2024","GLOBALID":"{3A8F5E32-B395-4ABE-AE15-5D2E7F0EBDF8}","SHAPE.AREA":0.43612512919444701,"SHAPE.LEN":4.0244615446769698}},{"type":"Feature","id":1590,"geometry":{"type":"Polygon","coordinates":[[[-75.096,-14.066],[-75.109,-14.033],[-75.166,-14.073],[-75.211,-14.05],[-75.24,-14.083],[-75.224,-14.099],[-75.243,-14.152],[-75.229,-14.178],[-75.238,-14.343],[-75.218,-14.354],[-75.228,-14.395],[-75.246,-14.441],[-75.301,-14.473],[-75.319,-14.535],[-75.363,-14.571],[-75.362,-14.598],[-75.332,-14.616],[-75.238,-14.591],[-75.226,-14.645],[-75.186,-14.637],[-75.142,-14.679],[-75.132,-14.644],[-75.08,-14.602],[-75.09,-14.58],[-75.067,-14.529],[-75.087,-14.53],[-75.098,-14.485],[-75.053,-14.431],[-75.106,-14.434],[-75.14,-14.416],[-75.094,-14.312],[-75.032,-14.266],[-75.089,-14.23],[-75.057,-14.124],[-75.064,-14.088],[-75.096,-14.066]]]},"properties":{"OBJECTID":1590,"CD_PROV":"1104","CD_DEPA":"11","NM_PROV":"PALPA","NM_DEPA":"ICA","FEC_ING":"26/12/2024","GLOBALID":"{B2EAC8BB-26CE-4A00-87DF-EBD77B148003}","SHAPE.AREA":0.102062595666532,"SHAPE.LEN":2.1054813577687996}},{"type":"Feature","id":1591,"geometry":{"type":"Polygon","coordinates":[[[-75.498,-13.391],[-75.503,-13.353],[-75.538,-13.405],[-75.598,-13.39],[-75.615,-13.417],[-75.68,-13.431],[-75.708,-13.472],[-75.756,-13.501],[-75.773,-13.556],[-75.814,-13.578],[-75.816,-13.621],[-75.889,-13.613],[-75.935,-13.631],[-76.007,-13.561],[-76.05,-13.577],[-76.087,-13.564],[-76.192,-13.594],[-76.26,-13.867],[-76.298,-13.838],[-76.312,-13.847],[-76.296,-13.793],[-76.371,-13.806],[-76.396,-13.909],[-76.328,-13.925],[-76.314,-13.893],[-76.298,-13.893],[-76.282,-13.913],[-76.295,-13.931],[-76.273,-13.952],[-76.271,-13.984],[-76.286,-13.997],[-76.263,-14.02],[-76.261,-14.056],[-76.292,-14.089],[-76.279,-14.152],[-76.293,-14.163],[-76.272,-14.2],[-76.253,-14.16],[-76.271,-14.142],[-76.226,-14.15],[-76.19,-14.198],[-76.144,-14.228],[-76.105,-14.314],[-76.111,-14.329],[-76.145,-14.33],[-76.137,-14.349],[-76.066,-14.387],[-76.037,-14.426],[-76.004,-14.392],[-75.981,-14.315],[-75.986,-14.296],[-76.039,-14.273],[-76.072,-14.229],[-76.022,-14.125],[-76.027,-14.108],[-75.986,-14.072],[-76.001,-14.02],[-76.025,-14.005],[-76.025,-13.959],[-76.058,-13.925],[-76.041,-13.861],[-76.028,-13.84],[-75.992,-13.833],[-75.885,-13.855],[-75.848,-13.836],[-75.789,-13.856],[-75.648,-13.807],[-75.57,-13.743],[-75.533,-13.745],[-75.485,-13.655],[-75.52,-13.604],[-75.47,-13.482],[-75.466,-13.432],[-75.498,-13.391]]]},"properties":{"OBJECTID":1591,"CD_PROV":"1105","CD_DEPA":"11","NM_PROV":"PISCO","NM_DEPA":"ICA","FEC_ING":"26/12/2024","GLOBALID":"{68765EAC-7487-4EC8-B4B1-D41D3B3A8488}","SHAPE.AREA":0.330476610103211,"SHAPE.LEN":4.7604641797615095}},{"type":"Feature","id":1592,"geometry":{"type":"Polygon","coordinates":[[[-74.679,-11.664],[-74.737,-11.675],[-74.744,-11.703],[-74.775,-11.723],[-74.768,-11.762],[-74.839,-11.763],[-74.869,-11.777],[-74.851,-11.803],[-74.888,-11.846],[-74.951,-11.827],[-74.967,-11.845],[-74.993,-11.817],[-75.012,-11.82],[-75.062,-11.889],[-75.09,-11.836],[-75.129,-11.842],[-75.179,-11.794],[-75.251,-11.81],[-75.275,-11.863],[-75.267,-11.873],[-75.295,-11.887],[-75.294,-11.922],[-75.313,-11.938],[-75.279,-11.981],[-75.325,-12.009],[-75.317,-12.041],[-75.236,-12.07],[-75.241,-12.15],[-75.276,-12.177],[-75.246,-12.249],[-75.264,-12.249],[-75.272,-12.267],[-75.3,-12.258],[-75.357,-12.309],[-75.36,-12.336],[-75.41,-12.364],[-75.56,-12.411],[-75.536,-12.519],[-75.572,-12.564],[-75.58,-12.641],[-75.525,-12.618],[-75.467,-12.683],[-75.453,-12.657],[-75.461,-12.631],[-75.443,-12.618],[-75.415,-12.628],[-75.409,-12.585],[-75.319,-12.515],[-75.325,-12.486],[-75.216,-12.463],[-75.22,-12.39],[-75.182,-12.36],[-75.154,-12.396],[-75.131,-12.379],[-75.14,-12.341],[-75.099,-12.285],[-75.1,-12.251],[-75.049,-12.201],[-75.049,-12.168],[-75.077,-12.147],[-75.063,-12.135],[-75.065,-12.092],[-75.086,-12.053],[-75.049,-11.999],[-74.998,-12.021],[-74.939,-12.018],[-74.871,-12.066],[-74.837,-12.071],[-74.819,-12.054],[-74.745,-12.041],[-74.711,-12.057],[-74.658,-11.993],[-74.632,-11.985],[-74.604,-12.0],[-74.572,-11.985],[-74.558,-12.001],[-74.543,-11.984],[-74.508,-11.987],[-74.491,-11.914],[-74.508,-11.916],[-74.534,-11.879],[-74.578,-11.882],[-74.606,-11.793],[-74.65,-11.736],[-74.643,-11.701],[-74.679,-11.664]]]},"properties":{"OBJECTID":1592,"CD_PROV":"1201","CD_DEPA":"12","NM_PROV":"HUANCAYO","NM_DEPA":"JUNIN","FEC_ING":"26/12/2024","GLOBALID":"{5D867689-18A8-43FC-8EA5-4DFE1BA79251}","SHAPE.AREA":0.31027130674629999,"SHAPE.LEN":4.8317165033165903}},{"type":"Feature","id":1593,"geometry":{"type":"Polygon","coordinates":[[[-74.985,-11.44],[-75.0,-11.427],[-75.036,-11.473],[-75.055,-11.471],[-75.062,-11.487],[-75.163,-11.535],[-75.203,-11.599],[-75.195,-11.625],[-75.212,-11.625],[-75.224,-11.664],[-75.192,-11.709],[-75.201,-11.749],[-75.187,-11.776],[-75.233,-11.766],[-75.269,-11.799],[-75.266,-11.812],[-75.305,-11.831],[-75.312,-11.858],[-75.401,-11.874],[-75.358,-11.9],[-75.434,-11.955],[-75.481,-11.937],[-75.499,-11.966],[-75.469,-11.99],[-75.49,-12.007],[-75.537,-12.027],[-75.588,-12.0],[-75.623,-12.022],[-75.687,-12.013],[-75.694,-12.043],[-75.674,-12.058],[-75.688,-12.082],[-75.635,-12.115],[-75.628,-12.142],[-75.586,-12.145],[-75.535,-12.187],[-75.518,-12.122],[-75.478,-12.105],[-75.46,-12.067],[-75.421,-12.06],[-75.279,-11.981],[-75.313,-11.938],[-75.294,-11.922],[-75.295,-11.887],[-75.267,-11.873],[-75.275,-11.863],[-75.251,-11.81],[-75.179,-11.794],[-75.129,-11.842],[-75.09,-11.836],[-75.062,-11.889],[-75.016,-11.821],[-74.993,-11.817],[-74.967,-11.845],[-74.951,-11.827],[-74.888,-11.846],[-74.851,-11.803],[-74.869,-11.777],[-74.839,-11.763],[-74.768,-11.762],[-74.775,-11.723],[-74.718,-11.66],[-74.725,-11.614],[-74.82,-11.588],[-74.911,-11.529],[-74.942,-11.565],[-74.971,-11.571],[-74.954,-11.504],[-74.915,-11.48],[-74.985,-11.44]]]},"properties":{"OBJECTID":1593,"CD_PROV":"1202","CD_DEPA":"12","NM_PROV":"CONCEPCION","NM_DEPA":"JUNIN","FEC_ING":"26/12/2024","GLOBALID":"{EDB4C81E-3696-4919-8C71-2C20B5D433DD}","SHAPE.AREA":0.186923822280847,"SHAPE.LEN":3.8918724786551797}},{"type":"Feature","id":1594,"geometry":{"type":"Polygon","coordinates":[[[-75.036,-10.682],[-75.065,-10.653],[-75.11,-10.724],[-75.157,-10.762],[-75.177,-10.75],[-75.19,-10.78],[-75.204,-10.765],[-75.244,-10.764],[-75.248,-10.803],[-75.284,-10.841],[-75.349,-10.801],[-75.363,-10.85],[-75.386,-10.865],[-75.402,-10.855],[-75.418,-10.89],[-75.437,-10.88],[-75.453,-10.9],[-75.436,-10.912],[-75.422,-10.957],[-75.441,-10.969],[-75.452,-11.016],[-75.499,-11.023],[-75.529,-11.051],[-75.584,-11.051],[-75.602,-11.074],[-75.667,-11.098],[-75.638,-11.164],[-75.62,-11.155],[-75.602,-11.172],[-75.584,-11.168],[-75.582,-11.227],[-75.506,-11.224],[-75.314,-11.299],[-75.028,-11.35],[-75.044,-11.298],[-74.968,-11.3],[-74.89,-11.27],[-74.888,-11.24],[-74.911,-11.216],[-74.905,-11.187],[-74.891,-11.189],[-74.899,-11.167],[-74.747,-11.07],[-74.747,-11.011],[-74.718,-11.021],[-74.646,-11.009],[-74.623,-10.976],[-74.66,-10.953],[-74.699,-10.957],[-74.708,-10.858],[-74.734,-10.833],[-74.795,-10.83],[-74.878,-10.701],[-74.888,-10.711],[-74.866,-10.759],[-74.886,-10.771],[-74.956,-10.733],[-74.983,-10.75],[-75.006,-10.719],[-75.012,-10.68],[-75.036,-10.682]]]},"properties":{"OBJECTID":1594,"CD_PROV":"1203","CD_DEPA":"12","NM_PROV":"CHANCHAMAYO","NM_DEPA":"JUNIN","FEC_ING":"26/12/2024","GLOBALID":"{6420F0BE-F19D-4650-983C-B888A2CE75B8}","SHAPE.AREA":0.38726760343469097,"SHAPE.LEN":3.6761782221902499}},{"type":"Feature","id":1595,"geometry":{"type":"Polygon","coordinates":[[[-75.435,-11.258],[-75.444,-11.302],[-75.431,-11.332],[-75.404,-11.34],[-75.404,-11.364],[-75.41,-11.388],[-75.461,-11.429],[-75.457,-11.453],[-75.479,-11.486],[-75.474,-11.522],[-75.511,-11.517],[-75.53,-11.494],[-75.547,-11.504],[-75.547,-11.526],[-75.573,-11.542],[-75.554,-11.601],[-75.599,-11.577],[-75.626,-11.589],[-75.64,-11.564],[-75.692,-11.556],[-75.71,-11.567],[-75.735,-11.523],[-75.749,-11.542],[-75.8,-11.543],[-75.756,-11.64],[-75.7,-11.714],[-75.756,-11.776],[-75.814,-11.79],[-75.855,-11.768],[-75.893,-11.784],[-75.905,-11.873],[-75.956,-11.87],[-75.993,-11.9],[-76.024,-11.898],[-76.052,-11.939],[-76.014,-11.984],[-75.884,-11.994],[-75.843,-12.006],[-75.834,-12.025],[-75.819,-12.014],[-75.766,-12.06],[-75.742,-12.037],[-75.7,-12.048],[-75.675,-12.008],[-75.623,-12.022],[-75.588,-12.0],[-75.535,-12.027],[-75.469,-11.99],[-75.499,-11.966],[-75.481,-11.937],[-75.434,-11.955],[-75.358,-11.9],[-75.401,-11.874],[-75.312,-11.858],[-75.305,-11.831],[-75.266,-11.812],[-75.269,-11.799],[-75.233,-11.766],[-75.187,-11.776],[-75.201,-11.749],[-75.192,-11.709],[-75.224,-11.664],[-75.212,-11.625],[-75.195,-11.625],[-75.203,-11.599],[-75.163,-11.535],[-75.062,-11.487],[-75.055,-11.471],[-75.036,-11.473],[-75.0,-11.427],[-74.973,-11.438],[-74.999,-11.397],[-74.988,-11.375],[-75.028,-11.35],[-75.307,-11.301],[-75.435,-11.258]]]},"properties":{"OBJECTID":1595,"CD_PROV":"1204","CD_DEPA":"12","NM_PROV":"JAUJA","NM_DEPA":"JUNIN","FEC_ING":"26/12/2024","GLOBALID":"{C2D181DF-1EC2-4B5E-A61E-BDD400A3EB3A}","SHAPE.AREA":0.36129925913288402,"SHAPE.LEN":4.2671439703154297}},{"type":"Feature","id":1596,"geometry":{"type":"Polygon","coordinates":[[[-75.554,-10.745],[-75.568,-10.727],[-75.584,-10.802],[-75.607,-10.823],[-75.679,-10.84],[-75.693,-10.817],[-75.733,-10.809],[-75.759,-10.83],[-75.789,-10.825],[-75.838,-10.886],[-75.876,-10.867],[-75.936,-10.89],[-75.962,-10.844],[-75.993,-10.821],[-76.006,-10.828],[-76.046,-10.881],[-76.082,-10.895],[-76.123,-10.962],[-76.073,-10.974],[-76.045,-11.025],[-76.011,-11.032],[-76.028,-11.085],[-76.064,-11.095],[-76.067,-11.114],[-76.096,-11.108],[-76.096,-11.121],[-76.122,-11.086],[-76.148,-11.079],[-76.248,-10.933],[-76.277,-10.919],[-76.26,-11.027],[-76.24,-11.049],[-76.25,-11.107],[-76.202,-11.15],[-76.208,-11.17],[-76.182,-11.181],[-76.193,-11.202],[-76.168,-11.221],[-76.177,-11.242],[-76.165,-11.27],[-76.082,-11.388],[-76.013,-11.376],[-75.96,-11.333],[-75.89,-11.333],[-75.972,-11.214],[-75.922,-11.22],[-75.901,-11.2],[-75.904,-11.176],[-75.884,-11.144],[-75.861,-11.145],[-75.839,-11.119],[-75.833,-11.052],[-75.813,-11.051],[-75.817,-11.034],[-75.784,-10.997],[-75.762,-11.01],[-75.732,-11.001],[-75.668,-10.949],[-75.615,-10.961],[-75.537,-10.948],[-75.503,-10.962],[-75.495,-10.923],[-75.438,-10.88],[-75.418,-10.89],[-75.409,-10.845],[-75.391,-10.832],[-75.395,-10.759],[-75.461,-10.75],[-75.476,-10.781],[-75.49,-10.757],[-75.554,-10.745]]]},"properties":{"OBJECTID":1596,"CD_PROV":"1205","CD_DEPA":"12","NM_PROV":"JUNIN","NM_DEPA":"JUNIN","FEC_ING":"26/12/2024","GLOBALID":"{A99044D8-7241-4C5C-95E5-BF556F8A862F}","SHAPE.AREA":0.20658532719998801,"SHAPE.LEN":3.9689079988546099}},{"type":"Feature","id":1597,"geometry":{"type":"Polygon","coordinates":[[[-73.678,-10.79],[-73.744,-10.734],[-73.782,-10.751],[-73.787,-10.794],[-73.814,-10.8],[-73.813,-10.889],[-73.862,-10.979],[-73.859,-11.168],[-73.891,-11.17],[-73.916,-11.143],[-73.957,-11.148],[-73.978,-11.121],[-73.979,-11.069],[-74.007,-10.991],[-74.156,-10.999],[-74.191,-10.986],[-74.203,-11.021],[-74.256,-11.018],[-74.373,-11.057],[-74.45,-11.002],[-74.496,-11.0],[-74.508,-10.95],[-74.562,-10.914],[-74.614,-10.905],[-74.649,-10.867],[-74.681,-10.889],[-74.7,-10.878],[-74.702,-10.915],[-74.699,-10.957],[-74.628,-10.965],[-74.644,-11.008],[-74.718,-11.021],[-74.747,-11.011],[-74.747,-11.07],[-74.899,-11.167],[-74.891,-11.189],[-74.905,-11.187],[-74.911,-11.216],[-74.888,-11.24],[-74.89,-11.27],[-74.957,-11.298],[-75.051,-11.308],[-75.028,-11.35],[-74.988,-11.375],[-74.999,-11.397],[-74.963,-11.452],[-74.915,-11.48],[-74.954,-11.504],[-74.971,-11.571],[-74.942,-11.565],[-74.911,-11.529],[-74.82,-11.588],[-74.725,-11.614],[-74.721,-11.665],[-74.708,-11.675],[-74.68,-11.661],[-74.643,-11.701],[-74.65,-11.736],[-74.606,-11.793],[-74.578,-11.882],[-74.534,-11.879],[-74.508,-11.916],[-74.491,-11.914],[-74.505,-11.983],[-74.543,-11.984],[-74.549,-11.997],[-74.488,-12.034],[-74.454,-12.034],[-74.414,-12.076],[-74.41,-12.106],[-74.352,-12.137],[-74.361,-12.155],[-74.343,-12.169],[-74.352,-12.178],[-74.33,-12.222],[-74.291,-12.223],[-74.218,-12.278],[-74.219,-12.302],[-74.188,-12.303],[-74.182,-12.317],[-74.131,-12.315],[-74.121,-12.334],[-74.097,-12.284],[-74.04,-12.261],[-74.0,-12.284],[-73.98,-12.243],[-73.937,-12.223],[-73.901,-12.249],[-73.802,-12.22],[-73.738,-12.267],[-73.703,-12.27],[-73.66,-12.329],[-73.658,-12.36],[-73.604,-12.387],[-73.586,-12.367],[-73.574,-12.277],[-73.47,-12.237],[-73.44,-12.152],[-73.361,-12.134],[-73.358,-12.113],[-73.402,-12.091],[-73.4,-12.021],[-73.405,-12.006],[-73.421,-12.015],[-73.436,-11.996],[-73.443,-11.939],[-73.463,-11.929],[-73.528,-11.825],[-73.591,-11.803],[-73.573,-11.76],[-73.618,-11.659],[-73.605,-11.636],[-73.615,-11.609],[-73.574,-11.594],[-73.51,-11.521],[-73.457,-11.505],[-73.477,-11.458],[-73.42,-11.383],[-73.468,-11.344],[-73.485,-11.35],[-73.484,-11.319],[-73.459,-11.301],[-73.45,-11.226],[-73.472,-11.085],[-73.483,-11.065],[-73.543,-11.047],[-73.572,-10.956],[-73.56,-10.861],[-73.61,-10.847],[-73.678,-10.79]]]},"properties":{"OBJECTID":1597,"CD_PROV":"1206","CD_DEPA":"12","NM_PROV":"SATIPO","NM_DEPA":"JUNIN","FEC_ING":"26/12/2024","GLOBALID":"{FE270510-6611-4651-8DA7-176A0361DDC7}","SHAPE.AREA":1.5847977971071701,"SHAPE.LEN":8.1216934508711205}},{"type":"Feature","id":1598,"geometry":{"type":"Polygon","coordinates":[[[-75.453,-10.901],[-75.495,-10.923],[-75.503,-10.962],[-75.537,-10.948],[-75.615,-10.961],[-75.668,-10.949],[-75.732,-11.001],[-75.762,-11.01],[-75.784,-10.997],[-75.817,-11.034],[-75.813,-11.051],[-75.833,-11.052],[-75.839,-11.119],[-75.861,-11.145],[-75.884,-11.144],[-75.904,-11.176],[-75.901,-11.2],[-75.922,-11.22],[-75.972,-11.214],[-75.89,-11.333],[-75.96,-11.333],[-75.883,-11.403],[-75.916,-11.416],[-75.915,-11.431],[-75.871,-11.507],[-75.812,-11.547],[-75.749,-11.542],[-75.735,-11.523],[-75.71,-11.567],[-75.692,-11.556],[-75.64,-11.564],[-75.626,-11.589],[-75.599,-11.577],[-75.554,-11.601],[-75.573,-11.542],[-75.547,-11.526],[-75.547,-11.504],[-75.53,-11.494],[-75.511,-11.517],[-75.474,-11.521],[-75.479,-11.486],[-75.457,-11.453],[-75.461,-11.429],[-75.41,-11.388],[-75.404,-11.364],[-75.404,-11.34],[-75.431,-11.332],[-75.444,-11.302],[-75.447,-11.272],[-75.434,-11.26],[-75.506,-11.224],[-75.582,-11.227],[-75.584,-11.168],[-75.602,-11.172],[-75.62,-11.155],[-75.638,-11.164],[-75.671,-11.104],[-75.602,-11.074],[-75.584,-11.051],[-75.529,-11.051],[-75.499,-11.023],[-75.452,-11.016],[-75.441,-10.969],[-75.422,-10.957],[-75.436,-10.912],[-75.453,-10.901]]]},"properties":{"OBJECTID":1598,"CD_PROV":"1207","CD_DEPA":"12","NM_PROV":"TARMA","NM_DEPA":"JUNIN","FEC_ING":"26/12/2024","GLOBALID":"{9C44BC82-9B09-4799-9CDC-168C48522DF0}","SHAPE.AREA":0.22126692534422801,"SHAPE.LEN":3.1886711741335296}},{"type":"Feature","id":1599,"geometry":{"type":"Polygon","coordinates":[[[-76.383,-11.075],[-76.447,-11.071],[-76.519,-11.117],[-76.492,-11.189],[-76.491,-11.247],[-76.457,-11.273],[-76.478,-11.292],[-76.451,-11.344],[-76.423,-11.355],[-76.401,-11.403],[-76.412,-11.416],[-76.394,-11.445],[-76.377,-11.444],[-76.377,-11.501],[-76.351,-11.52],[-76.35,-11.542],[-76.304,-11.568],[-76.298,-11.596],[-76.229,-11.554],[-76.188,-11.593],[-76.18,-11.613],[-76.199,-11.626],[-76.188,-11.642],[-76.205,-11.66],[-76.193,-11.673],[-76.202,-11.728],[-76.154,-11.781],[-76.137,-11.781],[-76.058,-11.88],[-76.055,-11.938],[-76.035,-11.931],[-76.024,-11.898],[-75.993,-11.9],[-75.956,-11.87],[-75.905,-11.873],[-75.893,-11.784],[-75.878,-11.772],[-75.835,-11.769],[-75.798,-11.79],[-75.755,-11.775],[-75.7,-11.712],[-75.756,-11.64],[-75.787,-11.559],[-75.871,-11.507],[-75.917,-11.419],[-75.883,-11.403],[-75.96,-11.333],[-76.013,-11.376],[-76.082,-11.388],[-76.165,-11.27],[-76.177,-11.242],[-76.168,-11.221],[-76.193,-11.202],[-76.182,-11.181],[-76.209,-11.169],[-76.202,-11.15],[-76.258,-11.152],[-76.308,-11.133],[-76.319,-11.091],[-76.337,-11.082],[-76.351,-11.094],[-76.383,-11.075]]]},"properties":{"OBJECTID":1599,"CD_PROV":"1208","CD_DEPA":"12","NM_PROV":"YAULI","NM_DEPA":"JUNIN","FEC_ING":"26/12/2024","GLOBALID":"{9F091DD4-7303-44AE-B2E8-31338A1B7D4C}","SHAPE.AREA":0.301437832323387,"SHAPE.LEN":3.4146777370147499}},{"type":"Feature","id":1600,"geometry":{"type":"Polygon","coordinates":[[[-75.32,-12.015],[-75.46,-12.067],[-75.478,-12.105],[-75.518,-12.122],[-75.535,-12.187],[-75.586,-12.145],[-75.622,-12.14],[-75.67,-12.185],[-75.587,-12.299],[-75.589,-12.325],[-75.549,-12.364],[-75.565,-12.413],[-75.41,-12.364],[-75.36,-12.336],[-75.357,-12.309],[-75.3,-12.258],[-75.272,-12.267],[-75.264,-12.249],[-75.246,-12.249],[-75.276,-12.177],[-75.241,-12.15],[-75.236,-12.07],[-75.315,-12.043],[-75.32,-12.015]]]},"properties":{"OBJECTID":1600,"CD_PROV":"1209","CD_DEPA":"12","NM_PROV":"CHUPACA","NM_DEPA":"JUNIN","FEC_ING":"26/12/2024","GLOBALID":"{BBC65233-74B2-491B-8837-F2D945A8E4AA}","SHAPE.AREA":0.095996290975667892,"SHAPE.LEN":1.6504952208011898}},{"type":"Feature","id":1601,"geometry":{"type":"Polygon","coordinates":[[[-78.803,-7.8],[-78.837,-7.804],[-78.881,-7.837],[-78.904,-7.888],[-78.955,-7.903],[-78.985,-7.893],[-79.04,-7.988],[-79.106,-7.982],[-79.126,-7.937],[-79.211,-7.999],[-79.13,-8.06],[-79.116,-8.097],[-78.988,-8.208],[-78.981,-8.227],[-78.994,-8.236],[-78.963,-8.262],[-78.957,-8.293],[-78.901,-8.371],[-78.882,-8.343],[-78.817,-8.31],[-78.808,-8.287],[-78.803,-8.251],[-78.837,-8.229],[-78.842,-8.191],[-78.782,-8.21],[-78.772,-8.176],[-78.638,-8.14],[-78.682,-8.125],[-78.684,-8.091],[-78.723,-8.092],[-78.72,-8.05],[-78.706,-8.039],[-78.716,-8.017],[-78.682,-7.997],[-78.689,-7.947],[-78.732,-7.928],[-78.727,-7.883],[-78.78,-7.884],[-78.774,-7.802],[-78.803,-7.8]]]},"properties":{"OBJECTID":1601,"CD_PROV":"1301","CD_DEPA":"13","NM_PROV":"TRUJILLO","NM_DEPA":"LA LIBERTAD","FEC_ING":"26/12/2024","GLOBALID":"{CBC74CFD-2AE0-45EF-B82C-B3F97D36AEB2}","SHAPE.AREA":0.14572522321491502,"SHAPE.LEN":2.3263856064957698}},{"type":"Feature","id":1602,"geometry":{"type":"Polygon","coordinates":[[[-79.157,-7.428],[-79.187,-7.389],[-79.199,-7.393],[-79.254,-7.463],[-79.262,-7.505],[-79.296,-7.513],[-79.292,-7.545],[-79.311,-7.578],[-79.336,-7.582],[-79.358,-7.559],[-79.386,-7.598],[-79.456,-7.637],[-79.435,-7.691],[-79.466,-7.712],[-79.39,-7.791],[-79.374,-7.844],[-79.308,-7.925],[-79.211,-7.999],[-79.126,-7.937],[-79.106,-7.982],[-79.04,-7.988],[-78.985,-7.893],[-78.955,-7.903],[-78.903,-7.887],[-78.881,-7.837],[-78.816,-7.796],[-78.89,-7.772],[-78.888,-7.752],[-78.914,-7.718],[-78.896,-7.645],[-78.815,-7.64],[-78.794,-7.62],[-78.799,-7.587],[-78.823,-7.575],[-78.838,-7.59],[-78.918,-7.603],[-78.962,-7.658],[-78.993,-7.661],[-79.041,-7.6],[-79.039,-7.562],[-79.06,-7.547],[-79.072,-7.505],[-79.065,-7.473],[-79.157,-7.428]]]},"properties":{"OBJECTID":1602,"CD_PROV":"1302","CD_DEPA":"13","NM_PROV":"ASCOPE","NM_DEPA":"LA LIBERTAD","FEC_ING":"26/12/2024","GLOBALID":"{D7B1619D-FE50-4E4B-A46C-97ED60BA4E47}","SHAPE.AREA":0.216513585052066,"SHAPE.LEN":2.6446573101776401}},{"type":"Feature","id":1603,"geometry":{"type":"Polygon","coordinates":[[[-77.758,-6.966],[-77.779,-6.941],[-77.802,-6.966],[-77.834,-6.957],[-77.842,-6.977],[-77.88,-6.963],[-77.929,-6.987],[-77.986,-6.963],[-78.001,-6.988],[-77.93,-7.106],[-77.926,-7.155],[-77.898,-7.167],[-77.882,-7.221],[-77.849,-7.236],[-77.857,-7.283],[-77.833,-7.305],[-77.825,-7.379],[-77.755,-7.441],[-77.744,-7.507],[-77.698,-7.565],[-77.701,-7.594],[-77.633,-7.615],[-77.606,-7.647],[-77.546,-7.672],[-77.523,-7.633],[-77.528,-7.616],[-77.486,-7.604],[-77.497,-7.583],[-77.54,-7.577],[-77.522,-7.507],[-77.539,-7.507],[-77.56,-7.464],[-77.631,-7.414],[-77.622,-7.397],[-77.639,-7.344],[-77.628,-7.321],[-77.647,-7.242],[-77.606,-7.219],[-77.607,-7.206],[-77.641,-7.151],[-77.713,-7.108],[-77.707,-7.069],[-77.74,-7.035],[-77.758,-6.966]]]},"properties":{"OBJECTID":1603,"CD_PROV":"1303","CD_DEPA":"13","NM_PROV":"BOLIVAR","NM_DEPA":"LA LIBERTAD","FEC_ING":"26/12/2024","GLOBALID":"{AC804E1F-CBDF-4E6A-A283-081D95D17BDD}","SHAPE.AREA":0.141985405939617,"SHAPE.LEN":2.4641798973312898}},{"type":"Feature","id":1604,"geometry":{"type":"Polygon","coordinates":[[[-79.451,-6.948],[-79.478,-6.971],[-79.508,-6.97],[-79.562,-7.062],[-79.587,-7.063],[-79.691,-7.177],[-79.6,-7.286],[-79.557,-7.288],[-79.541,-7.246],[-79.509,-7.259],[-79.489,-7.221],[-79.462,-7.224],[-79.425,-7.255],[-79.404,-7.302],[-79.359,-7.325],[-79.307,-7.284],[-79.269,-7.278],[-79.276,-7.216],[-79.252,-7.198],[-79.305,-7.147],[-79.296,-7.13],[-79.33,-7.076],[-79.323,-7.026],[-79.401,-6.957],[-79.451,-6.948]]]},"properties":{"OBJECTID":1604,"CD_PROV":"1304","CD_DEPA":"13","NM_PROV":"CHEPEN","NM_DEPA":"LA LIBERTAD","FEC_ING":"26/12/2024","GLOBALID":"{674E9E9F-F8D1-4E71-89B1-12FB2510561C}","SHAPE.AREA":0.093247455265025092,"SHAPE.LEN":1.5255231368959299}},{"type":"Feature","id":1605,"geometry":{"type":"Polygon","coordinates":[[[-78.403,-7.991],[-78.467,-7.993],[-78.501,-8.027],[-78.514,-8.023],[-78.533,-8.043],[-78.538,-8.085],[-78.602,-8.061],[-78.634,-8.097],[-78.682,-8.097],[-78.682,-8.125],[-78.638,-8.13],[-78.652,-8.185],[-78.607,-8.195],[-78.596,-8.236],[-78.566,-8.25],[-78.588,-8.307],[-78.486,-8.346],[-78.495,-8.37],[-78.47,-8.387],[-78.442,-8.382],[-78.424,-8.358],[-78.413,-8.304],[-78.37,-8.307],[-78.3,-8.234],[-78.304,-8.17],[-78.324,-8.154],[-78.288,-8.063],[-78.328,-8.055],[-78.403,-7.991]]]},"properties":{"OBJECTID":1605,"CD_PROV":"1305","CD_DEPA":"13","NM_PROV":"JULCAN","NM_DEPA":"LA LIBERTAD","FEC_ING":"26/12/2024","GLOBALID":"{77FC6B67-11CA-448F-9B8E-A7E6E45E2B4E}","SHAPE.AREA":0.091020857440271094,"SHAPE.LEN":1.5472954176779499}},{"type":"Feature","id":1606,"geometry":{"type":"Polygon","coordinates":[[[-78.446,-7.634],[-78.448,-7.622],[-78.49,-7.634],[-78.455,-7.656],[-78.533,-7.721],[-78.551,-7.726],[-78.596,-7.703],[-78.601,-7.736],[-78.665,-7.797],[-78.697,-7.76],[-78.713,-7.704],[-78.792,-7.64],[-78.896,-7.645],[-78.914,-7.718],[-78.888,-7.752],[-78.89,-7.772],[-78.774,-7.802],[-78.78,-7.884],[-78.727,-7.883],[-78.732,-7.928],[-78.689,-7.947],[-78.682,-7.997],[-78.716,-8.017],[-78.706,-8.039],[-78.72,-8.05],[-78.723,-8.092],[-78.635,-8.098],[-78.602,-8.061],[-78.538,-8.085],[-78.533,-8.043],[-78.514,-8.023],[-78.501,-8.027],[-78.467,-7.993],[-78.431,-8.0],[-78.382,-7.978],[-78.366,-7.95],[-78.324,-7.93],[-78.32,-7.906],[-78.254,-7.888],[-78.252,-7.837],[-78.273,-7.797],[-78.261,-7.755],[-78.282,-7.745],[-78.276,-7.72],[-78.348,-7.686],[-78.361,-7.644],[-78.446,-7.634]]]},"properties":{"OBJECTID":1606,"CD_PROV":"1306","CD_DEPA":"13","NM_PROV":"OTUZCO","NM_DEPA":"LA LIBERTAD","FEC_ING":"26/12/2024","GLOBALID":"{C4CB1194-6914-457C-AA20-3E5FE568D90A}","SHAPE.AREA":0.170335626154345,"SHAPE.LEN":2.6063339249807096}},{"type":"Feature","id":1607,"geometry":{"type":"Polygon","coordinates":[[[-79.473,-7.23],[-79.489,-7.221],[-79.51,-7.259],[-79.541,-7.246],[-79.557,-7.288],[-79.6,-7.286],[-79.57,-7.39],[-79.589,-7.415],[-79.578,-7.46],[-79.456,-7.637],[-79.386,-7.598],[-79.358,-7.559],[-79.336,-7.582],[-79.311,-7.578],[-79.292,-7.545],[-79.296,-7.513],[-79.262,-7.505],[-79.254,-7.463],[-79.186,-7.378],[-79.231,-7.391],[-79.283,-7.349],[-79.333,-7.354],[-79.404,-7.302],[-79.429,-7.25],[-79.462,-7.224],[-79.473,-7.23]]]},"properties":{"OBJECTID":1607,"CD_PROV":"1307","CD_DEPA":"13","NM_PROV":"PACASMAYO","NM_DEPA":"LA LIBERTAD","FEC_ING":"26/12/2024","GLOBALID":"{4EF7501C-D1D8-4A04-84A7-52E7FB6CEE9C}","SHAPE.AREA":0.091060540445387791,"SHAPE.LEN":1.5369932667866699}},{"type":"Feature","id":1608,"geometry":{"type":"Polygon","coordinates":[[[-77.694,-7.594],[-77.677,-7.687],[-77.655,-7.71],[-77.669,-7.722],[-77.657,-7.796],[-77.623,-7.872],[-77.636,-7.891],[-77.624,-7.945],[-77.64,-7.961],[-77.649,-8.032],[-77.645,-8.066],[-77.619,-8.08],[-77.637,-8.108],[-77.557,-8.194],[-77.574,-8.233],[-77.531,-8.243],[-77.528,-8.267],[-77.491,-8.283],[-77.478,-8.326],[-77.459,-8.336],[-77.438,-8.422],[-77.405,-8.441],[-77.398,-8.485],[-77.335,-8.533],[-77.317,-8.53],[-77.283,-8.506],[-77.264,-8.467],[-77.186,-8.48],[-77.134,-8.44],[-77.105,-8.445],[-77.07,-8.397],[-77.034,-8.405],[-77.0,-8.382],[-76.977,-8.396],[-76.968,-8.371],[-76.927,-8.359],[-76.932,-8.343],[-76.901,-8.283],[-76.926,-8.218],[-76.907,-8.171],[-76.929,-8.139],[-76.985,-8.114],[-77.024,-8.049],[-77.111,-8.025],[-77.151,-8.032],[-77.232,-8.012],[-77.26,-8.048],[-77.297,-8.063],[-77.373,-8.065],[-77.386,-8.055],[-77.375,-8.032],[-77.407,-7.993],[-77.377,-7.909],[-77.411,-7.901],[-77.443,-7.814],[-77.525,-7.768],[-77.461,-7.679],[-77.498,-7.686],[-77.518,-7.654],[-77.559,-7.674],[-77.633,-7.615],[-77.694,-7.594]]]},"properties":{"OBJECTID":1608,"CD_PROV":"1308","CD_DEPA":"13","NM_PROV":"PATAZ","NM_DEPA":"LA LIBERTAD","FEC_ING":"26/12/2024","GLOBALID":"{54E40CCA-61A6-44A6-9E11-A026422FC73B}","SHAPE.AREA":0.32754555569849603,"SHAPE.LEN":3.5841749403734799}},{"type":"Feature","id":1609,"geometry":{"type":"Polygon","coordinates":[[[-77.757,-7.479],[-77.857,-7.524],[-77.868,-7.583],[-77.922,-7.6],[-77.913,-7.626],[-77.941,-7.641],[-77.937,-7.657],[-77.96,-7.655],[-77.963,-7.674],[-78.05,-7.679],[-78.081,-7.696],[-78.128,-7.653],[-78.171,-7.713],[-78.219,-7.724],[-78.213,-7.758],[-78.261,-7.754],[-78.273,-7.797],[-78.252,-7.837],[-78.253,-7.887],[-78.215,-7.894],[-78.189,-7.941],[-78.147,-7.933],[-78.133,-7.957],[-78.071,-7.944],[-78.032,-7.907],[-78.007,-7.981],[-77.986,-7.982],[-77.972,-8.013],[-77.961,-7.971],[-77.92,-8.0],[-77.838,-7.975],[-77.804,-8.008],[-77.756,-8.003],[-77.713,-7.958],[-77.691,-7.976],[-77.641,-7.983],[-77.624,-7.945],[-77.636,-7.891],[-77.623,-7.872],[-77.657,-7.796],[-77.669,-7.722],[-77.655,-7.71],[-77.677,-7.687],[-77.698,-7.565],[-77.757,-7.479]]]},"properties":{"OBJECTID":1609,"CD_PROV":"1309","CD_DEPA":"13","NM_PROV":"SANCHEZ CARRION","NM_DEPA":"LA LIBERTAD","FEC_ING":"26/12/2024","GLOBALID":"{74CA5819-19BE-4E5C-8BF8-AB4CD7810E78}","SHAPE.AREA":0.204733200520544,"SHAPE.LEN":2.5574565187430895}},{"type":"Feature","id":1610,"geometry":{"type":"Polygon","coordinates":[[[-78.241,-7.884],[-78.303,-7.894],[-78.328,-7.934],[-78.406,-7.99],[-78.328,-8.055],[-78.288,-8.064],[-78.324,-8.154],[-78.304,-8.17],[-78.301,-8.236],[-78.37,-8.307],[-78.413,-8.304],[-78.43,-8.374],[-78.407,-8.412],[-78.374,-8.404],[-78.375,-8.46],[-78.343,-8.484],[-78.333,-8.467],[-78.262,-8.469],[-78.281,-8.511],[-78.266,-8.537],[-78.29,-8.549],[-78.236,-8.653],[-78.201,-8.623],[-78.194,-8.6],[-78.217,-8.557],[-78.157,-8.479],[-78.137,-8.369],[-78.108,-8.338],[-78.119,-8.314],[-78.037,-8.256],[-78.019,-8.224],[-77.933,-8.197],[-77.897,-8.063],[-77.718,-8.073],[-77.648,-8.05],[-77.64,-7.989],[-77.713,-7.958],[-77.756,-8.003],[-77.804,-8.008],[-77.838,-7.975],[-77.92,-8.0],[-77.961,-7.971],[-77.972,-8.013],[-77.986,-7.982],[-78.007,-7.981],[-78.032,-7.907],[-78.071,-7.944],[-78.133,-7.957],[-78.147,-7.933],[-78.191,-7.94],[-78.212,-7.897],[-78.241,-7.884]]]},"properties":{"OBJECTID":1610,"CD_PROV":"1310","CD_DEPA":"13","NM_PROV":"SANTIAGO DE CHUCO","NM_DEPA":"LA LIBERTAD","FEC_ING":"26/12/2024","GLOBALID":"{9663488C-CA26-4AC2-8B01-2C339E932744}","SHAPE.AREA":0.21904342068839502,"SHAPE.LEN":3.4902360138825297}},{"type":"Feature","id":1611,"geometry":{"type":"Polygon","coordinates":[[[-78.79,-7.395],[-78.885,-7.481],[-78.851,-7.522],[-78.913,-7.551],[-78.944,-7.621],[-78.807,-7.574],[-78.794,-7.608],[-78.803,-7.638],[-78.713,-7.704],[-78.697,-7.76],[-78.665,-7.797],[-78.601,-7.736],[-78.596,-7.703],[-78.551,-7.726],[-78.533,-7.721],[-78.455,-7.657],[-78.49,-7.634],[-78.448,-7.622],[-78.442,-7.641],[-78.376,-7.64],[-78.378,-7.594],[-78.357,-7.573],[-78.361,-7.53],[-78.349,-7.511],[-78.326,-7.51],[-78.328,-7.497],[-78.416,-7.485],[-78.491,-7.555],[-78.625,-7.549],[-78.65,-7.528],[-78.628,-7.453],[-78.664,-7.404],[-78.734,-7.421],[-78.76,-7.402],[-78.781,-7.424],[-78.79,-7.395]]]},"properties":{"OBJECTID":1611,"CD_PROV":"1311","CD_DEPA":"13","NM_PROV":"GRAN CHIMU","NM_DEPA":"LA LIBERTAD","FEC_ING":"26/12/2024","GLOBALID":"{C7C7AFAE-F1E7-49ED-9FEC-D8C17D7444F8}","SHAPE.AREA":0.10556094469944401,"SHAPE.LEN":2.2668175421452701}},{"type":"Feature","id":1612,"geometry":{"type":"Polygon","coordinates":[[[-78.649,-8.148],[-78.669,-8.141],[-78.772,-8.176],[-78.782,-8.21],[-78.842,-8.191],[-78.837,-8.229],[-78.803,-8.251],[-78.817,-8.31],[-78.883,-8.344],[-78.901,-8.371],[-78.901,-8.414],[-78.936,-8.429],[-78.761,-8.595],[-78.737,-8.712],[-78.761,-8.774],[-78.654,-8.91],[-78.645,-8.969],[-78.63,-8.971],[-78.59,-8.943],[-78.576,-8.889],[-78.588,-8.859],[-78.552,-8.775],[-78.438,-8.733],[-78.355,-8.673],[-78.236,-8.653],[-78.29,-8.549],[-78.266,-8.537],[-78.281,-8.511],[-78.262,-8.469],[-78.333,-8.467],[-78.343,-8.484],[-78.375,-8.46],[-78.374,-8.404],[-78.407,-8.412],[-78.43,-8.36],[-78.442,-8.382],[-78.472,-8.387],[-78.495,-8.37],[-78.486,-8.346],[-78.588,-8.308],[-78.566,-8.25],[-78.596,-8.236],[-78.607,-8.195],[-78.652,-8.185],[-78.637,-8.154],[-78.649,-8.148]]]},"properties":{"OBJECTID":1612,"CD_PROV":"1312","CD_DEPA":"13","NM_PROV":"VIRU","NM_DEPA":"LA LIBERTAD","FEC_ING":"26/12/2024","GLOBALID":"{61D88E1D-7FC3-4551-A20A-1EDE3F2FAE4E}","SHAPE.AREA":0.26141238081925999,"SHAPE.LEN":2.9841595143444302}},{"type":"Feature","id":1613,"geometry":{"type":"Polygon","coordinates":[[[-79.424,-6.489],[-79.439,-6.482],[-79.492,-6.521],[-79.562,-6.504],[-79.624,-6.513],[-79.641,-6.531],[-79.642,-6.571],[-79.59,-6.632],[-79.625,-6.652],[-79.625,-6.702],[-79.658,-6.696],[-79.664,-6.715],[-79.7,-6.678],[-79.73,-6.689],[-79.781,-6.68],[-79.831,-6.723],[-79.894,-6.729],[-79.942,-6.82],[-79.932,-6.873],[-79.686,-7.12],[-79.691,-7.177],[-79.587,-7.063],[-79.562,-7.062],[-79.508,-6.97],[-79.469,-6.967],[-79.455,-6.946],[-79.401,-6.957],[-79.321,-7.025],[-79.297,-7.001],[-79.311,-6.901],[-79.263,-6.859],[-79.225,-6.858],[-79.207,-6.821],[-79.121,-6.778],[-79.143,-6.7],[-79.188,-6.717],[-79.229,-6.671],[-79.296,-6.676],[-79.304,-6.652],[-79.362,-6.635],[-79.336,-6.602],[-79.361,-6.569],[-79.37,-6.521],[-79.419,-6.537],[-79.424,-6.489]]]},"properties":{"OBJECTID":1613,"CD_PROV":"1401","CD_DEPA":"14","NM_PROV":"CHICLAYO","NM_DEPA":"LAMBAYEQUE","FEC_ING":"26/12/2024","GLOBALID":"{DC863F5A-ECB1-4F14-9C51-B954C1193C31}","SHAPE.AREA":0.27294198640327505,"SHAPE.LEN":3.0390147899835598}},{"type":"Feature","id":1614,"geometry":{"type":"Polygon","coordinates":[[[-79.351,-5.979],[-79.396,-5.977],[-79.421,-6.011],[-79.403,-6.034],[-79.407,-6.084],[-79.432,-6.14],[-79.402,-6.174],[-79.436,-6.212],[-79.437,-6.24],[-79.472,-6.269],[-79.478,-6.321],[-79.543,-6.355],[-79.528,-6.4],[-79.612,-6.424],[-79.652,-6.455],[-79.803,-6.435],[-79.806,-6.464],[-79.787,-6.476],[-79.824,-6.497],[-79.814,-6.524],[-79.851,-6.643],[-79.835,-6.662],[-79.731,-6.689],[-79.7,-6.678],[-79.664,-6.715],[-79.658,-6.696],[-79.625,-6.702],[-79.625,-6.652],[-79.61,-6.655],[-79.59,-6.631],[-79.641,-6.573],[-79.641,-6.531],[-79.581,-6.504],[-79.492,-6.521],[-79.426,-6.474],[-79.459,-6.372],[-79.428,-6.317],[-79.388,-6.298],[-79.353,-6.304],[-79.329,-6.266],[-79.3,-6.267],[-79.279,-6.229],[-79.25,-6.225],[-79.273,-6.148],[-79.235,-6.094],[-79.198,-6.1],[-79.181,-6.086],[-79.189,-6.059],[-79.176,-6.038],[-79.19,-6.025],[-79.225,-6.055],[-79.241,-6.029],[-79.266,-6.025],[-79.263,-6.003],[-79.305,-5.985],[-79.322,-5.999],[-79.319,-6.043],[-79.351,-5.979]]]},"properties":{"OBJECTID":1614,"CD_PROV":"1402","CD_DEPA":"14","NM_PROV":"FERREÑAFE","NM_DEPA":"LAMBAYEQUE","FEC_ING":"26/12/2024","GLOBALID":"{5DBEFCAB-0137-4EA4-B47C-73E6B378A0E0}","SHAPE.AREA":0.12869866435769201,"SHAPE.LEN":3.0910575336003099}},{"type":"Feature","id":1615,"geometry":{"type":"Polygon","coordinates":[[[-79.884,-5.493],[-79.901,-5.481],[-79.939,-5.517],[-80.051,-5.541],[-80.07,-5.646],[-80.061,-5.684],[-80.095,-5.703],[-80.103,-5.761],[-80.092,-5.795],[-80.056,-5.816],[-80.12,-5.872],[-80.124,-5.891],[-80.171,-5.88],[-80.287,-5.921],[-80.35,-5.978],[-80.328,-6.006],[-80.388,-5.996],[-80.425,-6.028],[-80.627,-6.372],[-80.177,-6.606],[-79.995,-6.74],[-79.942,-6.82],[-79.894,-6.729],[-79.831,-6.723],[-79.781,-6.68],[-79.851,-6.643],[-79.814,-6.524],[-79.824,-6.497],[-79.787,-6.476],[-79.806,-6.462],[-79.802,-6.433],[-79.652,-6.455],[-79.612,-6.424],[-79.528,-6.4],[-79.543,-6.355],[-79.478,-6.321],[-79.472,-6.269],[-79.437,-6.24],[-79.436,-6.212],[-79.402,-6.174],[-79.432,-6.14],[-79.403,-6.034],[-79.421,-6.015],[-79.421,-5.972],[-79.362,-5.933],[-79.335,-5.894],[-79.424,-5.927],[-79.484,-5.888],[-79.554,-5.938],[-79.612,-5.941],[-79.663,-5.835],[-79.689,-5.848],[-79.736,-5.83],[-79.717,-5.74],[-79.766,-5.708],[-79.753,-5.691],[-79.768,-5.685],[-79.766,-5.662],[-79.833,-5.645],[-79.864,-5.563],[-79.854,-5.531],[-79.884,-5.493]]]},"properties":{"OBJECTID":1615,"CD_PROV":"1403","CD_DEPA":"14","NM_PROV":"LAMBAYEQUE","NM_DEPA":"LAMBAYEQUE","FEC_ING":"26/12/2024","GLOBALID":"{24C8C81E-B4E8-4F6D-8253-197AFC7E845D}","SHAPE.AREA":0.79872082276550604,"SHAPE.LEN":5.0053711852368794}},{"type":"Feature","id":1616,"geometry":{"type":"MultiPolygon","coordinates":[[[[-77.065,-11.575],[-77.107,-11.627],[-77.135,-11.627],[-77.122,-11.657],[-77.152,-11.671],[-77.155,-11.702],[-77.182,-11.686],[-77.196,-11.698],[-77.169,-11.745],[-77.178,-11.775],[-77.198,-11.768],[-77.178,-11.802],[-77.188,-11.828],[-77.127,-11.818],[-77.095,-11.875],[-77.095,-11.95],[-77.129,-11.938],[-77.11,-11.976],[-77.118,-11.995],[-77.089,-12.012],[-77.096,-12.034],[-77.078,-12.049],[-77.111,-12.08],[-77.03,-12.135],[-77.038,-12.206],[-76.855,-12.3],[-76.777,-12.393],[-76.775,-12.439],[-76.805,-12.496],[-76.784,-12.52],[-76.791,-12.503],[-76.752,-12.463],[-76.755,-12.398],[-76.676,-12.378],[-76.674,-12.32],[-76.621,-12.238],[-76.688,-12.152],[-76.679,-12.131],[-76.717,-12.1],[-76.673,-12.073],[-76.722,-12.0],[-76.661,-11.979],[-76.647,-11.953],[-76.727,-11.875],[-76.829,-11.945],[-76.85,-11.935],[-76.92,-11.959],[-76.931,-11.942],[-76.895,-11.866],[-76.937,-11.869],[-76.936,-11.834],[-76.904,-11.824],[-76.906,-11.795],[-76.851,-11.798],[-76.805,-11.756],[-76.903,-11.729],[-76.933,-11.756],[-76.961,-11.734],[-76.997,-11.752],[-77.032,-11.741],[-77.044,-11.715],[-77.024,-11.692],[-77.035,-11.652],[-77.005,-11.614],[-77.065,-11.575]]],[[[-76.797,-12.477],[-76.798,-12.477],[-76.797,-12.477],[-76.797,-12.477]]],[[[-76.799,-12.472],[-76.803,-12.476],[-76.8,-12.479],[-76.799,-12.472]]],[[[-76.781,-12.409],[-76.781,-12.409],[-76.782,-12.409],[-76.781,-12.409]]]]},"properties":{"OBJECTID":1616,"CD_PROV":"1501","CD_DEPA":"15","NM_PROV":"LIMA","NM_DEPA":"LIMA","FEC_ING":"26/12/2024","GLOBALID":"{7E036753-4F1E-4DC0-AEAB-77B435457A91}","SHAPE.AREA":0.21946308528879402,"SHAPE.LEN":4.2483550823512202}},{"type":"Feature","id":1617,"geometry":{"type":"Polygon","coordinates":[[[-77.687,-10.324],[-77.756,-10.328],[-77.75,-10.407],[-77.799,-10.477],[-77.771,-10.516],[-77.771,-10.572],[-77.8,-10.585],[-77.84,-10.568],[-77.886,-10.613],[-77.762,-10.763],[-77.744,-10.795],[-77.751,-10.819],[-77.706,-10.854],[-77.702,-10.886],[-77.596,-10.86],[-77.549,-10.89],[-77.526,-10.932],[-77.444,-10.916],[-77.462,-10.87],[-77.458,-10.81],[-77.439,-10.803],[-77.425,-10.768],[-77.387,-10.753],[-77.366,-10.714],[-77.386,-10.708],[-77.415,-10.73],[-77.436,-10.724],[-77.491,-10.746],[-77.524,-10.735],[-77.592,-10.785],[-77.563,-10.709],[-77.591,-10.646],[-77.574,-10.588],[-77.605,-10.59],[-77.62,-10.614],[-77.645,-10.583],[-77.601,-10.509],[-77.625,-10.502],[-77.71,-10.56],[-77.746,-10.558],[-77.743,-10.529],[-77.711,-10.504],[-77.687,-10.434],[-77.598,-10.381],[-77.62,-10.327],[-77.651,-10.345],[-77.687,-10.324]]]},"properties":{"OBJECTID":1617,"CD_PROV":"1502","CD_DEPA":"15","NM_PROV":"BARRANCA","NM_DEPA":"LIMA","FEC_ING":"26/12/2024","GLOBALID":"{49C86352-2858-405B-A6AF-8F7120DAA4A4}","SHAPE.AREA":0.11490450257616401,"SHAPE.LEN":2.87710710073996}},{"type":"Feature","id":1618,"geometry":{"type":"Polygon","coordinates":[[[-76.905,-10.277],[-76.936,-10.279],[-76.965,-10.305],[-77.005,-10.283],[-77.025,-10.328],[-77.072,-10.338],[-77.112,-10.405],[-77.175,-10.465],[-77.167,-10.508],[-77.191,-10.552],[-77.292,-10.556],[-77.344,-10.61],[-77.3,-10.66],[-77.247,-10.683],[-77.197,-10.687],[-77.126,-10.647],[-77.058,-10.692],[-77.026,-10.678],[-77.011,-10.696],[-76.993,-10.681],[-76.95,-10.698],[-76.878,-10.656],[-76.859,-10.597],[-76.857,-10.493],[-76.841,-10.474],[-76.823,-10.483],[-76.829,-10.43],[-76.8,-10.419],[-76.806,-10.392],[-76.832,-10.393],[-76.84,-10.363],[-76.866,-10.375],[-76.875,-10.321],[-76.905,-10.277]]]},"properties":{"OBJECTID":1618,"CD_PROV":"1503","CD_DEPA":"15","NM_PROV":"CAJATAMBO","NM_DEPA":"LIMA","FEC_ING":"26/12/2024","GLOBALID":"{9AC2F0BC-56E7-4173-B406-7C76080AADA2}","SHAPE.AREA":0.12607883768073799,"SHAPE.LEN":1.9381072152217298}},{"type":"Feature","id":1619,"geometry":{"type":"Polygon","coordinates":[[[-76.565,-11.319],[-76.597,-11.325],[-76.605,-11.349],[-76.668,-11.346],[-76.667,-11.389],[-76.695,-11.429],[-76.772,-11.42],[-76.856,-11.468],[-76.894,-11.461],[-76.892,-11.492],[-76.861,-11.514],[-76.875,-11.538],[-76.896,-11.535],[-76.924,-11.559],[-76.938,-11.55],[-76.953,-11.584],[-77.002,-11.6],[-77.035,-11.652],[-77.024,-11.692],[-77.044,-11.715],[-77.032,-11.741],[-76.997,-11.752],[-76.961,-11.734],[-76.933,-11.756],[-76.903,-11.729],[-76.804,-11.756],[-76.752,-11.731],[-76.739,-11.697],[-76.574,-11.632],[-76.536,-11.561],[-76.545,-11.519],[-76.497,-11.459],[-76.455,-11.463],[-76.401,-11.507],[-76.377,-11.501],[-76.377,-11.444],[-76.394,-11.445],[-76.412,-11.416],[-76.402,-11.401],[-76.43,-11.346],[-76.565,-11.319]]]},"properties":{"OBJECTID":1619,"CD_PROV":"1504","CD_DEPA":"15","NM_PROV":"CANTA","NM_DEPA":"LIMA","FEC_ING":"26/12/2024","GLOBALID":"{39BBDDFB-5068-456A-9722-A6AE017340BD}","SHAPE.AREA":0.14382868581024102,"SHAPE.LEN":2.2557921792750899}},{"type":"Feature","id":1620,"geometry":{"type":"Polygon","coordinates":[[[-76.55,-12.282],[-76.587,-12.296],[-76.609,-12.37],[-76.664,-12.358],[-76.683,-12.382],[-76.755,-12.398],[-76.752,-12.463],[-76.791,-12.506],[-76.734,-12.548],[-76.672,-12.628],[-76.656,-12.699],[-76.631,-12.721],[-76.638,-12.745],[-76.519,-12.85],[-76.506,-12.926],[-76.516,-12.955],[-76.483,-13.019],[-76.49,-13.03],[-76.243,-13.323],[-76.203,-13.302],[-76.155,-13.192],[-75.969,-13.041],[-75.957,-12.97],[-75.973,-12.924],[-76.004,-12.922],[-75.993,-12.896],[-76.008,-12.853],[-76.002,-12.84],[-75.959,-12.849],[-75.943,-12.802],[-75.984,-12.782],[-75.999,-12.757],[-76.022,-12.789],[-76.077,-12.786],[-76.099,-12.802],[-76.14,-12.792],[-76.154,-12.838],[-76.177,-12.854],[-76.199,-12.813],[-76.241,-12.791],[-76.247,-12.756],[-76.283,-12.752],[-76.296,-12.734],[-76.288,-12.654],[-76.27,-12.645],[-76.252,-12.59],[-76.288,-12.587],[-76.323,-12.528],[-76.367,-12.533],[-76.34,-12.495],[-76.332,-12.442],[-76.314,-12.431],[-76.345,-12.388],[-76.346,-12.338],[-76.388,-12.318],[-76.453,-12.404],[-76.483,-12.41],[-76.527,-12.366],[-76.55,-12.282]]]},"properties":{"OBJECTID":1620,"CD_PROV":"1505","CD_DEPA":"15","NM_PROV":"CAÑETE","NM_DEPA":"LIMA","FEC_ING":"26/12/2024","GLOBALID":"{9ABAEA2F-E286-4F35-8F2C-D00AE7FD2C7E}","SHAPE.AREA":0.37623400604527901,"SHAPE.LEN":3.9250869300072897}},{"type":"Feature","id":1621,"geometry":{"type":"Polygon","coordinates":[[[-76.567,-11.016],[-76.735,-11.065],[-76.742,-11.037],[-76.766,-11.035],[-76.826,-11.104],[-76.943,-11.078],[-77.02,-11.135],[-77.046,-11.138],[-77.052,-11.096],[-77.076,-11.092],[-77.086,-11.181],[-77.06,-11.195],[-77.058,-11.233],[-77.078,-11.277],[-77.131,-11.298],[-77.164,-11.366],[-77.225,-11.342],[-77.244,-11.303],[-77.303,-11.274],[-77.333,-11.343],[-77.324,-11.385],[-77.37,-11.415],[-77.383,-11.447],[-77.305,-11.512],[-77.271,-11.572],[-77.283,-11.587],[-77.208,-11.648],[-77.197,-11.697],[-77.182,-11.686],[-77.155,-11.702],[-77.152,-11.671],[-77.122,-11.657],[-77.135,-11.627],[-77.107,-11.627],[-77.077,-11.577],[-77.046,-11.579],[-77.005,-11.613],[-77.0,-11.598],[-76.946,-11.579],[-76.938,-11.55],[-76.924,-11.559],[-76.896,-11.535],[-76.875,-11.538],[-76.86,-11.504],[-76.892,-11.492],[-76.893,-11.461],[-76.856,-11.468],[-76.772,-11.42],[-76.695,-11.429],[-76.667,-11.389],[-76.668,-11.346],[-76.603,-11.348],[-76.58,-11.313],[-76.483,-11.344],[-76.457,-11.334],[-76.479,-11.291],[-76.457,-11.273],[-76.491,-11.247],[-76.492,-11.189],[-76.519,-11.118],[-76.496,-11.11],[-76.491,-11.089],[-76.533,-11.034],[-76.567,-11.016]]]},"properties":{"OBJECTID":1621,"CD_PROV":"1506","CD_DEPA":"15","NM_PROV":"HUARAL","NM_DEPA":"LIMA","FEC_ING":"26/12/2024","GLOBALID":"{C1319DA2-B021-4877-B269-ECAFEAA01C47}","SHAPE.AREA":0.30397952497175001,"SHAPE.LEN":3.5919827991317499}},{"type":"Feature","id":1622,"geometry":{"type":"Polygon","coordinates":[[[-76.477,-11.466],[-76.497,-11.459],[-76.545,-11.519],[-76.536,-11.561],[-76.575,-11.632],[-76.739,-11.697],[-76.752,-11.731],[-76.851,-11.798],[-76.906,-11.795],[-76.904,-11.824],[-76.936,-11.834],[-76.942,-11.861],[-76.895,-11.866],[-76.931,-11.942],[-76.918,-11.96],[-76.85,-11.935],[-76.829,-11.945],[-76.727,-11.875],[-76.669,-11.921],[-76.648,-11.967],[-76.722,-12.0],[-76.674,-12.074],[-76.717,-12.1],[-76.679,-12.131],[-76.688,-12.152],[-76.621,-12.236],[-76.682,-12.354],[-76.607,-12.369],[-76.589,-12.3],[-76.556,-12.276],[-76.516,-12.386],[-76.481,-12.41],[-76.435,-12.387],[-76.388,-12.318],[-76.346,-12.338],[-76.3,-12.257],[-76.272,-12.302],[-76.25,-12.3],[-76.215,-12.263],[-76.171,-12.259],[-76.099,-12.207],[-76.069,-12.207],[-76.086,-12.16],[-76.057,-12.133],[-76.073,-12.109],[-76.02,-12.064],[-75.993,-11.995],[-76.053,-11.948],[-76.052,-11.891],[-76.118,-11.804],[-76.199,-11.737],[-76.208,-11.7],[-76.193,-11.673],[-76.205,-11.66],[-76.188,-11.643],[-76.197,-11.622],[-76.18,-11.613],[-76.191,-11.589],[-76.229,-11.554],[-76.298,-11.596],[-76.304,-11.568],[-76.35,-11.542],[-76.351,-11.52],[-76.373,-11.502],[-76.401,-11.507],[-76.455,-11.463],[-76.477,-11.466]]]},"properties":{"OBJECTID":1622,"CD_PROV":"1507","CD_DEPA":"15","NM_PROV":"HUAROCHIRI","NM_DEPA":"LIMA","FEC_ING":"26/12/2024","GLOBALID":"{985A3DB8-4ECA-491A-8E44-66F1871496F8}","SHAPE.AREA":0.47596716893796298,"SHAPE.LEN":4.2449521688182399}},{"type":"Feature","id":1623,"geometry":{"type":"Polygon","coordinates":[[[-77.346,-10.608],[-77.404,-10.687],[-77.366,-10.721],[-77.458,-10.81],[-77.462,-10.87],[-77.444,-10.916],[-77.526,-10.932],[-77.549,-10.89],[-77.596,-10.86],[-77.702,-10.886],[-77.658,-10.947],[-77.647,-10.998],[-77.662,-11.013],[-77.633,-11.055],[-77.634,-11.094],[-77.613,-11.112],[-77.62,-11.127],[-77.593,-11.178],[-77.602,-11.214],[-77.647,-11.222],[-77.648,-11.303],[-77.384,-11.447],[-77.37,-11.415],[-77.325,-11.387],[-77.331,-11.334],[-77.303,-11.274],[-77.244,-11.303],[-77.225,-11.342],[-77.164,-11.366],[-77.131,-11.298],[-77.076,-11.275],[-77.057,-11.231],[-77.06,-11.195],[-77.086,-11.181],[-77.076,-11.092],[-77.052,-11.096],[-77.046,-11.138],[-77.02,-11.135],[-76.943,-11.078],[-76.826,-11.104],[-76.766,-11.035],[-76.742,-11.037],[-76.735,-11.065],[-76.577,-11.017],[-76.582,-10.985],[-76.565,-10.964],[-76.588,-10.845],[-76.654,-10.882],[-76.698,-10.88],[-76.744,-10.935],[-76.791,-10.925],[-76.89,-10.844],[-76.962,-10.862],[-77.079,-11.014],[-77.118,-10.998],[-77.139,-11.011],[-77.196,-10.955],[-77.194,-10.93],[-77.168,-10.919],[-77.156,-10.855],[-77.188,-10.803],[-77.16,-10.765],[-77.042,-10.738],[-77.008,-10.7],[-77.025,-10.678],[-77.056,-10.692],[-77.084,-10.667],[-77.105,-10.672],[-77.126,-10.647],[-77.197,-10.687],[-77.249,-10.683],[-77.3,-10.66],[-77.346,-10.608]]]},"properties":{"OBJECTID":1623,"CD_PROV":"1508","CD_DEPA":"15","NM_PROV":"HUAURA","NM_DEPA":"LIMA","FEC_ING":"26/12/2024","GLOBALID":"{9955CF6D-4984-49D4-B7EA-A2D1C76AC77E}","SHAPE.AREA":0.40732786265422699,"SHAPE.LEN":5.0809772191400899}},{"type":"Feature","id":1624,"geometry":{"type":"Polygon","coordinates":[[[-76.8,-10.419],[-76.829,-10.43],[-76.823,-10.483],[-76.841,-10.474],[-76.857,-10.493],[-76.859,-10.597],[-76.878,-10.656],[-76.95,-10.698],[-76.995,-10.681],[-77.042,-10.738],[-77.14,-10.756],[-77.178,-10.779],[-77.188,-10.805],[-77.174,-10.809],[-77.156,-10.855],[-77.168,-10.919],[-77.194,-10.93],[-77.196,-10.955],[-77.139,-11.011],[-77.118,-10.998],[-77.079,-11.014],[-76.962,-10.862],[-76.89,-10.844],[-76.791,-10.925],[-76.744,-10.935],[-76.698,-10.88],[-76.654,-10.882],[-76.588,-10.845],[-76.633,-10.785],[-76.628,-10.766],[-76.671,-10.678],[-76.656,-10.647],[-76.686,-10.581],[-76.704,-10.589],[-76.729,-10.476],[-76.772,-10.464],[-76.8,-10.44],[-76.8,-10.419]]]},"properties":{"OBJECTID":1624,"CD_PROV":"1509","CD_DEPA":"15","NM_PROV":"OYON","NM_DEPA":"LIMA","FEC_ING":"26/12/2024","GLOBALID":"{37F83D40-4EA0-4F0E-9777-B7F3FCF552CA}","SHAPE.AREA":0.15525396782904,"SHAPE.LEN":2.4212959647422596}},{"type":"Feature","id":1625,"geometry":{"type":"Polygon","coordinates":[[[-75.973,-11.984],[-75.999,-11.995],[-76.02,-12.064],[-76.073,-12.109],[-76.057,-12.133],[-76.086,-12.16],[-76.069,-12.207],[-76.099,-12.207],[-76.171,-12.259],[-76.215,-12.263],[-76.25,-12.3],[-76.272,-12.302],[-76.301,-12.258],[-76.346,-12.338],[-76.345,-12.388],[-76.314,-12.431],[-76.332,-12.442],[-76.34,-12.495],[-76.367,-12.533],[-76.323,-12.528],[-76.288,-12.587],[-76.252,-12.59],[-76.27,-12.645],[-76.288,-12.654],[-76.296,-12.734],[-76.283,-12.752],[-76.247,-12.756],[-76.241,-12.791],[-76.199,-12.813],[-76.177,-12.854],[-76.154,-12.838],[-76.14,-12.792],[-76.099,-12.802],[-76.077,-12.786],[-76.022,-12.789],[-75.996,-12.757],[-75.984,-12.782],[-75.941,-12.807],[-75.959,-12.849],[-76.002,-12.84],[-76.008,-12.853],[-75.993,-12.896],[-76.004,-12.922],[-75.973,-12.924],[-75.961,-13.001],[-75.939,-12.991],[-75.852,-13.035],[-75.827,-13.029],[-75.801,-13.06],[-75.765,-13.018],[-75.71,-13.04],[-75.67,-13.023],[-75.667,-12.997],[-75.614,-12.965],[-75.613,-12.941],[-75.636,-12.915],[-75.613,-12.859],[-75.572,-12.845],[-75.56,-12.817],[-75.53,-12.822],[-75.509,-12.783],[-75.577,-12.716],[-75.554,-12.704],[-75.551,-12.684],[-75.578,-12.654],[-75.579,-12.595],[-75.536,-12.519],[-75.567,-12.412],[-75.549,-12.364],[-75.671,-12.192],[-75.627,-12.135],[-75.635,-12.115],[-75.688,-12.082],[-75.674,-12.058],[-75.742,-12.037],[-75.766,-12.06],[-75.819,-12.014],[-75.832,-12.025],[-75.843,-12.006],[-75.885,-11.993],[-75.973,-11.984]]]},"properties":{"OBJECTID":1625,"CD_PROV":"1510","CD_DEPA":"15","NM_PROV":"YAUYOS","NM_DEPA":"LIMA","FEC_ING":"26/12/2024","GLOBALID":"{C6E8F11E-CF17-427A-B0E9-576C064F1D64}","SHAPE.AREA":0.58151718568952193,"SHAPE.LEN":4.3536636202993497}},{"type":"Feature","id":1626,"geometry":{"type":"Polygon","coordinates":[[[-75.241,-0.645],[-75.274,-0.665],[-75.249,-0.695],[-75.276,-0.721],[-75.254,-0.764],[-75.27,-0.784],[-75.242,-0.799],[-75.253,-0.837],[-75.222,-0.868],[-75.231,-0.941],[-75.189,-0.972],[-75.274,-0.97],[-75.303,-0.987],[-75.384,-0.925],[-75.559,-1.56],[-75.585,-1.549],[-75.778,-1.794],[-75.781,-1.836],[-75.746,-1.931],[-75.651,-1.946],[-75.611,-1.969],[-75.571,-1.964],[-75.536,-1.996],[-75.466,-2.007],[-75.438,-2.037],[-75.338,-2.003],[-75.288,-2.009],[-75.243,-2.1],[-75.246,-2.134],[-75.169,-2.187],[-75.172,-2.219],[-75.136,-2.286],[-75.111,-2.302],[-75.083,-2.293],[-75.017,-2.352],[-74.959,-2.37],[-74.954,-2.502],[-74.993,-2.524],[-74.962,-2.57],[-74.958,-2.615],[-74.974,-2.661],[-75.01,-2.685],[-75.01,-2.766],[-75.059,-2.962],[-75.036,-2.998],[-75.014,-3.077],[-75.017,-3.135],[-74.992,-3.19],[-74.893,-3.21],[-74.874,-3.201],[-74.82,-3.234],[-74.833,-3.281],[-74.754,-3.335],[-74.732,-3.368],[-74.717,-3.459],[-74.692,-3.451],[-74.679,-3.509],[-74.504,-3.697],[-74.472,-3.684],[-74.459,-3.705],[-74.371,-3.716],[-74.278,-3.833],[-74.212,-3.859],[-74.135,-4.0],[-74.135,-4.062],[-74.086,-4.212],[-74.059,-4.248],[-73.945,-4.325],[-73.937,-4.372],[-73.884,-4.388],[-73.834,-4.439],[-73.692,-4.44],[-73.545,-4.338],[-73.483,-4.321],[-73.468,-4.285],[-73.4,-4.239],[-73.379,-4.257],[-73.45,-4.32],[-73.42,-4.38],[-73.435,-4.448],[-73.27,-4.639],[-73.156,-4.71],[-73.06,-4.667],[-73.035,-4.633],[-73.026,-4.53],[-72.956,-4.476],[-72.906,-4.468],[-72.882,-4.487],[-72.796,-4.496],[-72.766,-4.446],[-72.757,-4.383],[-72.633,-4.398],[-72.603,-4.355],[-72.629,-4.304],[-72.54,-4.294],[-72.498,-4.319],[-72.388,-4.209],[-72.437,-4.167],[-72.396,-4.057],[-72.348,-4.006],[-72.306,-3.994],[-72.254,-3.943],[-72.283,-3.835],[-72.278,-3.742],[-72.304,-3.687],[-72.174,-3.604],[-72.148,-3.529],[-72.117,-3.501],[-72.192,-3.45],[-72.198,-3.404],[-72.274,-3.333],[-72.293,-3.293],[-72.338,-3.282],[-72.363,-3.248],[-72.407,-3.233],[-72.418,-3.177],[-72.475,-3.123],[-72.479,-3.099],[-72.553,-3.068],[-72.571,-2.891],[-72.891,-2.916],[-73.065,-2.781],[-73.127,-2.772],[-73.145,-2.709],[-73.209,-2.699],[-73.276,-2.637],[-73.36,-2.605],[-73.396,-2.535],[-73.37,-2.493],[-73.373,-2.466],[-73.517,-2.379],[-73.561,-2.368],[-73.634,-2.3],[-73.711,-2.297],[-73.732,-2.238],[-73.756,-2.218],[-73.737,-2.157],[-73.787,-2.122],[-73.807,-2.029],[-73.864,-2.019],[-73.922,-1.986],[-73.881,-1.936],[-73.88,-1.895],[-73.837,-1.849],[-73.842,-1.825],[-73.819,-1.763],[-73.824,-1.696],[-73.887,-1.683],[-73.941,-1.588],[-73.976,-1.583],[-74.006,-1.524],[-74.088,-1.521],[-74.196,-1.448],[-74.223,-1.456],[-74.404,-1.394],[-74.444,-1.398],[-74.543,-1.345],[-74.549,-1.327],[-74.589,-1.307],[-74.603,-1.255],[-74.641,-1.233],[-74.711,-1.152],[-74.76,-1.056],[-74.849,-1.021],[-74.883,-0.965],[-74.887,-0.92],[-74.954,-0.888],[-74.987,-0.819],[-75.058,-0.781],[-75.104,-0.778],[-75.131,-0.75],[-75.193,-0.737],[-75.199,-0.722],[-75.182,-0.712],[-75.231,-0.689],[-75.241,-0.645]]]},"properties":{"OBJECTID":1626,"CD_PROV":"1601","CD_DEPA":"16","NM_PROV":"MAYNAS","NM_DEPA":"LORETO","FEC_ING":"26/12/2024","GLOBALID":"{F117D847-BB68-4F54-B66B-B8BE93A1626D}","SHAPE.AREA":6.1988880370623294,"SHAPE.LEN":14.5162918866905}},{"type":"Feature","id":1627,"geometry":{"type":"Polygon","coordinates":[[[-76.308,-3.698],[-76.327,-3.683],[-76.336,-3.769],[-76.387,-3.787],[-76.381,-3.821],[-76.393,-3.853],[-76.417,-3.867],[-76.423,-3.924],[-76.392,-4.001],[-76.35,-4.044],[-76.332,-4.113],[-76.293,-4.135],[-76.311,-4.157],[-76.237,-4.186],[-76.245,-4.219],[-76.231,-4.265],[-76.298,-4.321],[-76.297,-4.341],[-76.321,-4.36],[-76.308,-4.39],[-76.335,-4.412],[-76.338,-4.436],[-76.297,-4.517],[-76.229,-4.556],[-76.247,-4.561],[-76.198,-4.623],[-76.206,-4.672],[-76.163,-4.705],[-76.167,-4.78],[-76.142,-4.798],[-76.102,-4.789],[-76.071,-4.834],[-76.026,-4.815],[-76.007,-4.852],[-75.925,-4.911],[-75.83,-4.977],[-75.755,-5.004],[-75.749,-5.038],[-75.804,-5.018],[-75.889,-5.048],[-75.919,-5.021],[-75.919,-5.084],[-75.964,-5.081],[-76.024,-5.1],[-76.183,-5.017],[-76.371,-5.032],[-76.421,-5.052],[-76.454,-4.987],[-76.447,-5.064],[-76.513,-5.131],[-76.505,-5.166],[-76.528,-5.186],[-76.509,-5.236],[-76.562,-5.234],[-76.585,-5.213],[-76.606,-5.228],[-76.576,-5.336],[-76.604,-5.335],[-76.625,-5.367],[-76.64,-5.463],[-76.66,-5.458],[-76.703,-5.492],[-76.741,-5.447],[-76.759,-5.455],[-76.76,-5.436],[-76.832,-5.499],[-76.851,-5.532],[-76.811,-5.595],[-76.843,-5.608],[-76.845,-5.639],[-76.816,-5.638],[-76.826,-5.673],[-76.81,-5.689],[-76.863,-5.695],[-76.866,-5.726],[-76.895,-5.746],[-76.844,-5.743],[-76.825,-5.757],[-76.821,-5.858],[-76.747,-5.954],[-76.75,-6.003],[-76.481,-6.014],[-76.43,-6.003],[-76.4,-5.954],[-76.315,-6.054],[-76.318,-6.086],[-76.247,-6.126],[-76.146,-6.147],[-76.088,-6.108],[-76.014,-6.084],[-75.958,-6.098],[-75.921,-6.14],[-75.838,-6.141],[-75.852,-6.102],[-75.828,-6.099],[-75.775,-6.12],[-75.771,-6.148],[-75.727,-6.144],[-75.68,-6.095],[-75.629,-6.083],[-75.621,-6.029],[-75.569,-6.0],[-75.567,-5.958],[-75.512,-5.867],[-75.539,-5.795],[-75.501,-5.74],[-75.454,-5.575],[-75.518,-5.587],[-75.609,-5.563],[-75.601,-5.533],[-75.638,-5.506],[-75.618,-5.454],[-75.652,-5.402],[-75.653,-5.364],[-75.623,-5.32],[-75.633,-5.276],[-75.595,-5.275],[-75.589,-5.252],[-75.618,-5.201],[-75.512,-5.113],[-75.47,-5.058],[-75.386,-5.053],[-75.424,-4.988],[-75.479,-4.956],[-75.604,-4.922],[-75.673,-4.925],[-75.687,-4.889],[-75.664,-4.841],[-75.726,-4.813],[-75.74,-4.738],[-75.843,-4.687],[-75.852,-4.6],[-75.892,-4.584],[-75.868,-4.43],[-75.975,-4.372],[-76.025,-4.323],[-76.03,-4.297],[-76.009,-4.258],[-76.022,-4.22],[-76.07,-4.18],[-76.061,-4.122],[-76.078,-4.049],[-76.12,-4.036],[-76.145,-3.959],[-76.204,-3.924],[-76.212,-3.835],[-76.248,-3.788],[-76.249,-3.745],[-76.276,-3.762],[-76.283,-3.708],[-76.308,-3.698]]]},"properties":{"OBJECTID":1627,"CD_PROV":"1602","CD_DEPA":"16","NM_PROV":"ALTO AMAZONAS","NM_DEPA":"LORETO","FEC_ING":"26/12/2024","GLOBALID":"{92417B09-0A4F-4725-A6E8-4193F555A7ED}","SHAPE.AREA":1.5694810797746099,"SHAPE.LEN":9.9555325735748106}},{"type":"Feature","id":1628,"geometry":{"type":"Polygon","coordinates":[[[-75.746,-1.931],[-75.779,-1.85],[-75.778,-1.794],[-76.045,-2.128],[-76.535,-2.512],[-76.503,-2.532],[-76.506,-2.583],[-76.386,-2.698],[-76.395,-2.726],[-76.365,-2.74],[-76.344,-2.8],[-76.318,-2.808],[-76.307,-2.835],[-76.317,-2.898],[-76.351,-2.946],[-76.338,-2.989],[-76.353,-3.09],[-76.389,-3.128],[-76.349,-3.166],[-76.364,-3.181],[-76.352,-3.206],[-76.367,-3.218],[-76.354,-3.236],[-76.328,-3.219],[-76.338,-3.252],[-76.27,-3.361],[-76.261,-3.475],[-76.206,-3.528],[-76.261,-3.573],[-76.234,-3.635],[-76.324,-3.685],[-76.29,-3.697],[-76.276,-3.762],[-76.249,-3.745],[-76.248,-3.788],[-76.212,-3.835],[-76.204,-3.924],[-76.145,-3.959],[-76.12,-4.036],[-76.078,-4.049],[-76.061,-4.122],[-76.07,-4.18],[-76.022,-4.22],[-76.009,-4.258],[-76.03,-4.297],[-76.025,-4.323],[-75.975,-4.372],[-75.868,-4.43],[-75.892,-4.584],[-75.852,-4.6],[-75.843,-4.687],[-75.74,-4.738],[-75.726,-4.813],[-75.664,-4.841],[-75.687,-4.889],[-75.673,-4.925],[-75.604,-4.922],[-75.581,-4.939],[-75.49,-4.951],[-75.424,-4.988],[-75.387,-5.05],[-75.47,-5.058],[-75.512,-5.113],[-75.614,-5.194],[-75.59,-5.258],[-75.597,-5.276],[-75.633,-5.276],[-75.623,-5.32],[-75.654,-5.372],[-75.652,-5.402],[-75.619,-5.451],[-75.64,-5.499],[-75.6,-5.535],[-75.611,-5.561],[-75.518,-5.587],[-75.454,-5.574],[-75.497,-5.728],[-75.437,-5.725],[-75.384,-5.689],[-75.305,-5.686],[-75.208,-5.617],[-75.182,-5.623],[-75.066,-5.499],[-75.019,-5.497],[-74.96,-5.52],[-74.902,-5.47],[-74.829,-5.454],[-74.638,-5.354],[-74.615,-5.304],[-74.573,-5.264],[-74.418,-5.207],[-74.351,-5.153],[-74.246,-5.136],[-74.179,-5.087],[-74.174,-5.035],[-74.067,-4.957],[-74.042,-4.947],[-74.0,-4.958],[-73.928,-5.01],[-73.893,-4.956],[-73.902,-4.929],[-73.874,-4.883],[-73.81,-4.843],[-73.712,-4.736],[-73.654,-4.723],[-73.582,-4.619],[-73.467,-4.519],[-73.457,-4.462],[-73.421,-4.424],[-73.422,-4.369],[-73.449,-4.315],[-73.378,-4.254],[-73.4,-4.239],[-73.468,-4.285],[-73.483,-4.321],[-73.545,-4.338],[-73.705,-4.445],[-73.822,-4.443],[-73.884,-4.388],[-73.937,-4.372],[-73.945,-4.325],[-74.059,-4.248],[-74.086,-4.212],[-74.135,-4.062],[-74.135,-4.0],[-74.212,-3.859],[-74.278,-3.833],[-74.371,-3.716],[-74.459,-3.705],[-74.472,-3.684],[-74.504,-3.697],[-74.679,-3.509],[-74.692,-3.451],[-74.717,-3.459],[-74.732,-3.368],[-74.754,-3.335],[-74.833,-3.281],[-74.82,-3.234],[-74.874,-3.201],[-74.967,-3.197],[-75.0,-3.174],[-75.018,-3.129],[-75.014,-3.076],[-75.059,-2.962],[-75.01,-2.766],[-75.01,-2.685],[-74.974,-2.661],[-74.958,-2.615],[-74.962,-2.57],[-74.993,-2.524],[-74.954,-2.502],[-74.959,-2.37],[-75.017,-2.352],[-75.083,-2.293],[-75.111,-2.302],[-75.136,-2.286],[-75.172,-2.219],[-75.169,-2.187],[-75.246,-2.134],[-75.243,-2.1],[-75.288,-2.009],[-75.338,-2.003],[-75.438,-2.037],[-75.466,-2.007],[-75.536,-1.996],[-75.571,-1.964],[-75.611,-1.969],[-75.651,-1.946],[-75.746,-1.931]],[[-74.36,-4.294],[-74.36,-4.294],[-74.36,-4.294],[-74.36,-4.294]],[[-74.326,-4.313],[-74.327,-4.313],[-74.326,-4.313],[-74.326,-4.313]]]},"properties":{"OBJECTID":1628,"CD_PROV":"1603","CD_DEPA":"16","NM_PROV":"LORETO","NM_DEPA":"LORETO","FEC_ING":"26/12/2024","GLOBALID":"{8CD57843-181B-40DA-8A8F-1DD18BCED36A}","SHAPE.AREA":5.5753028483431795,"SHAPE.LEN":13.605007841665399}},{"type":"Feature","id":1629,"geometry":{"type":"Polygon","coordinates":[[[-72.099,-2.839],[-72.181,-2.8],[-72.247,-2.839],[-72.307,-2.832],[-72.389,-2.855],[-72.432,-2.842],[-72.571,-2.891],[-72.553,-3.068],[-72.479,-3.099],[-72.475,-3.123],[-72.418,-3.177],[-72.407,-3.233],[-72.363,-3.248],[-72.338,-3.282],[-72.293,-3.293],[-72.274,-3.333],[-72.198,-3.404],[-72.192,-3.45],[-72.117,-3.501],[-72.148,-3.529],[-72.174,-3.604],[-72.304,-3.69],[-72.278,-3.742],[-72.283,-3.835],[-72.254,-3.943],[-72.306,-3.994],[-72.348,-4.006],[-72.396,-4.057],[-72.437,-4.167],[-72.388,-4.209],[-72.498,-4.319],[-72.54,-4.294],[-72.629,-4.304],[-72.603,-4.355],[-72.633,-4.398],[-72.757,-4.383],[-72.788,-4.492],[-72.823,-4.498],[-72.935,-4.467],[-73.015,-4.515],[-73.035,-4.554],[-73.035,-4.633],[-73.063,-4.67],[-73.129,-4.696],[-73.102,-4.79],[-73.236,-4.971],[-73.17,-4.998],[-73.098,-5.001],[-73.054,-5.037],[-72.985,-5.053],[-72.913,-5.12],[-72.824,-5.144],[-72.818,-5.103],[-72.786,-5.113],[-72.784,-5.093],[-72.769,-5.1],[-72.756,-5.077],[-72.74,-5.088],[-72.729,-5.052],[-72.692,-5.061],[-72.671,-5.047],[-72.657,-5.063],[-72.642,-5.045],[-72.642,-5.063],[-72.629,-5.038],[-72.621,-5.052],[-72.599,-5.0],[-72.609,-4.994],[-72.595,-4.983],[-72.583,-4.997],[-72.551,-4.955],[-72.522,-4.96],[-72.522,-4.933],[-72.497,-4.95],[-72.487,-4.934],[-72.482,-4.951],[-72.474,-4.925],[-72.451,-4.915],[-72.47,-4.891],[-72.431,-4.911],[-72.414,-4.899],[-72.421,-4.876],[-72.406,-4.889],[-72.382,-4.873],[-72.375,-4.838],[-72.389,-4.834],[-72.359,-4.824],[-72.368,-4.803],[-72.345,-4.807],[-72.338,-4.793],[-72.324,-4.813],[-72.328,-4.781],[-72.31,-4.775],[-72.306,-4.79],[-72.279,-4.771],[-72.283,-4.797],[-72.255,-4.792],[-72.256,-4.766],[-72.242,-4.781],[-72.209,-4.747],[-72.193,-4.763],[-72.193,-4.746],[-72.14,-4.712],[-72.125,-4.733],[-72.08,-4.668],[-72.06,-4.674],[-72.068,-4.659],[-72.038,-4.642],[-72.043,-4.623],[-72.006,-4.645],[-72.002,-4.629],[-71.981,-4.626],[-71.993,-4.608],[-71.947,-4.608],[-71.95,-4.581],[-71.919,-4.563],[-71.918,-4.529],[-71.885,-4.537],[-71.906,-4.515],[-71.866,-4.526],[-71.839,-4.504],[-71.83,-4.514],[-71.832,-4.496],[-71.807,-4.504],[-71.794,-4.484],[-71.783,-4.497],[-71.786,-4.482],[-71.766,-4.503],[-71.749,-4.491],[-71.751,-4.467],[-71.737,-4.496],[-71.707,-4.51],[-71.658,-4.501],[-71.654,-4.471],[-71.648,-4.503],[-71.616,-4.467],[-71.633,-4.512],[-71.603,-4.528],[-71.567,-4.506],[-71.559,-4.478],[-71.536,-4.481],[-71.536,-4.463],[-71.517,-4.461],[-71.494,-4.485],[-71.507,-4.437],[-71.483,-4.457],[-71.478,-4.434],[-71.451,-4.432],[-71.438,-4.449],[-71.437,-4.428],[-71.412,-4.436],[-71.431,-4.447],[-71.433,-4.476],[-71.39,-4.427],[-71.346,-4.426],[-71.339,-4.441],[-71.313,-4.443],[-71.309,-4.463],[-71.301,-4.445],[-71.319,-4.418],[-71.278,-4.44],[-71.261,-4.426],[-71.26,-4.395],[-71.279,-4.397],[-71.267,-4.384],[-71.229,-4.384],[-71.223,-4.407],[-71.215,-4.379],[-71.2,-4.379],[-71.194,-4.423],[-71.182,-4.394],[-71.149,-4.403],[-71.148,-4.381],[-71.116,-4.409],[-71.094,-4.374],[-71.077,-4.375],[-71.076,-4.395],[-71.048,-4.369],[-71.038,-4.4],[-71.019,-4.381],[-70.994,-4.385],[-70.995,-4.345],[-70.97,-4.377],[-70.938,-4.384],[-70.933,-4.356],[-70.915,-4.36],[-70.9,-4.326],[-70.876,-4.322],[-70.877,-4.292],[-70.846,-4.28],[-70.865,-4.252],[-70.834,-4.254],[-70.816,-4.228],[-70.844,-4.231],[-70.845,-4.219],[-70.758,-4.159],[-70.722,-4.187],[-70.69,-4.188],[-70.682,-4.207],[-70.67,-4.146],[-70.65,-4.164],[-70.643,-4.127],[-70.617,-4.13],[-70.635,-4.173],[-70.625,-4.191],[-70.564,-4.175],[-70.571,-4.211],[-70.541,-4.155],[-70.551,-4.137],[-70.509,-4.15],[-70.505,-4.2],[-70.485,-4.161],[-70.464,-4.176],[-70.455,-4.159],[-70.435,-4.162],[-70.434,-4.132],[-70.375,-4.136],[-70.339,-4.179],[-70.32,-4.143],[-70.286,-4.17],[-70.279,-4.232],[-70.309,-4.252],[-70.284,-4.273],[-70.291,-4.288],[-70.252,-4.271],[-70.245,-4.284],[-70.267,-4.294],[-70.262,-4.307],[-70.225,-4.317],[-70.214,-4.299],[-70.196,-4.361],[-70.153,-4.33],[-70.171,-4.306],[-70.156,-4.275],[-70.12,-4.285],[-70.11,-4.256],[-70.097,-4.288],[-70.041,-4.295],[-70.08,-4.312],[-70.042,-4.335],[-70.044,-4.374],[-69.97,-4.322],[-69.95,-4.282],[-69.954,-4.209],[-70.04,-4.128],[-70.068,-4.077],[-70.119,-4.043],[-70.158,-3.994],[-70.186,-3.917],[-70.247,-3.891],[-70.283,-3.825],[-70.37,-3.8],[-70.409,-3.817],[-70.45,-3.861],[-70.509,-3.876],[-70.578,-3.828],[-70.62,-3.84],[-70.653,-3.829],[-70.684,-3.794],[-70.713,-3.794],[-70.476,-3.425],[-70.53,-3.396],[-70.631,-3.417],[-70.691,-3.367],[-70.798,-3.375],[-70.871,-3.355],[-70.949,-3.314],[-70.981,-3.276],[-71.053,-3.248],[-71.068,-3.212],[-71.241,-3.224],[-71.354,-3.172],[-71.379,-3.193],[-71.438,-3.2],[-71.444,-3.166],[-71.477,-3.151],[-71.514,-3.102],[-71.66,-3.042],[-71.716,-3.045],[-71.758,-3.029],[-71.787,-2.981],[-71.787,-2.93],[-71.807,-2.911],[-71.981,-2.877],[-72.033,-2.816],[-72.099,-2.839]]]},"properties":{"OBJECTID":1629,"CD_PROV":"1604","CD_DEPA":"16","NM_PROV":"MARISCAL RAMON CASTILLA","NM_DEPA":"LORETO","FEC_ING":"26/12/2024","GLOBALID":"{8DDE269A-F963-4B62-B977-6B4A471126CC}","SHAPE.AREA":3.0565222985658296,"SHAPE.LEN":15.0885003791276}},{"type":"Feature","id":1630,"geometry":{"type":"Polygon","coordinates":[[[-73.421,-4.464],[-73.435,-4.446],[-73.456,-4.461],[-73.467,-4.519],[-73.582,-4.619],[-73.644,-4.714],[-73.712,-4.736],[-73.81,-4.843],[-73.874,-4.883],[-73.902,-4.929],[-73.893,-4.956],[-73.928,-5.01],[-74.0,-4.958],[-74.042,-4.947],[-74.067,-4.957],[-74.174,-5.035],[-74.179,-5.087],[-74.246,-5.136],[-74.351,-5.153],[-74.418,-5.207],[-74.573,-5.264],[-74.615,-5.304],[-74.638,-5.354],[-74.829,-5.454],[-74.902,-5.47],[-74.96,-5.52],[-75.019,-5.497],[-75.066,-5.499],[-75.182,-5.623],[-75.208,-5.617],[-75.326,-5.694],[-75.384,-5.689],[-75.414,-5.72],[-75.497,-5.728],[-75.539,-5.795],[-75.512,-5.867],[-75.567,-5.958],[-75.569,-6.0],[-75.529,-6.122],[-75.393,-6.082],[-75.32,-6.1],[-75.185,-6.072],[-75.138,-6.035],[-75.041,-6.004],[-74.962,-5.901],[-74.901,-5.868],[-74.848,-5.89],[-74.835,-5.92],[-74.81,-5.923],[-74.829,-5.958],[-74.787,-6.013],[-74.761,-5.999],[-74.785,-5.952],[-74.775,-5.924],[-74.69,-5.958],[-74.692,-6.034],[-74.708,-6.032],[-74.729,-6.081],[-74.776,-6.105],[-74.793,-6.162],[-74.87,-6.226],[-74.865,-6.273],[-74.894,-6.338],[-74.899,-6.406],[-74.974,-6.528],[-74.956,-6.685],[-74.901,-6.734],[-74.89,-6.853],[-74.798,-6.98],[-74.837,-7.072],[-74.877,-7.119],[-74.852,-7.158],[-74.881,-7.234],[-74.834,-7.293],[-74.72,-7.322],[-74.65,-7.304],[-74.622,-7.258],[-74.649,-7.241],[-74.641,-7.186],[-74.55,-7.166],[-74.5,-7.262],[-74.472,-7.275],[-74.464,-7.299],[-74.37,-7.317],[-74.362,-7.337],[-74.329,-7.348],[-74.255,-7.343],[-74.234,-7.36],[-74.181,-7.359],[-74.039,-7.449],[-74.036,-7.481],[-74.01,-7.515],[-73.983,-7.535],[-73.942,-7.534],[-73.91,-7.468],[-73.951,-7.358],[-73.935,-7.377],[-73.921,-7.362],[-73.904,-7.386],[-73.863,-7.389],[-73.853,-7.354],[-73.763,-7.337],[-73.753,-7.354],[-73.695,-7.312],[-73.716,-7.274],[-73.716,-7.228],[-73.752,-7.207],[-73.756,-7.172],[-73.799,-7.117],[-73.76,-7.058],[-73.761,-6.978],[-73.744,-6.964],[-73.762,-6.939],[-73.71,-6.84],[-73.666,-6.806],[-73.638,-6.754],[-73.562,-6.722],[-73.537,-6.683],[-73.391,-6.642],[-73.353,-6.593],[-73.227,-6.589],[-73.222,-6.564],[-73.207,-6.577],[-73.2,-6.547],[-73.182,-6.546],[-73.188,-6.523],[-73.17,-6.518],[-73.164,-6.531],[-73.135,-6.51],[-73.142,-6.49],[-73.111,-6.454],[-73.121,-6.432],[-73.104,-6.411],[-73.136,-6.38],[-73.161,-6.276],[-73.22,-6.22],[-73.216,-6.184],[-73.247,-6.15],[-73.248,-6.108],[-73.228,-6.077],[-73.237,-6.036],[-73.187,-6.005],[-73.187,-5.945],[-73.152,-5.868],[-73.117,-5.864],[-73.114,-5.833],[-73.089,-5.83],[-73.08,-5.801],[-73.053,-5.795],[-73.046,-5.759],[-73.019,-5.741],[-73.028,-5.733],[-73.0,-5.728],[-72.986,-5.661],[-72.959,-5.656],[-72.975,-5.62],[-72.939,-5.541],[-72.953,-5.545],[-72.961,-5.522],[-72.949,-5.481],[-72.959,-5.466],[-72.92,-5.376],[-72.891,-5.351],[-72.904,-5.334],[-72.861,-5.271],[-72.862,-5.248],[-72.873,-5.249],[-72.869,-5.179],[-72.88,-5.187],[-72.888,-5.167],[-72.855,-5.139],[-72.913,-5.12],[-72.985,-5.053],[-73.054,-5.037],[-73.098,-5.001],[-73.17,-4.998],[-73.236,-4.971],[-73.102,-4.79],[-73.129,-4.696],[-73.16,-4.708],[-73.262,-4.645],[-73.421,-4.464]]]},"properties":{"OBJECTID":1630,"CD_PROV":"1605","CD_DEPA":"16","NM_PROV":"REQUENA","NM_DEPA":"LORETO","FEC_ING":"26/12/2024","GLOBALID":"{CAB6BD41-BD31-4352-965D-9CD361768B4C}","SHAPE.AREA":4.1135072732978699,"SHAPE.LEN":13.9328517377194}},{"type":"Feature","id":1631,"geometry":{"type":"Polygon","coordinates":[[[-74.828,-5.922],[-74.848,-5.89],[-74.901,-5.868],[-74.962,-5.901],[-75.041,-6.004],[-75.138,-6.035],[-75.185,-6.072],[-75.32,-6.1],[-75.393,-6.082],[-75.529,-6.122],[-75.526,-6.165],[-75.487,-6.203],[-75.496,-6.281],[-75.55,-6.348],[-75.503,-6.552],[-75.5,-6.759],[-75.513,-6.786],[-75.617,-6.841],[-75.633,-6.843],[-75.643,-6.816],[-75.66,-6.819],[-75.701,-6.869],[-75.725,-6.851],[-75.781,-6.848],[-75.794,-6.821],[-75.814,-6.825],[-75.844,-6.797],[-75.965,-6.788],[-76.052,-6.813],[-76.011,-6.89],[-76.016,-6.914],[-76.052,-6.938],[-76.036,-6.993],[-76.008,-7.002],[-76.011,-7.078],[-76.06,-7.161],[-76.144,-7.204],[-76.167,-7.268],[-76.213,-7.31],[-76.196,-7.334],[-76.215,-7.395],[-76.167,-7.493],[-76.122,-7.526],[-76.114,-7.564],[-76.091,-7.56],[-76.08,-7.584],[-76.094,-7.61],[-76.082,-7.632],[-76.101,-7.65],[-76.102,-7.723],[-76.087,-7.729],[-76.084,-7.763],[-76.044,-7.792],[-76.008,-7.856],[-76.006,-7.891],[-75.976,-7.909],[-75.994,-7.954],[-75.967,-7.96],[-75.939,-7.946],[-75.928,-7.957],[-75.859,-7.921],[-75.829,-7.973],[-75.845,-8.06],[-75.921,-8.073],[-75.952,-8.101],[-75.934,-8.134],[-75.941,-8.186],[-75.913,-8.256],[-75.927,-8.307],[-75.986,-8.324],[-75.946,-8.399],[-75.968,-8.46],[-75.955,-8.499],[-75.971,-8.512],[-75.965,-8.58],[-75.98,-8.636],[-75.946,-8.715],[-75.891,-8.66],[-75.834,-8.652],[-75.817,-8.636],[-75.778,-8.546],[-75.799,-8.512],[-75.785,-8.494],[-75.716,-8.487],[-75.687,-8.423],[-75.618,-8.408],[-75.572,-8.445],[-75.511,-8.432],[-75.42,-8.452],[-75.477,-8.386],[-75.483,-8.345],[-75.51,-8.335],[-75.494,-8.329],[-75.503,-8.289],[-75.438,-8.195],[-75.439,-8.175],[-75.398,-8.168],[-75.376,-8.139],[-75.346,-8.129],[-75.324,-8.139],[-75.288,-8.125],[-75.235,-8.151],[-75.189,-8.079],[-75.186,-8.018],[-75.149,-8.002],[-75.144,-7.979],[-75.033,-7.95],[-74.982,-7.969],[-74.884,-8.084],[-74.779,-8.042],[-74.728,-7.981],[-74.668,-7.946],[-74.628,-7.94],[-74.57,-7.816],[-74.517,-7.784],[-74.52,-7.761],[-74.558,-7.748],[-74.571,-7.728],[-74.584,-7.698],[-74.576,-7.637],[-74.645,-7.554],[-74.643,-7.5],[-74.616,-7.435],[-74.58,-7.41],[-74.536,-7.294],[-74.501,-7.264],[-74.515,-7.218],[-74.541,-7.2],[-74.539,-7.177],[-74.552,-7.166],[-74.64,-7.184],[-74.649,-7.241],[-74.624,-7.247],[-74.625,-7.27],[-74.65,-7.304],[-74.708,-7.322],[-74.834,-7.293],[-74.881,-7.234],[-74.852,-7.158],[-74.877,-7.119],[-74.837,-7.072],[-74.798,-6.98],[-74.89,-6.853],[-74.901,-6.734],[-74.956,-6.685],[-74.974,-6.528],[-74.899,-6.406],[-74.894,-6.338],[-74.865,-6.273],[-74.87,-6.226],[-74.793,-6.162],[-74.776,-6.105],[-74.729,-6.081],[-74.708,-6.032],[-74.692,-6.033],[-74.693,-5.951],[-74.779,-5.927],[-74.785,-5.952],[-74.761,-5.997],[-74.782,-6.015],[-74.829,-5.959],[-74.808,-5.929],[-74.828,-5.922]]]},"properties":{"OBJECTID":1631,"CD_PROV":"1606","CD_DEPA":"16","NM_PROV":"UCAYALI","NM_DEPA":"LORETO","FEC_ING":"26/12/2024","GLOBALID":"{A8C5DB49-DCFB-497C-BCA7-59D2F9D9534C}","SHAPE.AREA":2.43238822819057,"SHAPE.LEN":10.879411413840099}},{"type":"Feature","id":1632,"geometry":{"type":"Polygon","coordinates":[[[-76.498,-2.593],[-76.503,-2.532],[-76.535,-2.512],[-76.637,-2.592],[-77.808,-2.986],[-77.817,-3.001],[-77.788,-3.075],[-77.773,-3.429],[-77.715,-3.515],[-77.716,-3.542],[-77.667,-3.572],[-77.643,-3.619],[-77.62,-3.622],[-77.616,-3.708],[-77.652,-3.781],[-77.561,-3.876],[-77.569,-3.893],[-77.538,-3.962],[-77.548,-4.105],[-77.586,-4.251],[-77.568,-4.421],[-77.589,-4.48],[-77.641,-4.497],[-77.655,-4.519],[-77.653,-4.575],[-77.673,-4.63],[-77.79,-4.745],[-77.799,-4.825],[-77.76,-4.909],[-77.758,-4.95],[-77.825,-5.032],[-77.812,-5.056],[-77.821,-5.089],[-77.774,-5.097],[-77.695,-5.165],[-77.74,-5.212],[-77.699,-5.254],[-77.684,-5.296],[-77.698,-5.409],[-77.672,-5.409],[-77.595,-5.464],[-77.558,-5.426],[-77.492,-5.52],[-77.504,-5.556],[-77.473,-5.555],[-77.462,-5.584],[-77.437,-5.592],[-77.372,-5.567],[-77.337,-5.604],[-77.28,-5.601],[-77.266,-5.614],[-77.232,-5.595],[-77.202,-5.634],[-77.179,-5.641],[-77.142,-5.625],[-77.127,-5.651],[-76.996,-5.667],[-76.973,-5.699],[-76.895,-5.746],[-76.866,-5.726],[-76.863,-5.695],[-76.81,-5.689],[-76.826,-5.673],[-76.816,-5.638],[-76.845,-5.639],[-76.843,-5.608],[-76.811,-5.595],[-76.851,-5.532],[-76.832,-5.499],[-76.76,-5.436],[-76.759,-5.455],[-76.741,-5.447],[-76.703,-5.492],[-76.66,-5.458],[-76.64,-5.463],[-76.625,-5.367],[-76.604,-5.335],[-76.576,-5.336],[-76.606,-5.228],[-76.585,-5.213],[-76.562,-5.234],[-76.509,-5.236],[-76.528,-5.186],[-76.505,-5.166],[-76.513,-5.131],[-76.447,-5.064],[-76.454,-4.987],[-76.421,-5.052],[-76.371,-5.032],[-76.183,-5.017],[-76.024,-5.1],[-75.964,-5.081],[-75.919,-5.084],[-75.919,-5.021],[-75.889,-5.048],[-75.804,-5.018],[-75.749,-5.038],[-75.755,-5.004],[-75.83,-4.977],[-75.925,-4.911],[-76.007,-4.852],[-76.026,-4.815],[-76.071,-4.834],[-76.102,-4.789],[-76.142,-4.798],[-76.167,-4.78],[-76.163,-4.705],[-76.206,-4.672],[-76.198,-4.623],[-76.247,-4.561],[-76.229,-4.556],[-76.297,-4.517],[-76.338,-4.436],[-76.335,-4.412],[-76.308,-4.39],[-76.32,-4.356],[-76.297,-4.341],[-76.297,-4.319],[-76.234,-4.271],[-76.228,-4.247],[-76.245,-4.219],[-76.238,-4.184],[-76.311,-4.157],[-76.293,-4.135],[-76.332,-4.114],[-76.351,-4.043],[-76.414,-3.962],[-76.418,-3.871],[-76.391,-3.849],[-76.386,-3.786],[-76.331,-3.761],[-76.327,-3.683],[-76.234,-3.635],[-76.261,-3.573],[-76.206,-3.528],[-76.261,-3.475],[-76.27,-3.361],[-76.338,-3.252],[-76.328,-3.219],[-76.354,-3.236],[-76.367,-3.218],[-76.352,-3.206],[-76.364,-3.181],[-76.349,-3.166],[-76.389,-3.128],[-76.353,-3.09],[-76.338,-2.989],[-76.351,-2.946],[-76.317,-2.898],[-76.307,-2.835],[-76.318,-2.808],[-76.344,-2.8],[-76.365,-2.74],[-76.395,-2.726],[-76.386,-2.698],[-76.471,-2.604],[-76.498,-2.593]],[[-77.433,-4.32],[-77.433,-4.319],[-77.433,-4.32],[-77.433,-4.32]]]},"properties":{"OBJECTID":1632,"CD_PROV":"1607","CD_DEPA":"16","NM_PROV":"DATEM DEL MARAÑON","NM_DEPA":"LORETO","FEC_ING":"26/12/2024","GLOBALID":"{290945AE-3CE3-4D1A-8E7E-188FB0600D32}","SHAPE.AREA":3.8815559353539597,"SHAPE.LEN":11.495528459120401}},{"type":"Feature","id":1633,"geometry":{"type":"Polygon","coordinates":[[[-75.174,-0.042],[-75.217,-0.046],[-75.226,-0.088],[-75.288,-0.154],[-75.313,-0.16],[-75.353,-0.164],[-75.364,-0.146],[-75.368,-0.163],[-75.407,-0.17],[-75.516,-0.114],[-75.569,-0.131],[-75.606,-0.109],[-75.611,-0.193],[-75.548,-0.178],[-75.515,-0.196],[-75.482,-0.237],[-75.458,-0.329],[-75.388,-0.434],[-75.349,-0.464],[-75.325,-0.453],[-75.313,-0.494],[-75.27,-0.503],[-75.264,-0.533],[-75.242,-0.523],[-75.244,-0.547],[-75.227,-0.551],[-75.224,-0.571],[-75.24,-0.602],[-75.223,-0.624],[-75.241,-0.657],[-75.23,-0.69],[-75.182,-0.711],[-75.197,-0.733],[-74.987,-0.819],[-74.954,-0.888],[-74.887,-0.92],[-74.883,-0.965],[-74.849,-1.021],[-74.758,-1.058],[-74.711,-1.152],[-74.589,-1.272],[-74.586,-1.31],[-74.494,-1.378],[-74.464,-1.376],[-74.444,-1.398],[-74.404,-1.394],[-74.223,-1.456],[-74.201,-1.446],[-74.092,-1.519],[-74.006,-1.524],[-73.976,-1.583],[-73.941,-1.588],[-73.887,-1.683],[-73.824,-1.696],[-73.819,-1.763],[-73.842,-1.825],[-73.838,-1.851],[-73.879,-1.893],[-73.881,-1.936],[-73.923,-1.984],[-73.864,-2.019],[-73.807,-2.029],[-73.787,-2.122],[-73.737,-2.157],[-73.757,-2.213],[-73.732,-2.238],[-73.716,-2.291],[-73.634,-2.3],[-73.561,-2.368],[-73.406,-2.44],[-73.369,-2.475],[-73.396,-2.535],[-73.36,-2.605],[-73.276,-2.637],[-73.209,-2.699],[-73.145,-2.709],[-73.127,-2.772],[-73.065,-2.781],[-72.891,-2.916],[-72.544,-2.888],[-72.432,-2.842],[-72.389,-2.855],[-72.307,-2.832],[-72.251,-2.84],[-72.181,-2.8],[-72.099,-2.839],[-72.033,-2.816],[-71.981,-2.877],[-71.803,-2.914],[-71.786,-2.933],[-71.785,-2.988],[-71.758,-3.029],[-71.716,-3.045],[-71.66,-3.042],[-71.514,-3.102],[-71.477,-3.151],[-71.444,-3.166],[-71.438,-3.2],[-71.379,-3.193],[-71.354,-3.172],[-71.241,-3.224],[-71.068,-3.212],[-71.053,-3.248],[-70.981,-3.276],[-70.949,-3.314],[-70.871,-3.355],[-70.798,-3.375],[-70.691,-3.367],[-70.631,-3.417],[-70.53,-3.396],[-70.476,-3.425],[-70.073,-2.791],[-70.058,-2.758],[-70.066,-2.683],[-70.086,-2.649],[-70.133,-2.703],[-70.161,-2.688],[-70.154,-2.657],[-70.166,-2.636],[-70.18,-2.634],[-70.195,-2.659],[-70.215,-2.65],[-70.248,-2.549],[-70.27,-2.545],[-70.312,-2.577],[-70.349,-2.57],[-70.357,-2.549],[-70.302,-2.529],[-70.303,-2.502],[-70.36,-2.49],[-70.428,-2.525],[-70.469,-2.456],[-70.513,-2.471],[-70.568,-2.418],[-70.596,-2.426],[-70.556,-2.444],[-70.554,-2.468],[-70.597,-2.484],[-70.626,-2.476],[-70.641,-2.451],[-70.628,-2.394],[-70.677,-2.404],[-70.666,-2.353],[-70.749,-2.329],[-70.778,-2.293],[-70.832,-2.293],[-70.856,-2.235],[-70.878,-2.221],[-70.934,-2.255],[-70.972,-2.215],[-71.006,-2.209],[-71.019,-2.237],[-70.992,-2.284],[-70.996,-2.302],[-71.05,-2.263],[-71.12,-2.281],[-71.143,-2.3],[-71.13,-2.338],[-71.166,-2.338],[-71.175,-2.379],[-71.201,-2.374],[-71.238,-2.337],[-71.285,-2.387],[-71.285,-2.338],[-71.321,-2.378],[-71.393,-2.407],[-71.407,-2.389],[-71.397,-2.348],[-71.456,-2.276],[-71.495,-2.278],[-71.479,-2.341],[-71.501,-2.353],[-71.519,-2.249],[-71.593,-2.236],[-71.65,-2.199],[-71.722,-2.227],[-71.719,-2.161],[-71.734,-2.141],[-71.769,-2.161],[-71.798,-2.204],[-71.832,-2.189],[-71.884,-2.311],[-71.935,-2.312],[-71.924,-2.379],[-71.949,-2.357],[-72.009,-2.369],[-72.055,-2.337],[-72.131,-2.413],[-72.154,-2.478],[-72.169,-2.432],[-72.22,-2.448],[-72.247,-2.431],[-72.262,-2.436],[-72.26,-2.46],[-72.285,-2.454],[-72.297,-2.473],[-72.373,-2.489],[-72.409,-2.414],[-72.429,-2.438],[-72.473,-2.42],[-72.517,-2.426],[-72.619,-2.357],[-72.642,-2.364],[-72.638,-2.387],[-72.683,-2.452],[-72.71,-2.388],[-72.729,-2.393],[-72.747,-2.427],[-72.776,-2.385],[-72.851,-2.436],[-72.895,-2.434],[-72.935,-2.455],[-72.923,-2.419],[-72.95,-2.404],[-72.971,-2.339],[-73.003,-2.358],[-73.035,-2.314],[-73.045,-2.354],[-73.062,-2.359],[-73.071,-2.313],[-73.122,-2.324],[-73.116,-2.289],[-73.165,-2.234],[-73.17,-2.191],[-73.131,-2.183],[-73.112,-2.128],[-73.07,-2.094],[-73.106,-2.075],[-73.093,-2.036],[-73.12,-2.014],[-73.124,-1.983],[-73.108,-1.882],[-73.151,-1.86],[-73.146,-1.804],[-73.186,-1.807],[-73.221,-1.748],[-73.236,-1.803],[-73.256,-1.804],[-73.248,-1.781],[-73.295,-1.776],[-73.309,-1.791],[-73.301,-1.823],[-73.317,-1.827],[-73.384,-1.775],[-73.431,-1.789],[-73.459,-1.737],[-73.499,-1.729],[-73.539,-1.699],[-73.503,-1.623],[-73.457,-1.573],[-73.498,-1.561],[-73.478,-1.531],[-73.495,-1.511],[-73.49,-1.482],[-73.525,-1.47],[-73.536,-1.432],[-73.585,-1.423],[-73.556,-1.418],[-73.551,-1.402],[-73.579,-1.359],[-73.57,-1.321],[-73.611,-1.318],[-73.621,-1.26],[-73.648,-1.267],[-73.68,-1.238],[-73.703,-1.254],[-73.732,-1.246],[-73.746,-1.2],[-73.765,-1.259],[-73.783,-1.258],[-73.788,-1.24],[-73.81,-1.249],[-73.858,-1.231],[-73.908,-1.121],[-73.96,-1.13],[-73.951,-1.098],[-73.961,-1.082],[-73.994,-1.104],[-74.009,-1.093],[-74.023,-1.004],[-74.062,-1.053],[-74.169,-1.006],[-74.218,-1.01],[-74.273,-0.978],[-74.263,-0.945],[-74.277,-0.901],[-74.313,-0.896],[-74.32,-0.88],[-74.304,-0.865],[-74.27,-0.88],[-74.267,-0.848],[-74.245,-0.818],[-74.283,-0.826],[-74.284,-0.776],[-74.316,-0.793],[-74.312,-0.756],[-74.344,-0.759],[-74.373,-0.733],[-74.374,-0.716],[-74.345,-0.704],[-74.338,-0.681],[-74.372,-0.655],[-74.36,-0.628],[-74.392,-0.546],[-74.425,-0.551],[-74.424,-0.498],[-74.476,-0.474],[-74.5,-0.487],[-74.5,-0.461],[-74.527,-0.468],[-74.577,-0.392],[-74.615,-0.379],[-74.608,-0.352],[-74.662,-0.375],[-74.689,-0.363],[-74.682,-0.33],[-74.71,-0.351],[-74.726,-0.344],[-74.731,-0.291],[-74.783,-0.201],[-74.808,-0.189],[-74.862,-0.239],[-74.895,-0.235],[-74.912,-0.202],[-74.929,-0.224],[-74.975,-0.183],[-74.972,-0.154],[-75.016,-0.147],[-75.077,-0.085],[-75.174,-0.042]]]},"properties":{"OBJECTID":1633,"CD_PROV":"1608","CD_DEPA":"16","NM_PROV":"PUTUMAYO","NM_DEPA":"LORETO","FEC_ING":"26/12/2024","GLOBALID":"{F1905CFB-6037-47AC-B207-FC33F073C6A7}","SHAPE.AREA":3.7247418893287598,"SHAPE.LEN":20.696390653513099}},{"type":"Feature","id":1634,"geometry":{"type":"Polygon","coordinates":[[[-71.855,-11.048],[-71.87,-11.034],[-71.862,-11.053],[-71.899,-11.067],[-71.912,-11.041],[-71.941,-11.062],[-72.0,-11.054],[-72.053,-11.071],[-72.079,-11.055],[-72.097,-11.084],[-72.139,-11.084],[-72.161,-11.051],[-72.19,-11.044],[-72.181,-11.096],[-72.148,-11.088],[-72.12,-11.118],[-72.207,-11.172],[-72.187,-11.185],[-72.219,-11.297],[-72.204,-11.352],[-72.186,-11.352],[-72.182,-11.327],[-72.159,-11.32],[-72.11,-11.333],[-72.113,-11.366],[-72.097,-11.378],[-72.036,-11.383],[-72.001,-11.369],[-71.977,-11.389],[-71.94,-11.383],[-71.905,-11.351],[-71.854,-11.368],[-71.826,-11.315],[-71.79,-11.316],[-71.764,-11.341],[-71.75,-11.33],[-71.722,-11.339],[-71.69,-11.374],[-71.66,-11.352],[-71.647,-11.385],[-71.663,-11.421],[-71.591,-11.431],[-71.579,-11.47],[-71.554,-11.487],[-71.494,-11.489],[-71.46,-11.513],[-71.424,-11.503],[-71.399,-11.553],[-71.411,-11.58],[-71.385,-11.576],[-71.368,-11.614],[-71.339,-11.63],[-71.342,-11.647],[-71.316,-11.653],[-71.318,-11.685],[-71.247,-11.709],[-71.197,-11.764],[-71.152,-11.748],[-71.078,-11.775],[-71.045,-11.873],[-71.021,-11.865],[-71.026,-11.889],[-70.991,-11.914],[-70.956,-11.916],[-70.952,-11.929],[-70.897,-11.916],[-70.86,-11.965],[-70.826,-11.966],[-70.779,-11.998],[-70.734,-11.984],[-70.683,-12.007],[-70.674,-11.994],[-70.646,-12.002],[-70.64,-12.037],[-70.621,-12.052],[-70.605,-12.037],[-70.598,-12.069],[-70.565,-12.081],[-70.535,-12.119],[-70.494,-12.107],[-70.461,-12.142],[-70.375,-12.167],[-70.374,-12.193],[-70.347,-12.198],[-70.339,-12.231],[-70.334,-12.22],[-70.316,-12.229],[-70.32,-12.253],[-70.294,-12.297],[-70.28,-12.293],[-70.274,-12.344],[-70.248,-12.362],[-70.264,-12.424],[-70.25,-12.448],[-70.126,-12.514],[-70.105,-12.507],[-70.097,-12.549],[-70.079,-12.549],[-70.093,-12.557],[-70.039,-12.591],[-70.038,-12.609],[-70.077,-12.641],[-70.133,-12.659],[-70.196,-12.721],[-70.247,-12.739],[-70.291,-12.844],[-70.324,-12.86],[-70.355,-12.917],[-70.36,-13.012],[-70.403,-13.114],[-69.65,-13.342],[-68.868,-12.999],[-68.877,-12.988],[-68.864,-12.973],[-68.875,-12.98],[-68.882,-12.957],[-68.878,-12.941],[-68.86,-12.948],[-68.877,-12.929],[-68.861,-12.927],[-68.875,-12.919],[-68.87,-12.87],[-68.835,-12.858],[-68.839,-12.824],[-68.824,-12.805],[-68.808,-12.809],[-68.818,-12.791],[-68.804,-12.757],[-68.728,-12.713],[-68.742,-12.708],[-68.712,-12.681],[-68.728,-12.673],[-68.719,-12.661],[-68.734,-12.668],[-68.741,-12.633],[-68.725,-12.602],[-68.693,-12.585],[-68.691,-12.557],[-68.674,-12.553],[-68.681,-12.525],[-68.655,-12.534],[-68.652,-12.502],[-68.973,-11.909],[-69.019,-11.92],[-69.082,-11.906],[-69.116,-11.932],[-69.236,-11.883],[-69.282,-11.905],[-69.336,-11.908],[-69.414,-11.867],[-69.467,-11.872],[-69.627,-11.76],[-69.694,-11.77],[-69.725,-11.806],[-69.829,-11.79],[-69.897,-11.761],[-69.923,-11.727],[-69.936,-11.735],[-69.961,-11.71],[-69.996,-11.701],[-70.031,-11.71],[-70.077,-11.67],[-70.116,-11.667],[-70.178,-11.627],[-70.24,-11.558],[-70.29,-11.461],[-70.413,-11.431],[-70.476,-11.353],[-70.769,-11.384],[-70.794,-11.341],[-70.794,-11.361],[-70.819,-11.348],[-70.813,-11.324],[-70.876,-11.312],[-70.867,-11.273],[-70.911,-11.294],[-70.907,-11.277],[-70.924,-11.29],[-70.932,-11.276],[-70.942,-11.291],[-71.001,-11.254],[-71.015,-11.264],[-71.018,-11.246],[-71.037,-11.26],[-71.034,-11.245],[-71.059,-11.238],[-71.068,-11.252],[-71.069,-11.235],[-71.091,-11.23],[-71.095,-11.241],[-71.101,-11.22],[-71.121,-11.239],[-71.133,-11.221],[-71.156,-11.227],[-71.161,-11.21],[-71.177,-11.229],[-71.22,-11.2],[-71.236,-11.219],[-71.247,-11.18],[-71.262,-11.193],[-71.278,-11.18],[-71.311,-11.186],[-71.31,-11.169],[-71.331,-11.171],[-71.336,-11.155],[-71.372,-11.165],[-71.375,-11.179],[-71.384,-11.149],[-71.437,-11.139],[-71.44,-11.123],[-71.451,-11.132],[-71.442,-11.103],[-71.475,-11.106],[-71.492,-11.09],[-71.497,-11.107],[-71.528,-11.086],[-71.539,-11.1],[-71.546,-11.082],[-71.558,-11.093],[-71.569,-11.083],[-71.584,-11.104],[-71.595,-11.09],[-71.63,-11.106],[-71.638,-11.089],[-71.68,-11.107],[-71.724,-11.065],[-71.752,-11.087],[-71.756,-11.073],[-71.791,-11.078],[-71.855,-11.048]],[[-69.561,-12.505],[-69.561,-12.505],[-69.561,-12.505],[-69.561,-12.505]]]},"properties":{"OBJECTID":1634,"CD_PROV":"1701","CD_DEPA":"17","NM_PROV":"TAMBOPATA","NM_DEPA":"MADRE DE DIOS","FEC_ING":"26/12/2024","GLOBALID":"{ECBAFCE4-8EE7-412C-ABF4-2EF42254CD96}","SHAPE.AREA":2.9895740912786999,"SHAPE.LEN":14.9972875591346}},{"type":"Feature","id":1635,"geometry":{"type":"Polygon","coordinates":[[[-71.824,-11.316],[-71.854,-11.368],[-71.905,-11.351],[-71.94,-11.383],[-71.977,-11.389],[-72.001,-11.369],[-72.036,-11.383],[-72.097,-11.378],[-72.113,-11.366],[-72.11,-11.333],[-72.159,-11.32],[-72.182,-11.327],[-72.191,-11.355],[-72.239,-11.345],[-72.248,-11.385],[-72.293,-11.433],[-72.308,-11.588],[-72.356,-11.635],[-72.376,-11.633],[-72.429,-11.709],[-72.423,-11.738],[-72.371,-11.785],[-72.391,-11.828],[-72.332,-11.856],[-72.348,-11.891],[-72.34,-11.966],[-72.286,-11.975],[-72.282,-11.996],[-72.259,-12.006],[-72.269,-12.054],[-72.174,-12.06],[-72.094,-12.085],[-72.088,-12.143],[-72.106,-12.239],[-72.043,-12.255],[-72.029,-12.287],[-71.946,-12.33],[-71.967,-12.348],[-71.977,-12.399],[-72.061,-12.438],[-72.079,-12.499],[-72.029,-12.526],[-71.981,-12.58],[-71.984,-12.608],[-71.965,-12.615],[-71.956,-12.654],[-71.979,-12.683],[-71.918,-12.699],[-71.9,-12.733],[-71.812,-12.744],[-71.8,-12.766],[-71.765,-12.767],[-71.748,-12.796],[-71.708,-12.773],[-71.695,-12.739],[-71.639,-12.709],[-71.553,-12.709],[-71.547,-12.735],[-71.513,-12.744],[-71.446,-12.827],[-71.449,-12.863],[-71.416,-12.894],[-71.397,-12.883],[-71.375,-12.901],[-71.359,-12.881],[-71.271,-12.962],[-71.162,-12.967],[-71.179,-12.998],[-71.167,-13.018],[-71.174,-13.055],[-71.132,-13.22],[-71.036,-13.27],[-71.012,-13.265],[-70.977,-13.17],[-70.942,-13.156],[-70.921,-13.111],[-70.887,-13.103],[-70.899,-13.07],[-70.863,-13.08],[-70.817,-13.07],[-70.76,-13.108],[-70.628,-13.092],[-70.586,-13.104],[-70.549,-13.153],[-70.464,-13.16],[-70.388,-13.192],[-70.386,-13.167],[-70.401,-13.153],[-70.39,-13.132],[-70.418,-13.133],[-70.36,-13.012],[-70.355,-12.918],[-70.338,-12.878],[-70.291,-12.844],[-70.247,-12.739],[-70.196,-12.721],[-70.133,-12.659],[-70.077,-12.641],[-70.037,-12.597],[-70.093,-12.557],[-70.079,-12.549],[-70.097,-12.549],[-70.105,-12.507],[-70.126,-12.514],[-70.25,-12.448],[-70.264,-12.424],[-70.248,-12.362],[-70.274,-12.344],[-70.28,-12.293],[-70.294,-12.297],[-70.32,-12.253],[-70.316,-12.229],[-70.334,-12.22],[-70.339,-12.231],[-70.347,-12.198],[-70.374,-12.194],[-70.374,-12.168],[-70.394,-12.167],[-70.397,-12.153],[-70.437,-12.154],[-70.494,-12.107],[-70.535,-12.119],[-70.565,-12.081],[-70.598,-12.069],[-70.605,-12.037],[-70.621,-12.052],[-70.64,-12.037],[-70.646,-12.002],[-70.674,-11.994],[-70.683,-12.007],[-70.734,-11.984],[-70.779,-11.998],[-70.826,-11.966],[-70.86,-11.965],[-70.897,-11.916],[-70.952,-11.929],[-70.956,-11.916],[-70.991,-11.914],[-71.026,-11.889],[-71.021,-11.865],[-71.045,-11.873],[-71.078,-11.775],[-71.152,-11.748],[-71.197,-11.764],[-71.247,-11.709],[-71.318,-11.685],[-71.316,-11.653],[-71.342,-11.647],[-71.339,-11.63],[-71.368,-11.614],[-71.385,-11.576],[-71.411,-11.58],[-71.399,-11.553],[-71.424,-11.503],[-71.46,-11.513],[-71.494,-11.489],[-71.554,-11.487],[-71.579,-11.47],[-71.591,-11.431],[-71.665,-11.419],[-71.647,-11.385],[-71.66,-11.352],[-71.69,-11.374],[-71.722,-11.339],[-71.75,-11.33],[-71.764,-11.341],[-71.79,-11.316],[-71.824,-11.316]]]},"properties":{"OBJECTID":1635,"CD_PROV":"1702","CD_DEPA":"17","NM_PROV":"MANU","NM_DEPA":"MADRE DE DIOS","FEC_ING":"26/12/2024","GLOBALID":"{5FA21BB1-1B6D-49EC-8A94-2FBBDE20FE1E}","SHAPE.AREA":2.3864703284442599,"SHAPE.LEN":10.261869376235898}},{"type":"Feature","id":1636,"geometry":{"type":"Polygon","coordinates":[[[-70.613,-10.13],[-70.613,-9.873],[-70.64,-9.884],[-70.649,-9.952],[-70.668,-9.971],[-70.657,-10.0],[-70.672,-10.023],[-70.652,-10.04],[-70.65,-10.079],[-70.698,-10.118],[-70.706,-10.161],[-70.803,-10.251],[-70.881,-10.262],[-70.874,-10.301],[-70.889,-10.335],[-70.968,-10.336],[-70.958,-10.39],[-71.005,-10.431],[-71.025,-10.478],[-71.129,-10.505],[-71.147,-10.531],[-71.165,-10.531],[-71.165,-10.57],[-71.196,-10.58],[-71.221,-10.637],[-71.206,-10.652],[-71.231,-10.685],[-71.216,-10.715],[-71.222,-10.777],[-71.259,-10.785],[-71.273,-10.853],[-71.308,-10.878],[-71.355,-10.951],[-71.508,-10.966],[-71.532,-10.952],[-71.662,-10.983],[-71.702,-10.974],[-71.716,-10.998],[-71.729,-10.984],[-71.78,-10.988],[-71.828,-11.012],[-71.847,-10.996],[-71.938,-11.004],[-72.011,-10.988],[-72.054,-11.011],[-72.125,-10.996],[-72.128,-10.98],[-72.158,-11.005],[-72.179,-10.999],[-72.178,-11.041],[-72.139,-11.084],[-72.097,-11.084],[-72.079,-11.055],[-72.053,-11.071],[-72.0,-11.054],[-71.941,-11.062],[-71.912,-11.041],[-71.898,-11.067],[-71.862,-11.053],[-71.869,-11.034],[-71.791,-11.078],[-71.756,-11.073],[-71.753,-11.087],[-71.724,-11.065],[-71.68,-11.107],[-71.638,-11.089],[-71.63,-11.106],[-71.595,-11.09],[-71.584,-11.104],[-71.569,-11.083],[-71.558,-11.093],[-71.546,-11.082],[-71.539,-11.1],[-71.528,-11.086],[-71.497,-11.107],[-71.492,-11.09],[-71.475,-11.106],[-71.442,-11.103],[-71.451,-11.132],[-71.44,-11.123],[-71.437,-11.139],[-71.384,-11.149],[-71.375,-11.179],[-71.372,-11.165],[-71.336,-11.155],[-71.331,-11.171],[-71.31,-11.169],[-71.311,-11.186],[-71.278,-11.18],[-71.262,-11.193],[-71.247,-11.18],[-71.236,-11.219],[-71.22,-11.2],[-71.177,-11.229],[-71.161,-11.21],[-71.156,-11.227],[-71.133,-11.221],[-71.121,-11.239],[-71.101,-11.22],[-71.095,-11.241],[-71.091,-11.23],[-71.069,-11.235],[-71.068,-11.252],[-71.059,-11.238],[-71.034,-11.245],[-71.037,-11.26],[-71.018,-11.246],[-71.015,-11.264],[-71.001,-11.254],[-70.942,-11.291],[-70.932,-11.276],[-70.924,-11.29],[-70.907,-11.277],[-70.911,-11.294],[-70.865,-11.274],[-70.876,-11.312],[-70.813,-11.324],[-70.819,-11.348],[-70.794,-11.361],[-70.794,-11.341],[-70.769,-11.384],[-70.476,-11.352],[-70.413,-11.431],[-70.29,-11.461],[-70.24,-11.558],[-70.178,-11.627],[-70.116,-11.667],[-70.077,-11.67],[-70.031,-11.71],[-69.996,-11.701],[-69.961,-11.71],[-69.936,-11.735],[-69.923,-11.727],[-69.861,-11.779],[-69.725,-11.806],[-69.694,-11.77],[-69.627,-11.76],[-69.467,-11.872],[-69.414,-11.867],[-69.336,-11.908],[-69.282,-11.905],[-69.236,-11.883],[-69.116,-11.932],[-69.082,-11.906],[-68.971,-11.914],[-69.577,-10.941],[-69.737,-10.975],[-69.769,-10.93],[-69.858,-10.934],[-69.901,-10.921],[-69.92,-10.934],[-69.933,-10.922],[-70.065,-10.994],[-70.093,-10.987],[-70.159,-11.042],[-70.242,-11.047],[-70.308,-11.071],[-70.438,-11.039],[-70.452,-10.997],[-70.522,-10.934],[-70.613,-11.0],[-70.613,-10.13]]]},"properties":{"OBJECTID":1636,"CD_PROV":"1703","CD_DEPA":"17","NM_PROV":"TAHUAMANU","NM_DEPA":"MADRE DE DIOS","FEC_ING":"26/12/2024","GLOBALID":"{AEF67E2D-D90E-4CC0-BA7B-1D6FC325257D}","SHAPE.AREA":1.64728238131386,"SHAPE.LEN":12.287980884508299}},{"type":"Feature","id":1637,"geometry":{"type":"Polygon","coordinates":[[[-70.32,-16.461],[-70.36,-16.478],[-70.397,-16.524],[-70.431,-16.526],[-70.47,-16.556],[-70.576,-16.566],[-70.603,-16.548],[-70.634,-16.558],[-70.681,-16.546],[-70.7,-16.569],[-70.728,-16.573],[-70.703,-16.599],[-70.729,-16.626],[-70.764,-16.634],[-70.779,-16.72],[-70.826,-16.762],[-70.956,-16.778],[-71.061,-16.759],[-71.155,-16.87],[-71.165,-16.904],[-71.195,-16.903],[-71.304,-16.958],[-71.341,-16.944],[-71.355,-16.978],[-71.391,-16.98],[-71.385,-17.021],[-71.339,-17.022],[-71.319,-17.041],[-71.325,-17.06],[-71.303,-17.097],[-71.441,-17.252],[-71.385,-17.265],[-71.395,-17.305],[-71.366,-17.314],[-71.376,-17.351],[-71.345,-17.388],[-71.32,-17.392],[-71.331,-17.398],[-71.312,-17.45],[-71.276,-17.427],[-71.174,-17.453],[-71.144,-17.437],[-71.116,-17.475],[-71.074,-17.487],[-71.073,-17.526],[-71.038,-17.555],[-71.023,-17.598],[-70.995,-17.622],[-70.908,-17.647],[-70.88,-17.556],[-70.737,-17.408],[-70.752,-17.381],[-70.747,-17.351],[-70.706,-17.291],[-70.716,-17.274],[-70.684,-17.224],[-70.555,-17.198],[-70.491,-17.09],[-70.449,-17.081],[-70.439,-17.05],[-70.463,-17.004],[-70.443,-16.964],[-70.465,-16.944],[-70.442,-16.892],[-70.441,-16.84],[-70.356,-16.79],[-70.267,-16.771],[-70.247,-16.802],[-70.181,-16.818],[-70.184,-16.835],[-70.244,-16.86],[-70.259,-16.904],[-70.247,-16.952],[-70.227,-16.959],[-70.193,-16.941],[-70.174,-16.912],[-70.148,-16.922],[-70.147,-16.939],[-70.116,-16.922],[-70.094,-16.891],[-70.09,-16.811],[-70.058,-16.788],[-70.036,-16.743],[-69.996,-16.73],[-70.012,-16.688],[-70.001,-16.657],[-70.049,-16.628],[-70.088,-16.655],[-70.166,-16.613],[-70.185,-16.538],[-70.32,-16.461]]]},"properties":{"OBJECTID":1637,"CD_PROV":"1801","CD_DEPA":"18","NM_PROV":"MARISCAL NIETO","NM_DEPA":"MOQUEGUA","FEC_ING":"26/12/2024","GLOBALID":"{25B68147-7CD2-4FA5-A9B5-9B3BA1241192}","SHAPE.AREA":0.73406119502011402,"SHAPE.LEN":5.5630082512135699}},{"type":"Feature","id":1638,"geometry":{"type":"Polygon","coordinates":[[[-70.794,-15.987],[-70.82,-15.978],[-70.829,-15.995],[-70.805,-16.055],[-70.857,-16.056],[-70.896,-16.106],[-70.867,-16.128],[-70.879,-16.167],[-70.854,-16.197],[-70.867,-16.225],[-70.844,-16.236],[-70.881,-16.285],[-70.916,-16.282],[-70.944,-16.314],[-70.986,-16.31],[-70.955,-16.472],[-71.013,-16.499],[-71.037,-16.486],[-71.047,-16.454],[-71.125,-16.461],[-71.14,-16.475],[-71.242,-16.463],[-71.237,-16.515],[-71.26,-16.605],[-71.279,-16.616],[-71.289,-16.726],[-71.327,-16.752],[-71.369,-16.72],[-71.425,-16.741],[-71.444,-16.816],[-71.424,-16.919],[-71.46,-16.937],[-71.461,-16.96],[-71.41,-16.954],[-71.391,-16.98],[-71.356,-16.978],[-71.344,-16.946],[-71.304,-16.958],[-71.195,-16.903],[-71.169,-16.907],[-71.155,-16.87],[-71.061,-16.759],[-70.956,-16.778],[-70.826,-16.762],[-70.779,-16.72],[-70.764,-16.634],[-70.729,-16.626],[-70.703,-16.599],[-70.728,-16.573],[-70.7,-16.569],[-70.681,-16.546],[-70.634,-16.558],[-70.603,-16.548],[-70.576,-16.566],[-70.47,-16.556],[-70.431,-16.526],[-70.397,-16.524],[-70.36,-16.478],[-70.313,-16.462],[-70.306,-16.447],[-70.325,-16.418],[-70.361,-16.411],[-70.357,-16.4],[-70.382,-16.385],[-70.346,-16.348],[-70.345,-16.256],[-70.325,-16.216],[-70.335,-16.202],[-70.362,-16.206],[-70.402,-16.149],[-70.403,-16.087],[-70.434,-16.062],[-70.44,-16.037],[-70.466,-16.05],[-70.507,-16.038],[-70.563,-15.982],[-70.625,-16.003],[-70.641,-15.988],[-70.722,-16.034],[-70.776,-16.013],[-70.794,-15.987]]]},"properties":{"OBJECTID":1638,"CD_PROV":"1802","CD_DEPA":"18","NM_PROV":"GENERAL SANCHEZ CERRO","NM_DEPA":"MOQUEGUA","FEC_ING":"26/12/2024","GLOBALID":"{CB3AC663-C8AC-4B4A-8A41-04A87536335C}","SHAPE.AREA":0.48513631165968701,"SHAPE.LEN":4.7236684580827903}},{"type":"Feature","id":1639,"geometry":{"type":"Polygon","coordinates":[[[-71.441,-17.252],[-71.466,-17.255],[-71.491,-17.285],[-71.473,-17.297],[-71.477,-17.323],[-71.445,-17.332],[-71.433,-17.367],[-71.394,-17.389],[-71.363,-17.489],[-71.366,-17.545],[-71.341,-17.637],[-71.381,-17.707],[-71.349,-17.693],[-71.191,-17.777],[-71.139,-17.821],[-71.082,-17.717],[-71.017,-17.709],[-70.993,-17.679],[-70.912,-17.687],[-70.908,-17.647],[-70.995,-17.622],[-71.023,-17.598],[-71.038,-17.555],[-71.073,-17.526],[-71.074,-17.487],[-71.116,-17.475],[-71.142,-17.438],[-71.174,-17.453],[-71.276,-17.427],[-71.312,-17.45],[-71.331,-17.398],[-71.32,-17.392],[-71.345,-17.388],[-71.376,-17.351],[-71.366,-17.314],[-71.395,-17.305],[-71.385,-17.265],[-71.441,-17.252]]]},"properties":{"OBJECTID":1639,"CD_PROV":"1803","CD_DEPA":"18","NM_PROV":"ILO","NM_DEPA":"MOQUEGUA","FEC_ING":"26/12/2024","GLOBALID":"{20AAB3E5-EA7C-4C31-A7EE-BD3F0AFF16FF}","SHAPE.AREA":0.11569043037306299,"SHAPE.LEN":2.3012541817165997}},{"type":"Feature","id":1640,"geometry":{"type":"Polygon","coordinates":[[[-75.859,-10.311],[-75.924,-10.356],[-75.93,-10.415],[-75.976,-10.479],[-76.003,-10.489],[-76.011,-10.455],[-76.057,-10.465],[-76.078,-10.452],[-76.078,-10.434],[-76.172,-10.412],[-76.207,-10.389],[-76.204,-10.377],[-76.231,-10.372],[-76.226,-10.397],[-76.269,-10.369],[-76.285,-10.416],[-76.306,-10.414],[-76.245,-10.481],[-76.254,-10.498],[-76.238,-10.538],[-76.271,-10.56],[-76.293,-10.602],[-76.335,-10.59],[-76.363,-10.627],[-76.373,-10.62],[-76.42,-10.653],[-76.456,-10.647],[-76.507,-10.747],[-76.539,-10.704],[-76.573,-10.709],[-76.594,-10.677],[-76.656,-10.647],[-76.671,-10.679],[-76.628,-10.766],[-76.627,-10.8],[-76.602,-10.816],[-76.581,-10.867],[-76.565,-10.965],[-76.582,-10.985],[-76.578,-11.016],[-76.533,-11.034],[-76.494,-11.089],[-76.447,-11.071],[-76.389,-11.071],[-76.351,-11.094],[-76.336,-11.083],[-76.318,-11.092],[-76.308,-11.133],[-76.227,-11.156],[-76.215,-11.15],[-76.25,-11.105],[-76.24,-11.049],[-76.26,-11.027],[-76.281,-10.913],[-76.21,-10.919],[-76.191,-10.96],[-76.146,-10.946],[-76.123,-10.963],[-76.082,-10.895],[-76.046,-10.881],[-75.995,-10.821],[-75.937,-10.872],[-75.936,-10.89],[-75.876,-10.867],[-75.837,-10.886],[-75.789,-10.825],[-75.759,-10.83],[-75.733,-10.809],[-75.693,-10.817],[-75.679,-10.84],[-75.59,-10.811],[-75.568,-10.727],[-75.554,-10.745],[-75.522,-10.739],[-75.512,-10.683],[-75.549,-10.673],[-75.543,-10.639],[-75.581,-10.649],[-75.612,-10.621],[-75.652,-10.631],[-75.678,-10.612],[-75.661,-10.552],[-75.677,-10.518],[-75.665,-10.47],[-75.693,-10.441],[-75.767,-10.432],[-75.798,-10.437],[-75.808,-10.457],[-75.819,-10.44],[-75.87,-10.455],[-75.855,-10.406],[-75.859,-10.311]]]},"properties":{"OBJECTID":1640,"CD_PROV":"1901","CD_DEPA":"19","NM_PROV":"PASCO","NM_DEPA":"PASCO","FEC_ING":"26/12/2024","GLOBALID":"{460BF482-59B1-47F0-937F-5AADDBE1A3D2}","SHAPE.AREA":0.44137253501463997,"SHAPE.LEN":5.0984385547016098}},{"type":"Feature","id":1641,"geometry":{"type":"Polygon","coordinates":[[[-76.338,-10.287],[-76.364,-10.299],[-76.387,-10.289],[-76.425,-10.319],[-76.494,-10.311],[-76.473,-10.338],[-76.491,-10.379],[-76.558,-10.393],[-76.579,-10.376],[-76.593,-10.401],[-76.697,-10.442],[-76.729,-10.479],[-76.704,-10.589],[-76.686,-10.581],[-76.656,-10.647],[-76.594,-10.677],[-76.573,-10.709],[-76.539,-10.704],[-76.513,-10.745],[-76.456,-10.647],[-76.42,-10.653],[-76.373,-10.62],[-76.363,-10.627],[-76.335,-10.59],[-76.293,-10.602],[-76.271,-10.56],[-76.238,-10.538],[-76.254,-10.498],[-76.245,-10.481],[-76.283,-10.452],[-76.309,-10.407],[-76.338,-10.287]]]},"properties":{"OBJECTID":1641,"CD_PROV":"1902","CD_DEPA":"19","NM_PROV":"DANIEL ALCIDES CARRION","NM_DEPA":"PASCO","FEC_ING":"26/12/2024","GLOBALID":"{34662C95-F7E5-4447-A11E-E7C61E0D4128}","SHAPE.AREA":0.12545871540699799,"SHAPE.LEN":1.82460103381202}},{"type":"Feature","id":1642,"geometry":{"type":"Polygon","coordinates":[[[-74.68,-9.447],[-74.729,-9.472],[-74.751,-9.525],[-74.736,-9.574],[-74.772,-9.612],[-74.765,-9.636],[-74.787,-9.666],[-74.822,-9.677],[-74.817,-9.736],[-74.844,-9.749],[-74.847,-9.78],[-74.816,-9.795],[-74.836,-9.82],[-74.835,-9.847],[-74.882,-9.82],[-74.986,-9.864],[-74.994,-9.84],[-75.058,-9.819],[-75.094,-9.844],[-75.16,-9.84],[-75.255,-9.779],[-75.311,-9.775],[-75.276,-9.85],[-75.288,-9.871],[-75.4,-9.878],[-75.411,-9.888],[-75.396,-9.913],[-75.405,-9.93],[-75.446,-9.938],[-75.473,-9.992],[-75.509,-9.977],[-75.548,-9.984],[-75.56,-9.964],[-75.595,-9.953],[-75.602,-10.025],[-75.645,-10.027],[-75.676,-10.054],[-75.709,-10.215],[-75.732,-10.234],[-75.843,-10.262],[-75.86,-10.303],[-75.855,-10.406],[-75.87,-10.455],[-75.819,-10.44],[-75.808,-10.457],[-75.798,-10.437],[-75.726,-10.429],[-75.669,-10.458],[-75.677,-10.518],[-75.661,-10.552],[-75.678,-10.612],[-75.652,-10.631],[-75.612,-10.621],[-75.581,-10.649],[-75.54,-10.641],[-75.549,-10.673],[-75.511,-10.685],[-75.53,-10.748],[-75.49,-10.757],[-75.48,-10.78],[-75.461,-10.75],[-75.395,-10.759],[-75.391,-10.832],[-75.411,-10.862],[-75.363,-10.85],[-75.345,-10.799],[-75.283,-10.841],[-75.248,-10.803],[-75.244,-10.764],[-75.204,-10.765],[-75.19,-10.78],[-75.177,-10.75],[-75.157,-10.762],[-75.11,-10.724],[-75.065,-10.653],[-75.036,-10.682],[-75.012,-10.68],[-75.006,-10.719],[-74.983,-10.75],[-74.956,-10.733],[-74.885,-10.771],[-74.866,-10.759],[-74.888,-10.711],[-74.879,-10.7],[-74.795,-10.83],[-74.733,-10.834],[-74.691,-10.887],[-74.643,-10.868],[-74.614,-10.905],[-74.57,-10.916],[-74.55,-10.892],[-74.487,-10.889],[-74.483,-10.835],[-74.431,-10.813],[-74.387,-10.813],[-74.374,-10.789],[-74.384,-10.747],[-74.35,-10.755],[-74.287,-10.67],[-74.259,-10.68],[-74.253,-10.659],[-74.228,-10.652],[-74.23,-10.635],[-74.16,-10.641],[-74.136,-10.671],[-74.133,-10.605],[-74.179,-10.489],[-74.253,-10.417],[-74.242,-10.383],[-74.263,-10.364],[-74.237,-10.322],[-74.252,-10.305],[-74.227,-10.277],[-74.231,-10.186],[-74.303,-10.165],[-74.315,-10.113],[-74.367,-10.113],[-74.39,-10.051],[-74.419,-10.026],[-74.411,-9.915],[-74.453,-9.864],[-74.447,-9.777],[-74.49,-9.685],[-74.494,-9.592],[-74.575,-9.573],[-74.593,-9.507],[-74.581,-9.477],[-74.68,-9.447]]]},"properties":{"OBJECTID":1642,"CD_PROV":"1903","CD_DEPA":"19","NM_PROV":"OXAPAMPA","NM_DEPA":"PASCO","FEC_ING":"26/12/2024","GLOBALID":"{0F52D794-140F-4877-AE90-69FDD4DD2BA9}","SHAPE.AREA":1.40603257398353,"SHAPE.LEN":7.5663774228825496}},{"type":"Feature","id":1643,"geometry":{"type":"Polygon","coordinates":[[[-80.247,-4.586],[-80.337,-4.628],[-80.349,-4.658],[-80.388,-4.667],[-80.407,-4.701],[-80.348,-4.793],[-80.42,-4.829],[-80.522,-4.826],[-80.573,-4.899],[-80.605,-4.918],[-80.657,-5.024],[-80.7,-5.018],[-80.742,-5.124],[-80.805,-5.222],[-80.829,-5.227],[-80.849,-5.293],[-80.938,-5.238],[-80.999,-5.231],[-81.023,-5.242],[-81.017,-5.267],[-80.962,-5.31],[-80.961,-5.35],[-80.851,-5.406],[-80.752,-5.403],[-80.644,-5.437],[-80.645,-5.487],[-80.591,-5.479],[-80.553,-5.492],[-80.535,-5.602],[-80.253,-5.694],[-80.092,-5.795],[-80.095,-5.703],[-80.061,-5.684],[-80.07,-5.646],[-80.053,-5.556],[-80.083,-5.56],[-80.259,-5.33],[-80.33,-5.284],[-80.351,-5.26],[-80.347,-5.233],[-80.364,-5.23],[-80.354,-5.14],[-80.287,-5.068],[-80.222,-5.053],[-80.233,-5.011],[-80.259,-5.004],[-80.228,-4.99],[-80.204,-5.003],[-80.116,-4.933],[-80.109,-4.906],[-80.122,-4.892],[-80.093,-4.844],[-80.115,-4.805],[-80.077,-4.779],[-80.096,-4.747],[-80.027,-4.719],[-80.009,-4.678],[-80.038,-4.656],[-80.101,-4.663],[-80.114,-4.678],[-80.153,-4.604],[-80.201,-4.61],[-80.247,-4.586]]]},"properties":{"OBJECTID":1643,"CD_PROV":"2001","CD_DEPA":"20","NM_PROV":"PIURA","NM_DEPA":"PIURA","FEC_ING":"26/12/2024","GLOBALID":"{602A1D10-BDF2-464C-80C2-378B9BA4319E}","SHAPE.AREA":0.49158512776137797,"SHAPE.LEN":4.7247327831001291}},{"type":"Feature","id":1644,"geometry":{"type":"Polygon","coordinates":[[[-80.135,-4.287],[-80.157,-4.304],[-80.171,-4.29],[-80.186,-4.335],[-80.206,-4.341],[-80.195,-4.35],[-80.219,-4.353],[-80.22,-4.376],[-80.296,-4.426],[-80.236,-4.437],[-80.212,-4.463],[-80.225,-4.476],[-80.213,-4.506],[-80.223,-4.532],[-80.202,-4.574],[-80.221,-4.595],[-80.201,-4.61],[-80.153,-4.604],[-80.114,-4.678],[-80.101,-4.663],[-80.038,-4.656],[-80.009,-4.678],[-80.032,-4.724],[-80.093,-4.743],[-80.078,-4.783],[-80.115,-4.805],[-80.094,-4.858],[-80.122,-4.892],[-80.079,-4.941],[-80.083,-5.004],[-80.039,-5.026],[-80.001,-5.016],[-79.957,-5.037],[-79.909,-5.019],[-79.853,-4.953],[-79.831,-4.994],[-79.788,-4.991],[-79.755,-5.025],[-79.732,-5.018],[-79.727,-5.055],[-79.675,-5.096],[-79.622,-5.101],[-79.6,-5.084],[-79.595,-5.057],[-79.488,-5.111],[-79.481,-5.018],[-79.451,-4.967],[-79.405,-4.945],[-79.417,-4.885],[-79.393,-4.833],[-79.457,-4.701],[-79.463,-4.652],[-79.488,-4.625],[-79.494,-4.581],[-79.477,-4.568],[-79.489,-4.527],[-79.512,-4.516],[-79.544,-4.526],[-79.581,-4.498],[-79.6,-4.456],[-79.644,-4.433],[-79.707,-4.472],[-79.813,-4.491],[-79.87,-4.414],[-79.919,-4.386],[-79.962,-4.396],[-80.035,-4.349],[-80.062,-4.31],[-80.135,-4.287]]]},"properties":{"OBJECTID":1644,"CD_PROV":"2002","CD_DEPA":"20","NM_PROV":"AYABACA","NM_DEPA":"PIURA","FEC_ING":"26/12/2024","GLOBALID":"{A73A997C-73A5-4161-9521-D87381C4DE00}","SHAPE.AREA":0.424574812737741,"SHAPE.LEN":4.0719456177475593}},{"type":"Feature","id":1645,"geometry":{"type":"Polygon","coordinates":[[[-79.383,-4.832],[-79.417,-4.884],[-79.405,-4.945],[-79.451,-4.967],[-79.481,-5.018],[-79.488,-5.111],[-79.595,-5.057],[-79.6,-5.084],[-79.655,-5.121],[-79.647,-5.138],[-79.661,-5.151],[-79.684,-5.099],[-79.715,-5.127],[-79.72,-5.182],[-79.7,-5.203],[-79.72,-5.215],[-79.647,-5.336],[-79.676,-5.381],[-79.738,-5.38],[-79.769,-5.425],[-79.75,-5.446],[-79.644,-5.475],[-79.65,-5.521],[-79.683,-5.53],[-79.73,-5.473],[-79.758,-5.541],[-79.777,-5.562],[-79.801,-5.562],[-79.839,-5.63],[-79.82,-5.657],[-79.79,-5.646],[-79.764,-5.664],[-79.768,-5.685],[-79.753,-5.691],[-79.766,-5.708],[-79.717,-5.742],[-79.738,-5.826],[-79.689,-5.848],[-79.663,-5.835],[-79.611,-5.941],[-79.554,-5.938],[-79.484,-5.888],[-79.424,-5.927],[-79.335,-5.894],[-79.399,-5.771],[-79.399,-5.703],[-79.371,-5.603],[-79.4,-5.538],[-79.387,-5.522],[-79.331,-5.535],[-79.276,-5.52],[-79.308,-5.365],[-79.326,-5.348],[-79.328,-5.316],[-79.359,-5.289],[-79.348,-5.234],[-79.378,-5.19],[-79.342,-5.164],[-79.33,-5.124],[-79.296,-5.112],[-79.273,-5.059],[-79.226,-5.048],[-79.21,-4.964],[-79.266,-4.967],[-79.306,-4.899],[-79.35,-4.882],[-79.366,-4.837],[-79.383,-4.832]]]},"properties":{"OBJECTID":1645,"CD_PROV":"2003","CD_DEPA":"20","NM_PROV":"HUANCABAMBA","NM_DEPA":"PIURA","FEC_ING":"26/12/2024","GLOBALID":"{D0670688-5190-4201-8A83-6B468CC36ECD}","SHAPE.AREA":0.34684974148778402,"SHAPE.LEN":4.3181094109791598}},{"type":"Feature","id":1646,"geometry":{"type":"Polygon","coordinates":[[[-80.097,-4.932],[-80.111,-4.912],[-80.176,-4.988],[-80.259,-5.004],[-80.233,-5.011],[-80.222,-5.053],[-80.287,-5.068],[-80.354,-5.14],[-80.364,-5.232],[-80.347,-5.233],[-80.351,-5.26],[-80.33,-5.284],[-80.259,-5.33],[-80.083,-5.56],[-79.938,-5.517],[-79.898,-5.48],[-79.854,-5.531],[-79.864,-5.563],[-79.839,-5.63],[-79.801,-5.562],[-79.777,-5.562],[-79.758,-5.541],[-79.73,-5.473],[-79.683,-5.53],[-79.65,-5.521],[-79.644,-5.475],[-79.75,-5.446],[-79.769,-5.425],[-79.738,-5.38],[-79.676,-5.381],[-79.647,-5.336],[-79.72,-5.215],[-79.7,-5.203],[-79.72,-5.177],[-79.715,-5.127],[-79.688,-5.098],[-79.663,-5.127],[-79.664,-5.153],[-79.642,-5.107],[-79.649,-5.091],[-79.675,-5.096],[-79.725,-5.057],[-79.732,-5.018],[-79.755,-5.025],[-79.788,-4.991],[-79.831,-4.994],[-79.853,-4.954],[-79.909,-5.019],[-79.959,-5.037],[-80.001,-5.016],[-80.039,-5.026],[-80.083,-5.004],[-80.09,-4.969],[-80.078,-4.942],[-80.097,-4.932]]]},"properties":{"OBJECTID":1646,"CD_PROV":"2004","CD_DEPA":"20","NM_PROV":"MORROPON","NM_DEPA":"PIURA","FEC_ING":"26/12/2024","GLOBALID":"{831A803A-9BFD-4713-8D12-C546B14C4DB0}","SHAPE.AREA":0.30457796746670696,"SHAPE.LEN":3.3895816614337297}},{"type":"Feature","id":1647,"geometry":{"type":"Polygon","coordinates":[[[-80.954,-4.863],[-80.932,-4.805],[-80.968,-4.772],[-81.211,-4.816],[-81.088,-4.965],[-81.061,-5.035],[-81.091,-5.082],[-81.132,-5.07],[-81.168,-5.081],[-81.16,-5.123],[-81.18,-5.133],[-81.167,-5.167],[-81.193,-5.217],[-81.138,-5.264],[-81.108,-5.315],[-81.078,-5.313],[-80.994,-5.388],[-80.961,-5.35],[-80.962,-5.31],[-81.017,-5.267],[-81.02,-5.236],[-80.938,-5.238],[-80.86,-5.281],[-80.851,-4.951],[-80.825,-4.931],[-80.829,-4.904],[-80.924,-4.893],[-80.954,-4.863]]]},"properties":{"OBJECTID":1647,"CD_PROV":"2005","CD_DEPA":"20","NM_PROV":"PAITA","NM_DEPA":"PIURA","FEC_ING":"26/12/2024","GLOBALID":"{1EAAB357-2855-4C10-B414-653C7EF556E7}","SHAPE.AREA":0.13803604741845399,"SHAPE.LEN":2.22191831641668}},{"type":"Feature","id":1648,"geometry":{"type":"Polygon","coordinates":[[[-80.484,-4.085],[-80.517,-4.098],[-80.59,-4.214],[-80.623,-4.232],[-80.735,-4.178],[-80.882,-4.193],[-80.924,-4.169],[-80.936,-4.178],[-80.909,-4.225],[-80.937,-4.296],[-80.915,-4.318],[-80.867,-4.317],[-80.877,-4.365],[-80.829,-4.384],[-80.851,-4.409],[-80.85,-4.456],[-80.919,-4.52],[-80.888,-4.592],[-80.937,-4.619],[-80.872,-4.688],[-80.848,-4.748],[-80.968,-4.772],[-80.932,-4.805],[-80.954,-4.863],[-80.934,-4.889],[-80.826,-4.909],[-80.828,-4.94],[-80.851,-4.951],[-80.86,-5.281],[-80.849,-5.293],[-80.829,-5.227],[-80.805,-5.222],[-80.742,-5.124],[-80.7,-5.018],[-80.657,-5.024],[-80.645,-4.979],[-80.63,-4.975],[-80.596,-4.906],[-80.553,-4.876],[-80.54,-4.84],[-80.507,-4.823],[-80.42,-4.829],[-80.348,-4.793],[-80.406,-4.708],[-80.389,-4.667],[-80.349,-4.659],[-80.337,-4.628],[-80.296,-4.606],[-80.25,-4.585],[-80.221,-4.595],[-80.202,-4.574],[-80.223,-4.532],[-80.213,-4.506],[-80.225,-4.476],[-80.212,-4.463],[-80.236,-4.437],[-80.284,-4.426],[-80.329,-4.464],[-80.388,-4.487],[-80.45,-4.448],[-80.453,-4.383],[-80.424,-4.33],[-80.306,-4.2],[-80.353,-4.221],[-80.368,-4.197],[-80.409,-4.218],[-80.432,-4.196],[-80.449,-4.209],[-80.447,-4.121],[-80.467,-4.128],[-80.484,-4.085]]]},"properties":{"OBJECTID":1648,"CD_PROV":"2006","CD_DEPA":"20","NM_PROV":"SULLANA","NM_DEPA":"PIURA","FEC_ING":"26/12/2024","GLOBALID":"{14208E73-00AA-42A8-B085-3442F169F2B7}","SHAPE.AREA":0.43041838734420201,"SHAPE.LEN":4.9924043437175198}},{"type":"Feature","id":1649,"geometry":{"type":"Polygon","coordinates":[[[-81.026,-4.106],[-81.042,-4.083],[-81.254,-4.278],[-81.255,-4.397],[-81.305,-4.48],[-81.275,-4.572],[-81.328,-4.682],[-81.211,-4.816],[-80.848,-4.748],[-80.872,-4.688],[-80.937,-4.619],[-80.888,-4.592],[-80.919,-4.52],[-80.85,-4.456],[-80.851,-4.409],[-80.829,-4.384],[-80.877,-4.365],[-80.867,-4.317],[-80.915,-4.318],[-80.935,-4.299],[-80.909,-4.225],[-80.943,-4.169],[-80.971,-4.169],[-80.971,-4.127],[-81.026,-4.106]]]},"properties":{"OBJECTID":1649,"CD_PROV":"2007","CD_DEPA":"20","NM_PROV":"TALARA","NM_DEPA":"PIURA","FEC_ING":"26/12/2024","GLOBALID":"{DBA3BCF6-1D72-4264-A7D4-6674B6C09909}","SHAPE.AREA":0.23836258152263401,"SHAPE.LEN":2.4450439175279901}},{"type":"Feature","id":1650,"geometry":{"type":"Polygon","coordinates":[[[-80.851,-5.406],[-80.961,-5.35],[-80.994,-5.388],[-80.912,-5.486],[-80.855,-5.625],[-80.856,-5.73],[-80.885,-5.799],[-80.918,-5.834],[-80.954,-5.846],[-81.023,-5.83],[-81.068,-5.786],[-81.084,-5.792],[-81.097,-5.838],[-81.124,-5.843],[-81.149,-5.89],[-81.149,-5.981],[-81.092,-6.082],[-80.895,-6.203],[-80.784,-6.299],[-80.627,-6.372],[-80.425,-6.028],[-80.388,-5.996],[-80.328,-6.006],[-80.35,-5.978],[-80.287,-5.921],[-80.171,-5.88],[-80.124,-5.891],[-80.053,-5.811],[-80.253,-5.694],[-80.535,-5.602],[-80.553,-5.492],[-80.591,-5.479],[-80.645,-5.487],[-80.644,-5.437],[-80.752,-5.403],[-80.851,-5.406]]]},"properties":{"OBJECTID":1650,"CD_PROV":"2008","CD_DEPA":"20","NM_PROV":"SECHURA","NM_DEPA":"PIURA","FEC_ING":"26/12/2024","GLOBALID":"{DEE6548B-0D18-4D0D-8449-70E1E45F2359}","SHAPE.AREA":0.51072967615415799,"SHAPE.LEN":3.7865396140965499}},{"type":"Feature","id":1651,"geometry":{"type":"MultiPolygon","coordinates":[[[[-69.89,-15.507],[-69.894,-15.479],[-69.905,-15.507],[-69.947,-15.514],[-69.964,-15.548],[-70.011,-15.552],[-69.998,-15.56],[-70.026,-15.565],[-70.084,-15.642],[-70.123,-15.637],[-70.145,-15.67],[-70.168,-15.632],[-70.201,-15.617],[-70.205,-15.642],[-70.261,-15.674],[-70.313,-15.737],[-70.341,-15.726],[-70.374,-15.741],[-70.416,-15.737],[-70.438,-15.787],[-70.419,-15.819],[-70.446,-15.896],[-70.479,-15.911],[-70.481,-15.946],[-70.517,-15.976],[-70.563,-15.982],[-70.507,-16.038],[-70.466,-16.05],[-70.44,-16.037],[-70.434,-16.062],[-70.403,-16.087],[-70.402,-16.149],[-70.361,-16.208],[-70.329,-16.205],[-70.327,-16.232],[-70.345,-16.256],[-70.346,-16.348],[-70.382,-16.386],[-70.357,-16.4],[-70.361,-16.411],[-70.325,-16.418],[-70.301,-16.479],[-70.185,-16.538],[-70.166,-16.613],[-70.088,-16.655],[-70.05,-16.628],[-70.025,-16.631],[-70.024,-16.597],[-69.991,-16.579],[-69.963,-16.538],[-69.895,-16.509],[-69.852,-16.401],[-69.8,-16.385],[-69.785,-16.362],[-69.803,-16.344],[-69.807,-16.277],[-69.776,-16.26],[-69.76,-16.215],[-69.707,-16.194],[-69.689,-16.129],[-69.669,-16.115],[-69.703,-16.087],[-69.655,-16.06],[-69.649,-16.013],[-69.629,-16.019],[-69.61,-15.997],[-69.61,-15.983],[-69.674,-15.963],[-69.701,-15.92],[-69.736,-15.901],[-69.741,-15.919],[-69.758,-15.9],[-69.76,-15.912],[-69.779,-15.856],[-69.766,-15.833],[-69.806,-15.783],[-69.843,-15.808],[-69.851,-15.855],[-69.848,-15.868],[-69.827,-15.859],[-69.819,-15.882],[-69.81,-15.868],[-69.798,-15.894],[-69.783,-15.891],[-69.784,-15.928],[-69.816,-15.911],[-69.837,-15.911],[-69.836,-15.923],[-69.846,-15.91],[-69.845,-15.933],[-69.86,-15.932],[-69.892,-15.882],[-69.964,-15.851],[-69.995,-15.864],[-70.015,-15.851],[-70.018,-15.83],[-69.989,-15.819],[-70.035,-15.769],[-70.024,-15.742],[-70.034,-15.723],[-70.012,-15.687],[-69.965,-15.702],[-69.955,-15.687],[-69.967,-15.665],[-69.948,-15.675],[-69.916,-15.628],[-69.918,-15.613],[-69.931,-15.618],[-69.918,-15.591],[-69.933,-15.589],[-69.915,-15.569],[-69.943,-15.557],[-69.906,-15.565],[-69.855,-15.625],[-69.851,-15.676],[-69.821,-15.708],[-69.79,-15.726],[-69.744,-15.723],[-69.803,-15.675],[-69.761,-15.682],[-69.771,-15.658],[-69.804,-15.654],[-69.811,-15.607],[-69.89,-15.507]],[[-70.2,-15.7],[-70.188,-15.726],[-70.15,-15.712],[-70.164,-15.719],[-70.142,-15.749],[-70.202,-15.772],[-70.2,-15.7]]],[[[-69.686,-15.914],[-69.672,-15.96],[-69.61,-15.959],[-69.672,-15.956],[-69.686,-15.914]]],[[[-69.694,-15.892],[-69.711,-15.916],[-69.667,-15.915],[-69.694,-15.892]]],[[[-69.826,-15.894],[-69.825,-15.878],[-69.834,-15.888],[-69.826,-15.894]]],[[[-69.684,-15.752],[-69.696,-15.754],[-69.682,-15.798],[-69.684,-15.752]]],[[[-69.707,-15.649],[-69.727,-15.663],[-69.717,-15.68],[-69.693,-15.663],[-69.707,-15.649]]]]},"properties":{"OBJECTID":1651,"CD_PROV":"2101","CD_DEPA":"21","NM_PROV":"PUNO","NM_DEPA":"PUNO","FEC_ING":"26/12/2024","GLOBALID":"{166AD409-8E65-40D6-95F8-6C0E0C5F9DEE}","SHAPE.AREA":0.54522022121930203,"SHAPE.LEN":7.5062704362137795}},{"type":"Feature","id":1489,"geometry":{"type":"Polygon","coordinates":[[[-77.726,-5.944],[-77.77,-5.967],[-77.788,-6.028],[-77.806,-6.032],[-77.808,-6.081],[-77.789,-6.123],[-77.841,-6.129],[-77.891,-6.103],[-77.911,-6.181],[-77.903,-6.208],[-77.94,-6.259],[-77.926,-6.357],[-77.874,-6.411],[-77.864,-6.477],[-77.827,-6.546],[-77.798,-6.695],[-77.835,-6.733],[-77.893,-6.734],[-77.908,-6.701],[-77.936,-6.69],[-77.96,-6.714],[-78.001,-6.721],[-78.009,-6.743],[-78.038,-6.744],[-78.014,-6.821],[-78.031,-6.848],[-78.001,-6.865],[-78.014,-6.932],[-78.0,-6.94],[-78.0,-6.971],[-77.984,-6.963],[-77.929,-6.987],[-77.88,-6.963],[-77.842,-6.977],[-77.834,-6.957],[-77.802,-6.966],[-77.779,-6.941],[-77.759,-6.965],[-77.715,-6.921],[-77.707,-6.908],[-77.765,-6.8],[-77.732,-6.783],[-77.748,-6.746],[-77.746,-6.665],[-77.739,-6.646],[-77.702,-6.677],[-77.68,-6.674],[-77.627,-6.613],[-77.656,-6.604],[-77.667,-6.578],[-77.706,-6.582],[-77.707,-6.56],[-77.726,-6.552],[-77.733,-6.453],[-77.752,-6.402],[-77.704,-6.361],[-77.706,-6.339],[-77.67,-6.34],[-77.629,-6.314],[-77.618,-6.281],[-77.589,-6.304],[-77.555,-6.303],[-77.515,-6.225],[-77.469,-6.185],[-77.5,-6.154],[-77.507,-6.089],[-77.565,-6.029],[-77.596,-6.033],[-77.598,-6.004],[-77.688,-5.979],[-77.726,-5.944]]]},"properties":{"OBJECTID":1489,"CD_PROV":"0101","CD_DEPA":"01","NM_PROV":"CHACHAPOYAS","NM_DEPA":"AMAZONAS","FEC_ING":"26/12/2024","GLOBALID":"{003BD7FE-25A5-42FC-BD8B-4DD22420C6C7}","SHAPE.AREA":0.23760536526719903,"SHAPE.LEN":3.8722380080801098}},{"type":"Feature","id":1490,"geometry":{"type":"Polygon","coordinates":[[[-78.625,-4.501],[-78.661,-4.53],[-78.654,-4.583],[-78.707,-4.624],[-78.665,-4.656],[-78.638,-4.656],[-78.645,-4.735],[-78.628,-4.74],[-78.621,-4.768],[-78.642,-4.802],[-78.632,-4.836],[-78.645,-4.907],[-78.678,-4.968],[-78.651,-4.979],[-78.641,-5.034],[-78.701,-5.104],[-78.709,-5.18],[-78.685,-5.266],[-78.654,-5.274],[-78.642,-5.304],[-78.581,-5.308],[-78.503,-5.412],[-78.451,-5.39],[-78.454,-5.426],[-78.558,-5.495],[-78.55,-5.531],[-78.564,-5.555],[-78.553,-5.562],[-78.567,-5.594],[-78.542,-5.61],[-78.564,-5.627],[-78.56,-5.647],[-78.526,-5.648],[-78.503,-5.692],[-78.452,-5.733],[-78.368,-5.627],[-78.315,-5.616],[-78.336,-5.538],[-78.303,-5.501],[-78.312,-5.486],[-78.239,-5.47],[-78.223,-5.435],[-78.163,-5.387],[-78.146,-5.34],[-78.121,-5.329],[-78.097,-5.341],[-78.07,-5.272],[-78.076,-5.251],[-78.057,-5.209],[-78.075,-5.175],[-78.097,-5.169],[-78.096,-5.142],[-78.158,-5.116],[-78.138,-5.084],[-78.168,-5.081],[-78.196,-5.031],[-78.179,-4.996],[-78.145,-4.99],[-78.165,-4.937],[-78.128,-4.883],[-78.119,-4.841],[-78.154,-4.763],[-78.12,-4.698],[-78.162,-4.634],[-78.186,-4.656],[-78.223,-4.662],[-78.262,-4.721],[-78.276,-4.66],[-78.33,-4.68],[-78.361,-4.648],[-78.414,-4.66],[-78.466,-4.648],[-78.522,-4.586],[-78.554,-4.579],[-78.581,-4.601],[-78.581,-4.534],[-78.625,-4.501]]]},"properties":{"OBJECTID":1490,"CD_PROV":"0102","CD_DEPA":"01","NM_PROV":"BAGUA","NM_DEPA":"AMAZONAS","FEC_ING":"26/12/2024","GLOBALID":"{46002DCF-1090-40D3-B016-9A15F7F2884E}","SHAPE.AREA":0.46845678694475201,"SHAPE.LEN":4.4490924944239092}},{"type":"Feature","id":1491,"geometry":{"type":"Polygon","coordinates":[[[-77.728,-5.14],[-77.745,-5.133],[-77.956,-5.4],[-77.933,-5.491],[-77.991,-5.511],[-77.985,-5.576],[-78.105,-5.757],[-78.077,-5.774],[-78.104,-5.856],[-78.135,-5.894],[-78.123,-5.92],[-78.077,-5.917],[-78.079,-5.954],[-78.058,-5.975],[-77.98,-5.965],[-77.904,-6.093],[-77.84,-6.129],[-77.789,-6.122],[-77.808,-6.081],[-77.806,-6.032],[-77.788,-6.028],[-77.77,-5.967],[-77.719,-5.944],[-77.685,-5.979],[-77.652,-5.935],[-77.683,-5.878],[-77.682,-5.849],[-77.746,-5.835],[-77.77,-5.788],[-77.759,-5.73],[-77.775,-5.69],[-77.736,-5.609],[-77.766,-5.539],[-77.757,-5.514],[-77.771,-5.478],[-77.749,-5.46],[-77.768,-5.438],[-77.745,-5.407],[-77.696,-5.412],[-77.703,-5.381],[-77.682,-5.338],[-77.696,-5.259],[-77.74,-5.213],[-77.695,-5.167],[-77.728,-5.14]]]},"properties":{"OBJECTID":1491,"CD_PROV":"0103","CD_DEPA":"01","NM_PROV":"BONGARA","NM_DEPA":"AMAZONAS","FEC_ING":"26/12/2024","GLOBALID":"{41A765CE-887A-41E4-8D3B-65AC26C8EE55}","SHAPE.AREA":0.231318524306207,"SHAPE.LEN":3.03866134027728}},{"type":"Feature","id":1492,"geometry":{"type":"Polygon","coordinates":[[[-77.794,-3.088],[-77.793,-3.044],[-77.817,-3.001],[-77.808,-2.986],[-77.939,-3.063],[-78.012,-3.178],[-78.091,-3.234],[-78.137,-3.327],[-78.195,-3.361],[-78.179,-3.409],[-78.154,-3.412],[-78.148,-3.481],[-78.218,-3.509],[-78.233,-3.497],[-78.247,-3.402],[-78.347,-3.381],[-78.355,-3.494],[-78.369,-3.541],[-78.392,-3.56],[-78.393,-3.678],[-78.423,-3.693],[-78.409,-3.782],[-78.435,-3.82],[-78.464,-3.827],[-78.49,-3.936],[-78.524,-3.938],[-78.567,-3.993],[-78.568,-4.047],[-78.54,-4.075],[-78.581,-4.137],[-78.578,-4.196],[-78.609,-4.226],[-78.599,-4.258],[-78.652,-4.336],[-78.634,-4.415],[-78.602,-4.412],[-78.638,-4.496],[-78.601,-4.507],[-78.581,-4.534],[-78.581,-4.601],[-78.554,-4.579],[-78.522,-4.586],[-78.466,-4.648],[-78.414,-4.66],[-78.361,-4.648],[-78.33,-4.68],[-78.273,-4.661],[-78.262,-4.721],[-78.223,-4.662],[-78.186,-4.656],[-78.17,-4.637],[-78.147,-4.643],[-78.154,-4.662],[-78.133,-4.665],[-78.12,-4.698],[-78.154,-4.763],[-78.119,-4.842],[-78.128,-4.883],[-78.165,-4.937],[-78.146,-4.991],[-78.179,-4.996],[-78.196,-5.031],[-78.168,-5.081],[-78.138,-5.084],[-78.158,-5.116],[-78.096,-5.142],[-78.097,-5.169],[-78.075,-5.175],[-78.057,-5.209],[-78.075,-5.287],[-78.106,-5.342],[-78.081,-5.402],[-78.055,-5.414],[-78.051,-5.375],[-78.022,-5.366],[-77.956,-5.4],[-77.745,-5.133],[-77.774,-5.097],[-77.822,-5.082],[-77.812,-5.056],[-77.825,-5.032],[-77.758,-4.95],[-77.76,-4.909],[-77.799,-4.825],[-77.795,-4.76],[-77.772,-4.718],[-77.673,-4.63],[-77.653,-4.575],[-77.655,-4.519],[-77.641,-4.497],[-77.589,-4.48],[-77.565,-4.399],[-77.586,-4.251],[-77.548,-4.105],[-77.538,-3.962],[-77.569,-3.893],[-77.561,-3.876],[-77.652,-3.781],[-77.616,-3.708],[-77.62,-3.622],[-77.643,-3.619],[-77.667,-3.572],[-77.716,-3.542],[-77.715,-3.515],[-77.773,-3.429],[-77.794,-3.088]],[[-78.117,-4.53],[-78.116,-4.533],[-78.116,-4.535],[-78.117,-4.53]]]},"properties":{"OBJECTID":1492,"CD_PROV":"0104","CD_DEPA":"01","NM_PROV":"CONDORCANQUI","NM_DEPA":"AMAZONAS","FEC_ING":"26/12/2024","GLOBALID":"{995E04A5-212D-442F-AAF1-65E5B05F759D}","SHAPE.AREA":1.4550901228959099,"SHAPE.LEN":7.7813420464347596}},{"type":"Feature","id":1493,"geometry":{"type":"Polygon","coordinates":[[[-78.13,-5.904],[-78.145,-5.943],[-78.136,-5.958],[-78.172,-5.994],[-78.164,-6.017],[-78.222,-6.061],[-78.29,-6.063],[-78.304,-6.085],[-78.35,-6.087],[-78.368,-6.109],[-78.372,-6.169],[-78.419,-6.188],[-78.419,-6.206],[-78.37,-6.239],[-78.369,-6.273],[-78.335,-6.319],[-78.333,-6.352],[-78.291,-6.373],[-78.277,-6.399],[-78.243,-6.402],[-78.21,-6.458],[-78.19,-6.457],[-78.174,-6.494],[-78.152,-6.5],[-78.138,-6.563],[-78.117,-6.578],[-78.107,-6.643],[-78.05,-6.684],[-78.035,-6.745],[-78.009,-6.743],[-78.001,-6.721],[-77.96,-6.714],[-77.936,-6.69],[-77.908,-6.701],[-77.893,-6.734],[-77.835,-6.733],[-77.802,-6.707],[-77.798,-6.657],[-77.874,-6.411],[-77.906,-6.368],[-77.92,-6.368],[-77.941,-6.283],[-77.903,-6.208],[-77.911,-6.181],[-77.891,-6.101],[-77.98,-5.965],[-78.058,-5.975],[-78.079,-5.954],[-78.077,-5.917],[-78.123,-5.92],[-78.13,-5.904]]]},"properties":{"OBJECTID":1493,"CD_PROV":"0105","CD_DEPA":"01","NM_PROV":"LUYA","NM_DEPA":"AMAZONAS","FEC_ING":"26/12/2024","GLOBALID":"{045D2309-5D6F-49D3-886A-715499FEEF9B}","SHAPE.AREA":0.27014492714392002,"SHAPE.LEN":2.8682828669640399}},{"type":"Feature","id":1494,"geometry":{"type":"Polygon","coordinates":[[[-77.445,-6.05],[-77.477,-6.0],[-77.489,-6.029],[-77.534,-6.063],[-77.507,-6.089],[-77.5,-6.154],[-77.469,-6.185],[-77.521,-6.233],[-77.544,-6.292],[-77.568,-6.309],[-77.618,-6.281],[-77.629,-6.314],[-77.67,-6.34],[-77.708,-6.341],[-77.704,-6.361],[-77.752,-6.404],[-77.733,-6.453],[-77.726,-6.552],[-77.707,-6.56],[-77.706,-6.582],[-77.667,-6.578],[-77.656,-6.604],[-77.569,-6.638],[-77.544,-6.677],[-77.456,-6.681],[-77.407,-6.727],[-77.382,-6.698],[-77.438,-6.603],[-77.394,-6.603],[-77.381,-6.569],[-77.345,-6.547],[-77.326,-6.468],[-77.273,-6.407],[-77.287,-6.331],[-77.244,-6.338],[-77.221,-6.381],[-77.172,-6.381],[-77.132,-6.305],[-77.212,-6.216],[-77.219,-6.194],[-77.202,-6.18],[-77.224,-6.146],[-77.28,-6.142],[-77.346,-6.114],[-77.359,-6.073],[-77.381,-6.08],[-77.405,-6.035],[-77.419,-6.032],[-77.43,-6.062],[-77.445,-6.05]]]},"properties":{"OBJECTID":1494,"CD_PROV":"0106","CD_DEPA":"01","NM_PROV":"RODRIGUEZ DE MENDOZA","NM_DEPA":"AMAZONAS","FEC_ING":"26/12/2024","GLOBALID":"{2BD79143-A71D-4FD9-9A09-0507E962F770}","SHAPE.AREA":0.21106135029112602,"SHAPE.LEN":2.74851588345815}},{"type":"Feature","id":1495,"geometry":{"type":"Polygon","coordinates":[[[-78.093,-5.363],[-78.121,-5.329],[-78.146,-5.34],[-78.163,-5.387],[-78.223,-5.435],[-78.239,-5.47],[-78.312,-5.486],[-78.303,-5.501],[-78.336,-5.538],[-78.315,-5.616],[-78.368,-5.627],[-78.45,-5.733],[-78.503,-5.692],[-78.526,-5.648],[-78.56,-5.647],[-78.564,-5.627],[-78.542,-5.611],[-78.567,-5.594],[-78.555,-5.538],[-78.583,-5.551],[-78.625,-5.639],[-78.686,-5.699],[-78.652,-5.73],[-78.691,-5.75],[-78.712,-5.829],[-78.66,-5.956],[-78.611,-6.017],[-78.608,-6.056],[-78.585,-6.079],[-78.515,-6.073],[-78.42,-6.188],[-78.372,-6.169],[-78.368,-6.109],[-78.35,-6.087],[-78.304,-6.085],[-78.29,-6.063],[-78.222,-6.061],[-78.164,-6.017],[-78.172,-5.994],[-78.136,-5.958],[-78.135,-5.894],[-78.104,-5.856],[-78.077,-5.774],[-78.105,-5.757],[-77.985,-5.576],[-77.991,-5.511],[-77.933,-5.491],[-77.958,-5.397],[-77.992,-5.392],[-78.022,-5.366],[-78.052,-5.376],[-78.048,-5.411],[-78.071,-5.41],[-78.093,-5.363]]]},"properties":{"OBJECTID":1495,"CD_PROV":"0107","CD_DEPA":"01","NM_PROV":"UTCUBAMBA","NM_DEPA":"AMAZONAS","FEC_ING":"26/12/2024","GLOBALID":"{0C5707BB-CC51-4483-B5BF-A74B73D22CDD}","SHAPE.AREA":0.32526555141212804,"SHAPE.LEN":3.52111166312881}},{"type":"Feature","id":1496,"geometry":{"type":"Polygon","coordinates":[[[-77.399,-9.356],[-77.443,-9.351],[-77.542,-9.387],[-77.585,-9.375],[-77.581,-9.392],[-77.644,-9.433],[-77.649,-9.453],[-77.681,-9.418],[-77.675,-9.394],[-77.69,-9.378],[-77.744,-9.371],[-77.766,-9.4],[-77.761,-9.416],[-77.779,-9.425],[-77.834,-9.426],[-77.857,-9.403],[-77.934,-9.481],[-77.916,-9.491],[-77.946,-9.54],[-77.994,-9.536],[-77.974,-9.55],[-77.961,-9.615],[-78.008,-9.683],[-78.042,-9.69],[-78.0,-9.712],[-77.968,-9.706],[-77.987,-9.739],[-77.962,-9.78],[-77.866,-9.764],[-77.783,-9.801],[-77.759,-9.787],[-77.724,-9.695],[-77.662,-9.687],[-77.664,-9.66],[-77.621,-9.621],[-77.614,-9.649],[-77.598,-9.64],[-77.542,-9.706],[-77.536,-9.738],[-77.503,-9.663],[-77.424,-9.68],[-77.304,-9.671],[-77.266,-9.646],[-77.31,-9.572],[-77.301,-9.555],[-77.326,-9.472],[-77.301,-9.44],[-77.32,-9.427],[-77.315,-9.399],[-77.33,-9.382],[-77.351,-9.388],[-77.399,-9.356]]]},"properties":{"OBJECTID":1496,"CD_PROV":"0201","CD_DEPA":"02","NM_PROV":"HUARAZ","NM_DEPA":"ANCASH","FEC_ING":"26/12/2024","GLOBALID":"{36E7E40E-7F8F-4A23-AA81-806A0B975383}","SHAPE.AREA":0.20646210551932201,"SHAPE.LEN":2.8642391792745099}},{"type":"Feature","id":1497,"geometry":{"type":"Polygon","coordinates":[[[-77.614,-9.649],[-77.609,-9.63],[-77.626,-9.623],[-77.664,-9.66],[-77.662,-9.687],[-77.724,-9.695],[-77.759,-9.787],[-77.781,-9.801],[-77.866,-9.764],[-77.962,-9.78],[-77.909,-9.822],[-77.875,-9.811],[-77.834,-9.836],[-77.844,-9.844],[-77.826,-9.914],[-77.78,-9.905],[-77.764,-9.872],[-77.712,-9.837],[-77.664,-9.865],[-77.641,-9.856],[-77.479,-9.874],[-77.489,-9.82],[-77.522,-9.792],[-77.542,-9.706],[-77.598,-9.64],[-77.614,-9.649]]]},"properties":{"OBJECTID":1497,"CD_PROV":"0202","CD_DEPA":"02","NM_PROV":"AIJA","NM_DEPA":"ANCASH","FEC_ING":"26/12/2024","GLOBALID":"{910F1171-7C56-45E8-B145-34F8FF807174}","SHAPE.AREA":0.057312916192601503,"SHAPE.LEN":1.5766103384809798}},{"type":"Feature","id":1498,"geometry":{"type":"Polygon","coordinates":[[[-77.089,-8.975],[-77.123,-8.978],[-77.111,-9.008],[-77.152,-9.034],[-77.141,-9.091],[-77.165,-9.106],[-77.154,-9.143],[-77.174,-9.16],[-77.142,-9.202],[-77.084,-9.182],[-77.086,-9.264],[-77.012,-9.299],[-76.96,-9.207],[-76.945,-9.075],[-76.981,-9.063],[-77.036,-9.0],[-77.089,-8.975]]]},"properties":{"OBJECTID":1498,"CD_PROV":"0203","CD_DEPA":"02","NM_PROV":"ANTONIO RAYMONDI","NM_DEPA":"ANCASH","FEC_ING":"26/12/2024","GLOBALID":"{22FCD860-76C6-4BE1-A13E-540F543212C1}","SHAPE.AREA":0.045844250699263206,"SHAPE.LEN":1.0718085356610199}},{"type":"Feature","id":1499,"geometry":{"type":"Polygon","coordinates":[[[-77.388,-9.058],[-77.436,-9.058],[-77.449,-9.087],[-77.494,-9.109],[-77.528,-9.158],[-77.532,-9.199],[-77.517,-9.206],[-77.511,-9.254],[-77.483,-9.254],[-77.478,-9.271],[-77.409,-9.273],[-77.319,-9.324],[-77.309,-9.283],[-77.275,-9.278],[-77.263,-9.199],[-77.293,-9.183],[-77.319,-9.137],[-77.366,-9.114],[-77.362,-9.065],[-77.388,-9.058]]]},"properties":{"OBJECTID":1499,"CD_PROV":"0204","CD_DEPA":"02","NM_PROV":"ASUNCION","NM_DEPA":"ANCASH","FEC_ING":"26/12/2024","GLOBALID":"{6C924994-9C38-4582-A694-F453B361C61F}","SHAPE.AREA":0.043418388894076197,"SHAPE.LEN":0.97764845198003103}},{"type":"Feature","id":1500,"geometry":{"type":"Polygon","coordinates":[[[-76.944,-9.704],[-76.981,-9.725],[-76.974,-9.76],[-77.024,-9.704],[-77.034,-9.709],[-77.028,-9.764],[-77.048,-9.795],[-77.099,-9.806],[-77.095,-9.841],[-77.159,-9.827],[-77.187,-9.836],[-77.173,-9.912],[-77.189,-9.929],[-77.219,-9.92],[-77.223,-9.952],[-77.206,-9.967],[-77.224,-10.038],[-77.208,-10.062],[-77.216,-10.087],[-77.202,-10.092],[-77.209,-10.132],[-77.249,-10.137],[-77.28,-10.16],[-77.321,-10.127],[-77.342,-10.131],[-77.346,-10.16],[-77.401,-10.132],[-77.459,-10.156],[-77.517,-10.148],[-77.554,-10.186],[-77.575,-10.25],[-77.674,-10.207],[-77.696,-10.257],[-77.699,-10.322],[-77.651,-10.345],[-77.631,-10.322],[-77.599,-10.383],[-77.524,-10.387],[-77.5,-10.348],[-77.481,-10.346],[-77.463,-10.276],[-77.399,-10.272],[-77.36,-10.292],[-77.327,-10.256],[-77.301,-10.285],[-77.256,-10.254],[-77.229,-10.331],[-77.158,-10.362],[-77.172,-10.444],[-77.189,-10.458],[-77.176,-10.483],[-77.072,-10.338],[-77.014,-10.316],[-77.005,-10.283],[-76.965,-10.305],[-76.936,-10.279],[-76.906,-10.274],[-76.916,-10.12],[-76.88,-10.117],[-76.871,-10.094],[-76.854,-10.102],[-76.843,-10.087],[-76.807,-10.084],[-76.825,-10.009],[-76.814,-9.961],[-76.842,-9.931],[-76.898,-9.809],[-76.902,-9.77],[-76.944,-9.704]]]},"properties":{"OBJECTID":1500,"CD_PROV":"0205","CD_DEPA":"02","NM_PROV":"BOLOGNESI","NM_DEPA":"ANCASH","FEC_ING":"26/12/2024","GLOBALID":"{EDEE0C2E-C7F9-4607-A920-CE8EEDB87F34}","SHAPE.AREA":0.25794352299118101,"SHAPE.LEN":3.9170204925704799}},{"type":"Feature","id":1501,"geometry":{"type":"Polygon","coordinates":[[[-77.529,-9.085],[-77.572,-9.086],[-77.601,-9.109],[-77.591,-9.172],[-77.617,-9.215],[-77.644,-9.197],[-77.662,-9.241],[-77.681,-9.246],[-77.689,-9.224],[-77.725,-9.276],[-77.766,-9.293],[-77.777,-9.315],[-77.744,-9.371],[-77.684,-9.384],[-77.681,-9.418],[-77.649,-9.453],[-77.644,-9.433],[-77.581,-9.392],[-77.585,-9.375],[-77.542,-9.387],[-77.53,-9.373],[-77.398,-9.347],[-77.351,-9.388],[-77.33,-9.382],[-77.326,-9.31],[-77.409,-9.273],[-77.479,-9.271],[-77.481,-9.255],[-77.513,-9.252],[-77.534,-9.173],[-77.49,-9.107],[-77.529,-9.085]]]},"properties":{"OBJECTID":1501,"CD_PROV":"0206","CD_DEPA":"02","NM_PROV":"CARHUAZ","NM_DEPA":"ANCASH","FEC_ING":"26/12/2024","GLOBALID":"{12533B6F-C59F-4F50-9E01-82067BD22A2A}","SHAPE.AREA":0.066931259986572691,"SHAPE.LEN":1.69667236299532}},{"type":"Feature","id":1502,"geometry":{"type":"Polygon","coordinates":[[[-77.143,-8.9],[-77.16,-8.897],[-77.175,-8.927],[-77.32,-8.945],[-77.359,-8.971],[-77.366,-9.114],[-77.319,-9.137],[-77.262,-9.208],[-77.222,-9.168],[-77.154,-9.143],[-77.168,-9.122],[-77.141,-9.091],[-77.152,-9.034],[-77.112,-9.009],[-77.123,-8.978],[-77.102,-8.961],[-77.143,-8.9]]]},"properties":{"OBJECTID":1502,"CD_PROV":"0207","CD_DEPA":"02","NM_PROV":"CARLOS FERMIN FITZCARRALD","NM_DEPA":"ANCASH","FEC_ING":"26/12/2024","GLOBALID":"{81ACD681-F607-45FF-ABC4-3A7992CDFB71}","SHAPE.AREA":0.051561407258557602,"SHAPE.LEN":1.1073686871884598}},{"type":"Feature","id":1503,"geometry":{"type":"Polygon","coordinates":[[[-78.259,-9.201],[-78.282,-9.223],[-78.299,-9.216],[-78.336,-9.263],[-78.363,-9.265],[-78.384,-9.326],[-78.412,-9.353],[-78.429,-9.349],[-78.409,-9.365],[-78.434,-9.39],[-78.418,-9.426],[-78.383,-9.445],[-78.405,-9.475],[-78.391,-9.531],[-78.366,-9.559],[-78.367,-9.63],[-78.343,-9.633],[-78.294,-9.705],[-78.296,-9.726],[-78.226,-9.795],[-78.145,-9.715],[-78.087,-9.72],[-78.058,-9.689],[-78.007,-9.682],[-77.959,-9.605],[-77.974,-9.55],[-77.994,-9.536],[-77.946,-9.54],[-77.916,-9.491],[-77.934,-9.481],[-77.901,-9.442],[-77.933,-9.395],[-77.996,-9.446],[-78.034,-9.41],[-78.003,-9.381],[-78.06,-9.335],[-78.058,-9.272],[-78.116,-9.257],[-78.142,-9.269],[-78.211,-9.209],[-78.259,-9.201]]]},"properties":{"OBJECTID":1503,"CD_PROV":"0208","CD_DEPA":"02","NM_PROV":"CASMA","NM_DEPA":"ANCASH","FEC_ING":"26/12/2024","GLOBALID":"{D45BEDA4-E617-4898-B164-E43ABE529937}","SHAPE.AREA":0.18706937408845997,"SHAPE.LEN":2.5620759825962103}},{"type":"Feature","id":1504,"geometry":{"type":"Polygon","coordinates":[[[-77.794,-8.387],[-77.876,-8.398],[-77.881,-8.44],[-77.916,-8.458],[-77.934,-8.449],[-77.949,-8.481],[-77.976,-8.476],[-77.968,-8.504],[-77.992,-8.532],[-78.078,-8.569],[-78.096,-8.597],[-78.122,-8.596],[-78.13,-8.617],[-78.111,-8.656],[-78.029,-8.676],[-78.009,-8.667],[-77.956,-8.699],[-77.92,-8.748],[-77.88,-8.684],[-77.721,-8.657],[-77.696,-8.602],[-77.709,-8.586],[-77.689,-8.576],[-77.714,-8.54],[-77.703,-8.511],[-77.765,-8.442],[-77.759,-8.403],[-77.794,-8.387]]]},"properties":{"OBJECTID":1504,"CD_PROV":"0209","CD_DEPA":"02","NM_PROV":"CORONGO","NM_DEPA":"ANCASH","FEC_ING":"26/12/2024","GLOBALID":"{13FB1422-34CF-4B5B-AF15-7EA9D0890D7D}","SHAPE.AREA":0.083385071045976006,"SHAPE.LEN":1.52810894436747}},{"type":"Feature","id":1505,"geometry":{"type":"Polygon","coordinates":[[[-76.925,-9.073],[-76.945,-9.075],[-76.96,-9.207],[-77.012,-9.299],[-77.086,-9.264],[-77.084,-9.182],[-77.142,-9.202],[-77.186,-9.155],[-77.262,-9.208],[-77.275,-9.278],[-77.315,-9.291],[-77.335,-9.353],[-77.315,-9.4],[-77.32,-9.427],[-77.301,-9.44],[-77.326,-9.472],[-77.301,-9.555],[-77.309,-9.575],[-77.228,-9.713],[-77.244,-9.808],[-77.202,-9.832],[-77.095,-9.841],[-77.099,-9.806],[-77.048,-9.795],[-77.028,-9.764],[-77.036,-9.719],[-77.022,-9.702],[-77.047,-9.633],[-76.995,-9.603],[-76.98,-9.564],[-76.955,-9.56],[-76.938,-9.525],[-76.953,-9.467],[-76.93,-9.433],[-76.935,-9.399],[-76.847,-9.264],[-76.834,-9.266],[-76.815,-9.326],[-76.766,-9.367],[-76.741,-9.331],[-76.728,-9.233],[-76.769,-9.157],[-76.796,-9.133],[-76.873,-9.113],[-76.925,-9.073]]]},"properties":{"OBJECTID":1505,"CD_PROV":"0210","CD_DEPA":"02","NM_PROV":"HUARI","NM_DEPA":"ANCASH","FEC_ING":"26/12/2024","GLOBALID":"{27A75D52-7843-4F06-98EB-6C0D5F008DF8}","SHAPE.AREA":0.22967922392845502,"SHAPE.LEN":3.1212088603147796}},{"type":"Feature","id":1506,"geometry":{"type":"Polygon","coordinates":[[[-78.046,-9.689],[-78.087,-9.72],[-78.145,-9.715],[-78.222,-9.779],[-78.244,-9.868],[-78.225,-9.907],[-78.234,-9.951],[-78.208,-9.967],[-78.176,-10.044],[-78.166,-10.092],[-78.185,-10.109],[-78.102,-10.201],[-78.081,-10.248],[-78.087,-10.277],[-78.057,-10.303],[-78.055,-10.345],[-78.011,-10.375],[-78.001,-10.397],[-78.014,-10.411],[-77.98,-10.439],[-77.966,-10.493],[-77.908,-10.544],[-77.886,-10.612],[-77.84,-10.568],[-77.8,-10.585],[-77.771,-10.572],[-77.771,-10.516],[-77.799,-10.477],[-77.75,-10.407],[-77.753,-10.322],[-77.699,-10.322],[-77.696,-10.257],[-77.656,-10.152],[-77.698,-10.144],[-77.7,-10.109],[-77.722,-10.079],[-77.71,-10.052],[-77.753,-10.043],[-77.773,-9.998],[-77.632,-10.022],[-77.608,-9.95],[-77.55,-9.878],[-77.641,-9.856],[-77.664,-9.865],[-77.712,-9.837],[-77.764,-9.872],[-77.78,-9.905],[-77.826,-9.914],[-77.844,-9.844],[-77.834,-9.836],[-77.854,-9.817],[-77.903,-9.823],[-77.933,-9.807],[-77.987,-9.739],[-77.968,-9.706],[-78.0,-9.712],[-78.046,-9.689]]]},"properties":{"OBJECTID":1506,"CD_PROV":"0211","CD_DEPA":"02","NM_PROV":"HUARMEY","NM_DEPA":"ANCASH","FEC_ING":"26/12/2024","GLOBALID":"{657B5EF2-C478-4539-BC22-FBB3730EBAA1}","SHAPE.AREA":0.32321139982698099,"SHAPE.LEN":3.7109540712087896}},{"type":"Feature","id":1507,"geometry":{"type":"Polygon","coordinates":[[[-77.718,-8.661],[-77.772,-8.674],[-77.801,-8.661],[-77.88,-8.684],[-77.92,-8.748],[-77.957,-8.699],[-77.982,-8.693],[-77.996,-8.707],[-78.015,-8.756],[-77.991,-8.799],[-78.001,-8.843],[-77.942,-8.92],[-77.956,-8.955],[-77.942,-8.979],[-78.061,-9.089],[-78.062,-9.129],[-78.016,-9.167],[-78.074,-9.172],[-78.069,-9.213],[-78.043,-9.242],[-77.928,-9.246],[-77.895,-9.261],[-77.861,-9.251],[-77.839,-9.218],[-77.797,-9.229],[-77.777,-9.186],[-77.783,-9.083],[-77.7,-9.057],[-77.615,-8.994],[-77.614,-8.957],[-77.588,-8.941],[-77.574,-8.9],[-77.608,-8.872],[-77.581,-8.818],[-77.581,-8.771],[-77.718,-8.661]]]},"properties":{"OBJECTID":1507,"CD_PROV":"0212","CD_DEPA":"02","NM_PROV":"HUAYLAS","NM_DEPA":"ANCASH","FEC_ING":"26/12/2024","GLOBALID":"{CAD312D9-1719-4E7B-B3DB-496B0455325B}","SHAPE.AREA":0.18798321988984801,"SHAPE.LEN":2.3724155631534396}},{"type":"Feature","id":1508,"geometry":{"type":"Polygon","coordinates":[[[-77.28,-8.703],[-77.387,-8.763],[-77.401,-8.795],[-77.438,-8.813],[-77.447,-8.838],[-77.368,-8.909],[-77.486,-8.906],[-77.515,-8.923],[-77.527,-8.904],[-77.563,-8.903],[-77.544,-8.929],[-77.562,-8.954],[-77.552,-8.989],[-77.492,-9.008],[-77.446,-8.99],[-77.39,-8.996],[-77.32,-8.945],[-77.169,-8.921],[-77.16,-8.897],[-77.174,-8.834],[-77.247,-8.713],[-77.28,-8.703]]]},"properties":{"OBJECTID":1508,"CD_PROV":"0213","CD_DEPA":"02","NM_PROV":"MARISCAL LUZURIAGA","NM_DEPA":"ANCASH","FEC_ING":"26/12/2024","GLOBALID":"{011F1054-5C70-4E15-9F75-428B0C5A2AFB}","SHAPE.AREA":0.060507275173514403,"SHAPE.LEN":1.4425754097385999}},{"type":"Feature","id":1509,"geometry":{"type":"Polygon","coordinates":[[[-77.245,-10.266],[-77.262,-10.253],[-77.302,-10.285],[-77.327,-10.256],[-77.36,-10.292],[-77.399,-10.272],[-77.463,-10.276],[-77.481,-10.346],[-77.516,-10.364],[-77.523,-10.387],[-77.598,-10.383],[-77.687,-10.434],[-77.711,-10.504],[-77.743,-10.529],[-77.746,-10.558],[-77.71,-10.56],[-77.625,-10.502],[-77.601,-10.509],[-77.645,-10.583],[-77.62,-10.614],[-77.605,-10.59],[-77.574,-10.588],[-77.591,-10.646],[-77.563,-10.709],[-77.591,-10.786],[-77.524,-10.735],[-77.491,-10.746],[-77.395,-10.718],[-77.395,-10.662],[-77.292,-10.557],[-77.191,-10.552],[-77.167,-10.508],[-77.19,-10.464],[-77.172,-10.444],[-77.158,-10.362],[-77.229,-10.331],[-77.245,-10.266]]]},"properties":{"OBJECTID":1509,"CD_PROV":"0214","CD_DEPA":"02","NM_PROV":"OCROS","NM_DEPA":"ANCASH","FEC_ING":"26/12/2024","GLOBALID":"{D0FCB85C-B0B4-44AD-8AEF-86CD38BA6ACB}","SHAPE.AREA":0.15785703324581102,"SHAPE.LEN":2.4631665348123599}},{"type":"Feature","id":1510,"geometry":{"type":"Polygon","coordinates":[[[-77.647,-8.051],[-77.786,-8.079],[-77.852,-8.075],[-77.868,-8.056],[-77.897,-8.063],[-77.933,-8.197],[-78.019,-8.224],[-78.037,-8.256],[-78.119,-8.314],[-78.108,-8.338],[-78.137,-8.369],[-78.157,-8.479],[-78.217,-8.557],[-78.194,-8.604],[-78.233,-8.658],[-78.204,-8.66],[-78.194,-8.689],[-78.166,-8.695],[-78.152,-8.67],[-78.106,-8.66],[-78.126,-8.6],[-78.096,-8.597],[-78.078,-8.569],[-77.992,-8.532],[-77.968,-8.504],[-77.976,-8.476],[-77.949,-8.481],[-77.934,-8.449],[-77.916,-8.458],[-77.881,-8.44],[-77.876,-8.398],[-77.853,-8.403],[-77.744,-8.363],[-77.703,-8.308],[-77.666,-8.312],[-77.636,-8.269],[-77.57,-8.255],[-77.573,-8.212],[-77.557,-8.194],[-77.637,-8.109],[-77.619,-8.08],[-77.647,-8.051]]]},"properties":{"OBJECTID":1510,"CD_PROV":"0215","CD_DEPA":"02","NM_PROV":"PALLASCA","NM_DEPA":"ANCASH","FEC_ING":"26/12/2024","GLOBALID":"{D1DCE61E-C01F-4829-8778-389242828C5B}","SHAPE.AREA":0.169650695207816,"SHAPE.LEN":2.5163188533210001}},{"type":"Feature","id":1511,"geometry":{"type":"Polygon","coordinates":[[[-77.339,-8.528],[-77.366,-8.507],[-77.49,-8.591],[-77.505,-8.651],[-77.486,-8.683],[-77.54,-8.702],[-77.586,-8.741],[-77.58,-8.815],[-77.598,-8.834],[-77.605,-8.887],[-77.527,-8.904],[-77.515,-8.923],[-77.486,-8.906],[-77.368,-8.909],[-77.447,-8.838],[-77.438,-8.813],[-77.401,-8.796],[-77.395,-8.77],[-77.366,-8.75],[-77.28,-8.703],[-77.261,-8.715],[-77.246,-8.703],[-77.261,-8.649],[-77.294,-8.637],[-77.289,-8.59],[-77.312,-8.531],[-77.339,-8.528]]]},"properties":{"OBJECTID":1511,"CD_PROV":"0216","CD_DEPA":"02","NM_PROV":"POMABAMBA","NM_DEPA":"ANCASH","FEC_ING":"26/12/2024","GLOBALID":"{81DE400E-BD23-4A12-979C-C070D257A160}","SHAPE.AREA":0.075697899150664799,"SHAPE.LEN":1.5681112564450601}},{"type":"Feature","id":1512,"geometry":{"type":"Polygon","coordinates":[[[-77.265,-9.653],[-77.327,-9.679],[-77.335,-9.665],[-77.424,-9.68],[-77.504,-9.663],[-77.536,-9.738],[-77.521,-9.792],[-77.489,-9.82],[-77.479,-9.874],[-77.538,-9.861],[-77.552,-9.872],[-77.608,-9.95],[-77.632,-10.022],[-77.728,-10.014],[-77.769,-9.991],[-77.775,-10.012],[-77.753,-10.043],[-77.71,-10.052],[-77.722,-10.079],[-77.7,-10.109],[-77.698,-10.144],[-77.657,-10.147],[-77.677,-10.2],[-77.667,-10.216],[-77.575,-10.25],[-77.554,-10.186],[-77.517,-10.148],[-77.459,-10.156],[-77.401,-10.132],[-77.346,-10.16],[-77.342,-10.131],[-77.321,-10.127],[-77.28,-10.16],[-77.249,-10.137],[-77.208,-10.131],[-77.202,-10.092],[-77.216,-10.087],[-77.208,-10.062],[-77.224,-10.038],[-77.206,-9.967],[-77.223,-9.953],[-77.22,-9.925],[-77.189,-9.929],[-77.173,-9.91],[-77.187,-9.835],[-77.244,-9.808],[-77.228,-9.713],[-77.265,-9.653]]]},"properties":{"OBJECTID":1512,"CD_PROV":"0217","CD_DEPA":"02","NM_PROV":"RECUAY","NM_DEPA":"ANCASH","FEC_ING":"26/12/2024","GLOBALID":"{D01E0128-12B3-4626-8C8E-DF1B22BB4AD6}","SHAPE.AREA":0.19180892141241598,"SHAPE.LEN":2.6619258531805903}},{"type":"Feature","id":1513,"geometry":{"type":"Polygon","coordinates":[[[-78.232,-8.658],[-78.355,-8.673],[-78.438,-8.733],[-78.552,-8.775],[-78.588,-8.859],[-78.576,-8.889],[-78.59,-8.943],[-78.658,-8.986],[-78.622,-9.017],[-78.639,-9.047],[-78.63,-9.074],[-78.589,-9.08],[-78.562,-9.119],[-78.568,-9.168],[-78.61,-9.16],[-78.61,-9.176],[-78.577,-9.195],[-78.584,-9.203],[-78.554,-9.235],[-78.562,-9.182],[-78.533,-9.175],[-78.496,-9.19],[-78.491,-9.251],[-78.526,-9.275],[-78.499,-9.287],[-78.481,-9.333],[-78.461,-9.316],[-78.418,-9.355],[-78.384,-9.326],[-78.362,-9.264],[-78.336,-9.263],[-78.299,-9.216],[-78.281,-9.223],[-78.261,-9.201],[-78.211,-9.209],[-78.142,-9.269],[-78.116,-9.257],[-78.056,-9.275],[-78.037,-9.244],[-78.068,-9.215],[-78.074,-9.172],[-78.016,-9.167],[-78.062,-9.129],[-78.061,-9.089],[-77.942,-8.979],[-77.956,-8.955],[-77.942,-8.921],[-77.983,-8.88],[-77.986,-8.848],[-78.001,-8.842],[-77.991,-8.799],[-78.015,-8.762],[-77.996,-8.707],[-77.972,-8.688],[-78.074,-8.657],[-78.152,-8.67],[-78.164,-8.694],[-78.184,-8.694],[-78.204,-8.66],[-78.232,-8.658]]]},"properties":{"OBJECTID":1513,"CD_PROV":"0218","CD_DEPA":"02","NM_PROV":"SANTA","NM_DEPA":"ANCASH","FEC_ING":"26/12/2024","GLOBALID":"{80FAD4DD-5A2E-4E53-B269-3927D08BD817}","SHAPE.AREA":0.32669438350560498,"SHAPE.LEN":3.6045501918335896}},{"type":"Feature","id":1514,"geometry":{"type":"Polygon","coordinates":[[[-77.545,-8.238],[-77.566,-8.237],[-77.579,-8.262],[-77.635,-8.269],[-77.66,-8.308],[-77.703,-8.308],[-77.744,-8.363],[-77.799,-8.381],[-77.782,-8.403],[-77.759,-8.403],[-77.765,-8.442],[-77.703,-8.511],[-77.714,-8.54],[-77.689,-8.576],[-77.709,-8.586],[-77.696,-8.602],[-77.721,-8.657],[-77.656,-8.723],[-77.593,-8.758],[-77.542,-8.703],[-77.486,-8.683],[-77.505,-8.651],[-77.488,-8.588],[-77.366,-8.507],[-77.4,-8.483],[-77.406,-8.441],[-77.438,-8.422],[-77.459,-8.336],[-77.478,-8.326],[-77.491,-8.283],[-77.527,-8.268],[-77.545,-8.238]]]},"properties":{"OBJECTID":1514,"CD_PROV":"0219","CD_DEPA":"02","NM_PROV":"SIHUAS","NM_DEPA":"ANCASH","FEC_ING":"26/12/2024","GLOBALID":"{6E30AEF9-A408-4EEA-A11A-DAB2F6B8EB79}","SHAPE.AREA":0.11955318058525101,"SHAPE.LEN":1.7837747002473099}},{"type":"Feature","id":1515,"geometry":{"type":"Polygon","coordinates":[[[-77.573,-8.901],[-77.632,-9.01],[-77.72,-9.067],[-77.783,-9.083],[-77.773,-9.102],[-77.79,-9.225],[-77.839,-9.218],[-77.861,-9.251],[-77.895,-9.261],[-77.928,-9.246],[-78.044,-9.246],[-78.061,-9.334],[-78.003,-9.381],[-78.033,-9.409],[-78.027,-9.422],[-77.993,-9.447],[-77.933,-9.395],[-77.901,-9.442],[-77.857,-9.403],[-77.834,-9.426],[-77.767,-9.422],[-77.743,-9.359],[-77.775,-9.323],[-77.767,-9.293],[-77.725,-9.277],[-77.689,-9.224],[-77.681,-9.246],[-77.665,-9.243],[-77.644,-9.197],[-77.617,-9.215],[-77.591,-9.172],[-77.596,-9.103],[-77.535,-9.082],[-77.482,-9.107],[-77.449,-9.087],[-77.435,-9.058],[-77.362,-9.065],[-77.359,-8.977],[-77.39,-8.996],[-77.518,-9.005],[-77.554,-8.986],[-77.562,-8.954],[-77.544,-8.929],[-77.573,-8.901]]]},"properties":{"OBJECTID":1515,"CD_PROV":"0220","CD_DEPA":"02","NM_PROV":"YUNGAY","NM_DEPA":"ANCASH","FEC_ING":"26/12/2024","GLOBALID":"{39BAC027-E5C5-44DC-85B9-AD30E149ED27}","SHAPE.AREA":0.112125163822391,"SHAPE.LEN":2.6612585368161499}},{"type":"Feature","id":1516,"geometry":{"type":"Polygon","coordinates":[[[-72.916,-13.386],[-72.977,-13.388],[-73.007,-13.423],[-73.044,-13.412],[-73.06,-13.438],[-73.097,-13.449],[-73.15,-13.424],[-73.16,-13.443],[-73.142,-13.45],[-73.127,-13.486],[-73.048,-13.531],[-73.042,-13.562],[-73.016,-13.565],[-72.987,-13.618],[-72.945,-13.652],[-72.978,-13.7],[-73.061,-13.72],[-73.101,-13.763],[-73.119,-13.753],[-73.16,-13.777],[-73.172,-13.804],[-73.074,-13.897],[-73.037,-13.906],[-73.02,-14.113],[-72.98,-14.118],[-72.944,-14.151],[-72.929,-14.136],[-72.892,-14.17],[-72.858,-14.097],[-72.817,-14.095],[-72.799,-14.071],[-72.806,-14.031],[-72.791,-13.983],[-72.763,-13.979],[-72.727,-13.947],[-72.736,-13.914],[-72.638,-13.862],[-72.64,-13.819],[-72.679,-13.776],[-72.576,-13.73],[-72.577,-13.743],[-72.554,-13.751],[-72.492,-13.751],[-72.46,-13.79],[-72.437,-13.681],[-72.399,-13.639],[-72.422,-13.606],[-72.489,-13.592],[-72.56,-13.552],[-72.593,-13.562],[-72.601,-13.544],[-72.641,-13.54],[-72.656,-13.513],[-72.672,-13.522],[-72.748,-13.481],[-72.771,-13.449],[-72.793,-13.457],[-72.797,-13.422],[-72.884,-13.417],[-72.894,-13.39],[-72.916,-13.386]]]},"properties":{"OBJECTID":1516,"CD_PROV":"0301","CD_DEPA":"03","NM_PROV":"ABANCAY","NM_DEPA":"APURIMAC","FEC_ING":"26/12/2024","GLOBALID":"{2EB4E6E0-7BD1-4B81-9D30-4713C39F717D}","SHAPE.AREA":0.28884320713199402,"SHAPE.LEN":3.5349785115267198}},{"type":"Feature","id":1517,"geometry":{"type":"Polygon","coordinates":[[[-73.196,-13.415],[-73.212,-13.419],[-73.235,-13.477],[-73.312,-13.447],[-73.332,-13.456],[-73.347,-13.435],[-73.404,-13.445],[-73.445,-13.43],[-73.484,-13.507],[-73.451,-13.593],[-73.492,-13.577],[-73.53,-13.617],[-73.57,-13.596],[-73.604,-13.61],[-73.593,-13.65],[-73.615,-13.702],[-73.606,-13.729],[-73.667,-13.729],[-73.748,-13.763],[-73.729,-13.816],[-73.698,-13.847],[-73.685,-13.906],[-73.656,-13.93],[-73.626,-13.995],[-73.611,-14.09],[-73.587,-14.11],[-73.519,-14.241],[-73.517,-14.309],[-73.554,-14.401],[-73.582,-14.42],[-73.507,-14.544],[-73.485,-14.534],[-73.49,-14.491],[-73.421,-14.346],[-73.37,-14.319],[-73.38,-14.232],[-73.395,-14.189],[-73.415,-14.179],[-73.397,-14.159],[-73.411,-14.109],[-73.381,-14.096],[-73.371,-14.065],[-73.378,-14.031],[-73.354,-13.991],[-73.355,-13.927],[-73.284,-13.893],[-73.245,-13.815],[-73.21,-13.824],[-73.119,-13.753],[-73.102,-13.763],[-73.092,-13.743],[-73.077,-13.749],[-73.061,-13.72],[-72.978,-13.7],[-72.945,-13.652],[-72.987,-13.618],[-73.016,-13.565],[-73.042,-13.562],[-73.048,-13.531],[-73.126,-13.486],[-73.143,-13.449],[-73.176,-13.451],[-73.196,-13.415]]]},"properties":{"OBJECTID":1517,"CD_PROV":"0302","CD_DEPA":"03","NM_PROV":"ANDAHUAYLAS","NM_DEPA":"APURIMAC","FEC_ING":"26/12/2024","GLOBALID":"{6EA0029D-A498-4692-82D3-FA1C43FAF669}","SHAPE.AREA":0.33739644400652202,"SHAPE.LEN":3.9265942341961697}},{"type":"Feature","id":1518,"geometry":{"type":"Polygon","coordinates":[[[-73.028,-14.11],[-73.079,-14.146],[-73.076,-14.206],[-73.042,-14.255],[-73.07,-14.274],[-73.083,-14.329],[-73.048,-14.345],[-73.038,-14.39],[-72.981,-14.441],[-72.998,-14.484],[-72.984,-14.543],[-72.997,-14.581],[-73.014,-14.586],[-73.017,-14.631],[-72.998,-14.662],[-72.975,-14.652],[-72.936,-14.695],[-72.918,-14.685],[-72.868,-14.708],[-72.846,-14.76],[-72.828,-14.702],[-72.79,-14.65],[-72.77,-14.665],[-72.725,-14.644],[-72.724,-14.677],[-72.691,-14.689],[-72.645,-14.667],[-72.611,-14.676],[-72.594,-14.714],[-72.561,-14.678],[-72.471,-14.661],[-72.462,-14.606],[-72.503,-14.552],[-72.44,-14.482],[-72.395,-14.483],[-72.364,-14.46],[-72.368,-14.351],[-72.339,-14.326],[-72.364,-14.287],[-72.377,-14.299],[-72.401,-14.292],[-72.443,-14.226],[-72.485,-14.2],[-72.57,-14.255],[-72.601,-14.239],[-72.637,-14.32],[-72.627,-14.344],[-72.675,-14.362],[-72.71,-14.342],[-72.695,-14.319],[-72.708,-14.276],[-72.729,-14.261],[-72.759,-14.262],[-72.795,-14.292],[-72.813,-14.265],[-72.863,-14.278],[-72.902,-14.224],[-72.887,-14.2],[-72.914,-14.147],[-72.929,-14.136],[-72.944,-14.151],[-72.98,-14.118],[-73.028,-14.11]]]},"properties":{"OBJECTID":1518,"CD_PROV":"0303","CD_DEPA":"03","NM_PROV":"ANTABAMBA","NM_DEPA":"APURIMAC","FEC_ING":"26/12/2024","GLOBALID":"{D62E1A6D-F10B-44E9-BD24-E556B8E23AF7}","SHAPE.AREA":0.27062282707762597,"SHAPE.LEN":3.3867628793382099}},{"type":"Feature","id":1519,"geometry":{"type":"Polygon","coordinates":[[[-73.179,-13.8],[-73.221,-13.828],[-73.245,-13.815],[-73.284,-13.893],[-73.355,-13.927],[-73.345,-13.942],[-73.378,-14.031],[-73.379,-14.092],[-73.411,-14.109],[-73.397,-14.159],[-73.415,-14.181],[-73.395,-14.189],[-73.38,-14.232],[-73.37,-14.319],[-73.421,-14.346],[-73.49,-14.491],[-73.485,-14.534],[-73.533,-14.58],[-73.51,-14.646],[-73.518,-14.667],[-73.575,-14.695],[-73.563,-14.779],[-73.485,-14.843],[-73.464,-14.84],[-73.44,-14.787],[-73.407,-14.769],[-73.364,-14.682],[-73.351,-14.704],[-73.287,-14.734],[-73.264,-14.71],[-73.19,-14.706],[-73.153,-14.674],[-73.113,-14.693],[-73.098,-14.651],[-73.063,-14.666],[-73.043,-14.657],[-73.043,-14.624],[-73.017,-14.631],[-73.014,-14.585],[-72.992,-14.571],[-72.998,-14.482],[-72.981,-14.441],[-73.038,-14.39],[-73.048,-14.345],[-73.083,-14.329],[-73.07,-14.274],[-73.042,-14.255],[-73.076,-14.206],[-73.079,-14.146],[-73.017,-14.102],[-73.037,-13.906],[-73.074,-13.897],[-73.179,-13.8]]]},"properties":{"OBJECTID":1519,"CD_PROV":"0304","CD_DEPA":"03","NM_PROV":"AYMARAES","NM_DEPA":"APURIMAC","FEC_ING":"26/12/2024","GLOBALID":"{686441EF-E4BC-4870-B387-778C4534DE7E}","SHAPE.AREA":0.34588856012823099,"SHAPE.LEN":3.4501928514860398}},{"type":"Feature","id":1520,"geometry":{"type":"Polygon","coordinates":[[[-72.4,-13.643],[-72.422,-13.651],[-72.437,-13.681],[-72.481,-13.88],[-72.451,-13.919],[-72.456,-13.969],[-72.446,-14.015],[-72.419,-14.03],[-72.422,-14.067],[-72.369,-14.08],[-72.376,-14.113],[-72.35,-14.143],[-72.382,-14.168],[-72.389,-14.209],[-72.417,-14.21],[-72.463,-14.183],[-72.48,-14.202],[-72.443,-14.226],[-72.419,-14.279],[-72.387,-14.299],[-72.367,-14.285],[-72.345,-14.306],[-72.339,-14.326],[-72.368,-14.351],[-72.369,-14.428],[-72.317,-14.441],[-72.29,-14.424],[-72.295,-14.411],[-72.25,-14.403],[-72.24,-14.348],[-72.187,-14.313],[-72.161,-14.264],[-72.126,-14.254],[-72.076,-14.207],[-72.095,-14.173],[-72.057,-14.129],[-72.068,-14.077],[-72.051,-14.027],[-72.056,-13.931],[-72.166,-13.748],[-72.231,-13.722],[-72.231,-13.705],[-72.261,-13.682],[-72.312,-13.708],[-72.369,-13.666],[-72.402,-13.659],[-72.4,-13.643]]]},"properties":{"OBJECTID":1520,"CD_PROV":"0305","CD_DEPA":"03","NM_PROV":"COTABAMBAS","NM_DEPA":"APURIMAC","FEC_ING":"26/12/2024","GLOBALID":"{3A1FB5E8-B0DF-4688-8681-5D7B2467F144}","SHAPE.AREA":0.21917390908148901,"SHAPE.LEN":2.6468658821809199}},{"type":"Feature","id":1521,"geometry":{"type":"Polygon","coordinates":[[[-73.747,-13.174],[-73.793,-13.194],[-73.824,-13.248],[-73.806,-13.313],[-73.832,-13.33],[-73.847,-13.4],[-73.827,-13.434],[-73.839,-13.456],[-73.804,-13.555],[-73.806,-13.614],[-73.792,-13.641],[-73.728,-13.668],[-73.711,-13.708],[-73.629,-13.737],[-73.606,-13.729],[-73.615,-13.702],[-73.593,-13.65],[-73.604,-13.61],[-73.57,-13.596],[-73.53,-13.617],[-73.492,-13.577],[-73.451,-13.593],[-73.484,-13.507],[-73.445,-13.43],[-73.482,-13.431],[-73.507,-13.384],[-73.571,-13.363],[-73.574,-13.339],[-73.625,-13.321],[-73.663,-13.282],[-73.728,-13.268],[-73.74,-13.211],[-73.729,-13.188],[-73.747,-13.174]]]},"properties":{"OBJECTID":1521,"CD_PROV":"0306","CD_DEPA":"03","NM_PROV":"CHINCHEROS","NM_DEPA":"APURIMAC","FEC_ING":"26/12/2024","GLOBALID":"{4DBCAB4A-7660-48BB-A4A2-7AB603D151D5}","SHAPE.AREA":0.125912197451751,"SHAPE.LEN":1.9406657523758799}},{"type":"Feature","id":1522,"geometry":{"type":"Polygon","coordinates":[[[-72.587,-13.731],[-72.644,-13.771],[-72.679,-13.776],[-72.64,-13.819],[-72.638,-13.862],[-72.727,-13.908],[-72.741,-13.925],[-72.727,-13.947],[-72.763,-13.979],[-72.79,-13.981],[-72.806,-14.029],[-72.799,-14.071],[-72.817,-14.095],[-72.858,-14.097],[-72.887,-14.146],[-72.887,-14.201],[-72.902,-14.224],[-72.863,-14.278],[-72.813,-14.265],[-72.796,-14.292],[-72.759,-14.262],[-72.729,-14.261],[-72.708,-14.276],[-72.695,-14.319],[-72.71,-14.342],[-72.673,-14.362],[-72.627,-14.344],[-72.637,-14.32],[-72.601,-14.239],[-72.57,-14.255],[-72.463,-14.183],[-72.417,-14.21],[-72.39,-14.209],[-72.382,-14.168],[-72.35,-14.143],[-72.376,-14.113],[-72.369,-14.08],[-72.413,-14.079],[-72.419,-14.03],[-72.446,-14.015],[-72.451,-13.919],[-72.481,-13.88],[-72.468,-13.773],[-72.501,-13.747],[-72.554,-13.751],[-72.587,-13.731]]]},"properties":{"OBJECTID":1522,"CD_PROV":"0307","CD_DEPA":"03","NM_PROV":"GRAU","NM_DEPA":"APURIMAC","FEC_ING":"26/12/2024","GLOBALID":"{6EE0159A-3F9E-4021-9637-45C138BAE5AA}","SHAPE.AREA":0.178095949582386,"SHAPE.LEN":2.5110525178518697}},{"type":"Feature","id":1523,"geometry":{"type":"Polygon","coordinates":[[[-71.502,-15.926],[-71.53,-15.931],[-71.578,-15.991],[-71.627,-15.979],[-71.651,-15.988],[-71.665,-15.96],[-71.704,-15.934],[-71.708,-15.985],[-71.755,-16.03],[-71.827,-16.059],[-71.87,-16.13],[-71.907,-16.158],[-71.995,-16.138],[-72.057,-16.208],[-72.091,-16.189],[-72.075,-16.222],[-72.182,-16.411],[-72.198,-16.491],[-72.279,-16.611],[-72.274,-16.657],[-72.196,-16.687],[-72.196,-16.703],[-72.132,-16.744],[-72.122,-16.779],[-72.094,-16.768],[-71.997,-16.8],[-71.91,-16.675],[-71.871,-16.713],[-71.87,-16.786],[-71.755,-16.701],[-71.649,-16.695],[-71.641,-16.706],[-71.622,-16.682],[-71.573,-16.7],[-71.545,-16.689],[-71.501,-16.767],[-71.456,-16.758],[-71.452,-16.733],[-71.426,-16.741],[-71.369,-16.72],[-71.327,-16.752],[-71.286,-16.716],[-71.296,-16.706],[-71.279,-16.616],[-71.26,-16.605],[-71.237,-16.515],[-71.242,-16.463],[-71.14,-16.475],[-71.125,-16.461],[-71.047,-16.454],[-71.037,-16.486],[-71.013,-16.499],[-70.956,-16.473],[-70.986,-16.31],[-70.944,-16.314],[-70.917,-16.283],[-70.876,-16.282],[-70.845,-16.235],[-70.867,-16.225],[-70.854,-16.197],[-70.879,-16.167],[-70.867,-16.128],[-70.895,-16.105],[-70.857,-16.056],[-70.804,-16.054],[-70.829,-15.999],[-70.82,-15.978],[-70.842,-15.969],[-70.832,-15.949],[-70.844,-15.923],[-70.878,-15.948],[-71.031,-15.975],[-71.068,-16.004],[-71.087,-15.997],[-71.087,-15.981],[-71.144,-15.983],[-71.202,-16.026],[-71.269,-15.982],[-71.275,-15.954],[-71.371,-15.927],[-71.502,-15.926]],[[-71.138,-16.341],[-71.144,-16.323],[-71.102,-16.341],[-71.093,-16.408],[-71.172,-16.377],[-71.196,-16.383],[-71.197,-16.356],[-71.138,-16.341]]]},"properties":{"OBJECTID":1523,"CD_PROV":"0401","CD_DEPA":"04","NM_PROV":"AREQUIPA","NM_DEPA":"AREQUIPA","FEC_ING":"26/12/2024","GLOBALID":"{70D211F1-05E2-4165-9BFD-5506769310CC}","SHAPE.AREA":0.81168028011641902,"SHAPE.LEN":5.7123132661043599}},{"type":"Feature","id":1524,"geometry":{"type":"Polygon","coordinates":[[[-73.228,-15.877],[-73.221,-15.991],[-73.241,-16.0],[-73.222,-16.119],[-73.203,-16.153],[-73.195,-16.278],[-73.218,-16.287],[-73.24,-16.354],[-73.275,-16.371],[-73.292,-16.406],[-73.272,-16.398],[-73.235,-16.415],[-73.209,-16.4],[-73.049,-16.5],[-72.92,-16.518],[-72.725,-16.648],[-72.448,-16.702],[-72.401,-16.751],[-72.373,-16.752],[-72.31,-16.808],[-72.289,-16.837],[-72.288,-16.875],[-72.183,-16.924],[-72.147,-16.875],[-72.172,-16.85],[-72.223,-16.835],[-72.215,-16.809],[-72.153,-16.795],[-72.128,-16.757],[-72.196,-16.703],[-72.196,-16.687],[-72.274,-16.657],[-72.284,-16.636],[-72.274,-16.601],[-72.198,-16.491],[-72.2,-16.459],[-72.219,-16.513],[-72.32,-16.607],[-72.356,-16.589],[-72.392,-16.612],[-72.451,-16.6],[-72.455,-16.557],[-72.566,-16.573],[-72.605,-16.537],[-72.501,-16.479],[-72.466,-16.383],[-72.482,-16.357],[-72.523,-16.41],[-72.56,-16.397],[-72.603,-16.462],[-72.641,-16.448],[-72.752,-16.327],[-72.798,-16.309],[-72.81,-16.221],[-72.841,-16.174],[-72.844,-16.123],[-72.88,-16.05],[-72.912,-16.03],[-73.066,-16.018],[-73.107,-15.989],[-73.124,-16.013],[-73.14,-16.006],[-73.165,-16.02],[-73.176,-16.001],[-73.151,-15.98],[-73.171,-15.915],[-73.199,-15.884],[-73.228,-15.877]]]},"properties":{"OBJECTID":1524,"CD_PROV":"0402","CD_DEPA":"04","NM_PROV":"CAMANA","NM_DEPA":"AREQUIPA","FEC_ING":"26/12/2024","GLOBALID":"{F1B74A9F-9F9A-498B-8D08-B1AFBF64F10B}","SHAPE.AREA":0.33806076168557997,"SHAPE.LEN":5.3024273201068697}},{"type":"Feature","id":1525,"geometry":{"type":"Polygon","coordinates":[[[-74.739,-15.123],[-74.762,-15.098],[-74.929,-15.192],[-74.964,-15.254],[-74.968,-15.299],[-75.017,-15.351],[-75.046,-15.43],[-75.073,-15.443],[-75.001,-15.462],[-74.974,-15.491],[-74.888,-15.524],[-74.848,-15.555],[-74.854,-15.573],[-74.803,-15.577],[-74.68,-15.645],[-74.472,-15.719],[-74.439,-15.795],[-74.395,-15.829],[-74.327,-15.85],[-74.279,-15.838],[-74.242,-15.879],[-74.054,-15.955],[-74.026,-15.993],[-74.033,-16.018],[-74.018,-16.037],[-73.99,-16.039],[-73.835,-16.155],[-73.728,-16.195],[-73.7,-16.22],[-73.7,-16.242],[-73.676,-16.224],[-73.621,-16.229],[-73.372,-16.312],[-73.303,-16.349],[-73.292,-16.405],[-73.275,-16.371],[-73.24,-16.355],[-73.229,-16.305],[-73.195,-16.279],[-73.198,-16.209],[-73.241,-16.0],[-73.221,-15.991],[-73.229,-15.884],[-73.25,-15.869],[-73.262,-15.825],[-73.241,-15.686],[-73.217,-15.646],[-73.226,-15.57],[-73.204,-15.519],[-73.268,-15.398],[-73.336,-15.405],[-73.366,-15.387],[-73.391,-15.399],[-73.43,-15.379],[-73.442,-15.356],[-73.556,-15.408],[-73.653,-15.417],[-73.686,-15.438],[-73.759,-15.385],[-73.776,-15.339],[-73.865,-15.324],[-73.884,-15.337],[-73.872,-15.433],[-73.918,-15.461],[-73.969,-15.533],[-74.01,-15.559],[-74.02,-15.6],[-74.068,-15.63],[-74.085,-15.619],[-74.067,-15.539],[-74.079,-15.516],[-74.043,-15.491],[-74.037,-15.456],[-74.065,-15.402],[-74.095,-15.392],[-74.15,-15.428],[-74.166,-15.484],[-74.301,-15.478],[-74.329,-15.394],[-74.309,-15.36],[-74.415,-15.299],[-74.388,-15.252],[-74.402,-15.179],[-74.466,-15.173],[-74.553,-15.14],[-74.605,-15.149],[-74.629,-15.124],[-74.652,-15.139],[-74.705,-15.14],[-74.739,-15.123]]]},"properties":{"OBJECTID":1525,"CD_PROV":"0403","CD_DEPA":"04","NM_PROV":"CARAVELI","NM_DEPA":"AREQUIPA","FEC_ING":"26/12/2024","GLOBALID":"{4BCDD567-34F3-4451-86C8-6463D3957064}","SHAPE.AREA":1.09645742683032,"SHAPE.LEN":6.8895352264845595}},{"type":"Feature","id":1526,"geometry":{"type":"Polygon","coordinates":[[[-71.944,-14.876],[-71.952,-14.837],[-72.002,-14.886],[-72.028,-14.877],[-72.046,-14.941],[-72.072,-14.937],[-72.102,-14.955],[-72.099,-14.891],[-72.149,-14.881],[-72.253,-14.946],[-72.265,-15.043],[-72.317,-15.094],[-72.353,-15.096],[-72.372,-15.122],[-72.358,-15.153],[-72.377,-15.198],[-72.365,-15.242],[-72.42,-15.271],[-72.437,-15.299],[-72.427,-15.369],[-72.441,-15.398],[-72.461,-15.388],[-72.519,-15.406],[-72.508,-15.478],[-72.55,-15.54],[-72.608,-15.56],[-72.661,-15.546],[-72.719,-15.588],[-72.704,-15.655],[-72.671,-15.703],[-72.625,-15.703],[-72.544,-15.81],[-72.507,-15.891],[-72.544,-15.923],[-72.592,-15.936],[-72.59,-15.963],[-72.607,-15.973],[-72.576,-16.028],[-72.617,-16.012],[-72.665,-16.018],[-72.682,-15.982],[-72.713,-16.054],[-72.687,-16.121],[-72.687,-16.219],[-72.651,-16.248],[-72.656,-16.292],[-72.594,-16.43],[-72.56,-16.397],[-72.523,-16.41],[-72.483,-16.357],[-72.466,-16.383],[-72.444,-16.365],[-72.437,-16.32],[-72.367,-16.293],[-72.356,-16.176],[-72.369,-16.161],[-72.265,-16.13],[-72.258,-16.064],[-72.229,-16.032],[-72.251,-16.003],[-72.225,-15.961],[-72.296,-15.924],[-72.282,-15.882],[-72.298,-15.873],[-72.297,-15.828],[-72.312,-15.812],[-72.293,-15.794],[-72.275,-15.802],[-72.271,-15.773],[-72.209,-15.682],[-72.107,-15.606],[-72.04,-15.594],[-71.995,-15.568],[-72.004,-15.529],[-71.985,-15.341],[-71.962,-15.311],[-71.946,-15.227],[-71.922,-15.22],[-71.901,-15.171],[-71.968,-15.141],[-71.947,-15.11],[-71.982,-15.066],[-71.957,-15.034],[-71.946,-14.978],[-71.914,-14.957],[-71.942,-14.917],[-71.944,-14.876]]]},"properties":{"OBJECTID":1526,"CD_PROV":"0404","CD_DEPA":"04","NM_PROV":"CASTILLA","NM_DEPA":"AREQUIPA","FEC_ING":"26/12/2024","GLOBALID":"{0933670F-E22F-4562-9342-89D1CAFC2EBB}","SHAPE.AREA":0.58325032899165996,"SHAPE.LEN":5.4650321386747898}},{"type":"Feature","id":1527,"geometry":{"type":"Polygon","coordinates":[[[-71.869,-14.832],[-71.894,-14.79],[-71.914,-14.834],[-71.94,-14.823],[-71.952,-14.837],[-71.942,-14.917],[-71.914,-14.957],[-71.946,-14.978],[-71.957,-15.034],[-71.982,-15.066],[-71.947,-15.11],[-71.968,-15.141],[-71.901,-15.171],[-71.922,-15.22],[-71.946,-15.227],[-71.962,-15.311],[-71.985,-15.341],[-72.004,-15.529],[-71.995,-15.568],[-72.04,-15.594],[-72.107,-15.606],[-72.209,-15.682],[-72.271,-15.773],[-72.275,-15.802],[-72.293,-15.794],[-72.312,-15.812],[-72.297,-15.828],[-72.298,-15.873],[-72.282,-15.882],[-72.296,-15.924],[-72.225,-15.961],[-72.252,-16.008],[-72.229,-16.032],[-72.258,-16.064],[-72.253,-16.096],[-72.27,-16.136],[-72.317,-16.137],[-72.369,-16.161],[-72.356,-16.176],[-72.367,-16.293],[-72.438,-16.32],[-72.444,-16.365],[-72.47,-16.386],[-72.501,-16.479],[-72.605,-16.537],[-72.565,-16.573],[-72.455,-16.557],[-72.452,-16.599],[-72.395,-16.612],[-72.362,-16.59],[-72.331,-16.593],[-72.324,-16.608],[-72.308,-16.583],[-72.289,-16.586],[-72.199,-16.484],[-72.182,-16.411],[-72.075,-16.222],[-72.091,-16.189],[-72.057,-16.208],[-71.995,-16.138],[-71.907,-16.158],[-71.87,-16.13],[-71.827,-16.059],[-71.755,-16.03],[-71.708,-15.985],[-71.704,-15.934],[-71.665,-15.96],[-71.651,-15.988],[-71.627,-15.979],[-71.578,-15.991],[-71.529,-15.93],[-71.371,-15.927],[-71.274,-15.954],[-71.269,-15.982],[-71.202,-16.026],[-71.144,-15.983],[-71.087,-15.981],[-71.087,-15.997],[-71.068,-16.004],[-71.031,-15.975],[-70.878,-15.948],[-70.845,-15.922],[-70.866,-15.889],[-70.893,-15.888],[-70.89,-15.852],[-70.942,-15.775],[-70.9,-15.713],[-70.924,-15.633],[-70.982,-15.598],[-71.007,-15.564],[-71.018,-15.5],[-70.994,-15.455],[-71.039,-15.405],[-71.085,-15.458],[-71.12,-15.427],[-71.15,-15.441],[-71.174,-15.424],[-71.151,-15.356],[-71.164,-15.291],[-71.195,-15.271],[-71.202,-15.245],[-71.16,-15.208],[-71.185,-15.17],[-71.143,-15.122],[-71.197,-15.089],[-71.207,-15.051],[-71.227,-15.07],[-71.266,-15.063],[-71.261,-15.078],[-71.319,-15.12],[-71.417,-15.034],[-71.448,-14.98],[-71.505,-14.976],[-71.51,-15.005],[-71.486,-15.059],[-71.513,-15.08],[-71.572,-15.062],[-71.588,-15.128],[-71.615,-15.146],[-71.636,-15.139],[-71.674,-15.089],[-71.773,-15.082],[-71.801,-15.067],[-71.835,-15.077],[-71.849,-15.045],[-71.766,-15.01],[-71.77,-14.982],[-71.746,-14.94],[-71.793,-14.896],[-71.826,-14.907],[-71.827,-14.889],[-71.86,-14.884],[-71.869,-14.832]]]},"properties":{"OBJECTID":1527,"CD_PROV":"0405","CD_DEPA":"04","NM_PROV":"CAYLLOMA","NM_DEPA":"AREQUIPA","FEC_ING":"26/12/2024","GLOBALID":"{B7949D65-7F88-4EA2-B152-662C219CFB2E}","SHAPE.AREA":1.1866382303974898,"SHAPE.LEN":8.2602843000293404}},{"type":"Feature","id":1528,"geometry":{"type":"Polygon","coordinates":[[[-71.981,-14.641],[-72.008,-14.641],[-72.041,-14.689],[-72.041,-14.81],[-72.025,-14.829],[-72.04,-14.839],[-72.047,-14.887],[-72.077,-14.884],[-72.131,-14.828],[-72.132,-14.789],[-72.146,-14.777],[-72.189,-14.778],[-72.212,-14.803],[-72.293,-14.818],[-72.315,-14.834],[-72.302,-14.898],[-72.322,-14.93],[-72.399,-14.957],[-72.41,-14.993],[-72.467,-15.01],[-72.464,-15.03],[-72.525,-15.051],[-72.485,-15.109],[-72.506,-15.154],[-72.497,-15.169],[-72.529,-15.199],[-72.574,-15.201],[-72.646,-15.239],[-72.74,-15.253],[-72.783,-15.244],[-72.79,-15.278],[-72.837,-15.318],[-72.862,-15.397],[-72.893,-15.41],[-72.965,-15.398],[-72.99,-15.494],[-73.087,-15.564],[-73.126,-15.57],[-73.205,-15.511],[-73.226,-15.57],[-73.217,-15.646],[-73.241,-15.686],[-73.262,-15.825],[-73.249,-15.87],[-73.199,-15.884],[-73.171,-15.915],[-73.151,-15.98],[-73.175,-16.007],[-73.165,-16.02],[-73.14,-16.006],[-73.124,-16.013],[-73.107,-15.989],[-73.066,-16.018],[-72.912,-16.03],[-72.88,-16.05],[-72.844,-16.123],[-72.841,-16.174],[-72.81,-16.221],[-72.797,-16.31],[-72.752,-16.327],[-72.625,-16.457],[-72.603,-16.462],[-72.594,-16.43],[-72.656,-16.292],[-72.651,-16.248],[-72.687,-16.219],[-72.687,-16.121],[-72.713,-16.054],[-72.682,-15.982],[-72.665,-16.018],[-72.617,-16.012],[-72.576,-16.028],[-72.607,-15.973],[-72.59,-15.963],[-72.592,-15.936],[-72.544,-15.923],[-72.507,-15.891],[-72.544,-15.81],[-72.625,-15.703],[-72.671,-15.703],[-72.704,-15.655],[-72.719,-15.588],[-72.661,-15.546],[-72.608,-15.56],[-72.55,-15.54],[-72.508,-15.478],[-72.519,-15.406],[-72.461,-15.388],[-72.441,-15.398],[-72.427,-15.369],[-72.437,-15.299],[-72.42,-15.271],[-72.365,-15.242],[-72.377,-15.198],[-72.358,-15.153],[-72.372,-15.122],[-72.353,-15.096],[-72.317,-15.094],[-72.265,-15.043],[-72.253,-14.946],[-72.149,-14.881],[-72.099,-14.891],[-72.102,-14.955],[-72.072,-14.937],[-72.046,-14.941],[-72.028,-14.877],[-72.003,-14.886],[-71.943,-14.824],[-71.907,-14.826],[-71.894,-14.79],[-71.924,-14.79],[-71.959,-14.733],[-71.952,-14.704],[-71.929,-14.689],[-71.981,-14.641]]]},"properties":{"OBJECTID":1528,"CD_PROV":"0406","CD_DEPA":"04","NM_PROV":"CONDESUYOS","NM_DEPA":"AREQUIPA","FEC_ING":"26/12/2024","GLOBALID":"{37303910-6247-4DEF-8D5C-19F208C3AC76}","SHAPE.AREA":0.57700740059731703,"SHAPE.LEN":7.231073756061499}},{"type":"Feature","id":1529,"geometry":{"type":"Polygon","coordinates":[[[-71.869,-16.785],[-71.871,-16.713],[-71.91,-16.675],[-71.997,-16.8],[-72.132,-16.767],[-72.153,-16.795],[-72.206,-16.799],[-72.224,-16.835],[-72.172,-16.85],[-72.147,-16.875],[-72.186,-16.931],[-72.119,-16.97],[-72.104,-16.996],[-72.112,-17.016],[-72.023,-17.022],[-71.93,-17.081],[-71.85,-17.165],[-71.801,-17.188],[-71.69,-17.212],[-71.564,-17.262],[-71.538,-17.254],[-71.491,-17.285],[-71.315,-17.123],[-71.302,-17.094],[-71.325,-17.06],[-71.319,-17.041],[-71.339,-17.022],[-71.385,-17.021],[-71.406,-16.956],[-71.466,-16.953],[-71.424,-16.919],[-71.441,-16.861],[-71.426,-16.741],[-71.438,-16.731],[-71.453,-16.734],[-71.456,-16.758],[-71.501,-16.767],[-71.545,-16.689],[-71.573,-16.7],[-71.622,-16.682],[-71.641,-16.706],[-71.649,-16.695],[-71.752,-16.7],[-71.869,-16.785]]]},"properties":{"OBJECTID":1529,"CD_PROV":"0407","CD_DEPA":"04","NM_PROV":"ISLAY","NM_DEPA":"AREQUIPA","FEC_ING":"26/12/2024","GLOBALID":"{4288C56B-8CEB-4100-B32B-A19EC9E87F68}","SHAPE.AREA":0.32576287934373899,"SHAPE.LEN":3.3338100431131696}},{"type":"Feature","id":1530,"geometry":{"type":"Polygon","coordinates":[[[-72.725,-14.646],[-72.77,-14.665],[-72.79,-14.65],[-72.828,-14.702],[-72.843,-14.758],[-72.885,-14.772],[-72.93,-14.758],[-73.003,-14.815],[-73.032,-14.897],[-72.983,-14.982],[-73.005,-15.008],[-73.022,-15.132],[-73.048,-15.134],[-73.112,-15.187],[-73.121,-15.231],[-73.172,-15.306],[-73.246,-15.286],[-73.285,-15.295],[-73.291,-15.371],[-73.22,-15.5],[-73.126,-15.57],[-73.084,-15.562],[-72.997,-15.503],[-72.965,-15.398],[-72.893,-15.41],[-72.862,-15.398],[-72.837,-15.318],[-72.79,-15.278],[-72.783,-15.244],[-72.74,-15.253],[-72.646,-15.239],[-72.574,-15.201],[-72.529,-15.199],[-72.497,-15.169],[-72.506,-15.154],[-72.485,-15.109],[-72.525,-15.051],[-72.464,-15.03],[-72.467,-15.01],[-72.41,-14.993],[-72.399,-14.957],[-72.323,-14.931],[-72.304,-14.905],[-72.315,-14.834],[-72.406,-14.827],[-72.435,-14.79],[-72.469,-14.787],[-72.488,-14.723],[-72.46,-14.676],[-72.473,-14.66],[-72.561,-14.678],[-72.594,-14.714],[-72.606,-14.681],[-72.635,-14.669],[-72.691,-14.689],[-72.724,-14.677],[-72.725,-14.646]]]},"properties":{"OBJECTID":1530,"CD_PROV":"0408","CD_DEPA":"04","NM_PROV":"LA UNION","NM_DEPA":"AREQUIPA","FEC_ING":"26/12/2024","GLOBALID":"{684903C9-2AF7-4593-B058-2826383D4ECF}","SHAPE.AREA":0.41127140827066999,"SHAPE.LEN":3.7603599405841499}},{"type":"Feature","id":1531,"geometry":{"type":"Polygon","coordinates":[[[-74.077,-12.986],[-74.188,-13.051],[-74.28,-13.002],[-74.278,-13.074],[-74.346,-13.026],[-74.38,-13.024],[-74.411,-13.079],[-74.411,-13.12],[-74.389,-13.13],[-74.396,-13.169],[-74.42,-13.16],[-74.458,-13.19],[-74.542,-13.201],[-74.572,-13.185],[-74.645,-13.274],[-74.686,-13.286],[-74.668,-13.327],[-74.633,-13.345],[-74.601,-13.332],[-74.566,-13.341],[-74.572,-13.387],[-74.476,-13.453],[-74.403,-13.434],[-74.395,-13.445],[-74.378,-13.419],[-74.367,-13.436],[-74.336,-13.439],[-74.274,-13.392],[-74.247,-13.42],[-74.196,-13.403],[-74.159,-13.498],[-74.11,-13.535],[-74.051,-13.535],[-74.08,-13.451],[-74.059,-13.409],[-74.045,-13.441],[-73.993,-13.441],[-73.992,-13.478],[-73.966,-13.5],[-73.926,-13.499],[-73.865,-13.465],[-73.835,-13.47],[-73.827,-13.434],[-73.847,-13.397],[-73.832,-13.33],[-73.807,-13.315],[-73.868,-13.304],[-73.847,-13.259],[-73.936,-13.278],[-73.969,-13.173],[-73.994,-13.162],[-74.021,-13.098],[-74.037,-13.098],[-74.061,-13.057],[-74.052,-13.04],[-74.077,-12.986]]]},"properties":{"OBJECTID":1531,"CD_PROV":"0501","CD_DEPA":"05","NM_PROV":"HUAMANGA","NM_DEPA":"AYACUCHO","FEC_ING":"26/12/2024","GLOBALID":"{6EE5FFD3-52F4-4975-8AA7-5B5D8A45BFC0}","SHAPE.AREA":0.254800060605888,"SHAPE.LEN":3.37013220733889}},{"type":"Feature","id":1532,"geometry":{"type":"Polygon","coordinates":[[[-74.737,-13.345],[-74.76,-13.325],[-74.77,-13.346],[-74.858,-13.355],[-74.898,-13.395],[-74.902,-13.466],[-74.862,-13.482],[-74.782,-13.579],[-74.709,-13.585],[-74.63,-13.556],[-74.522,-13.615],[-74.516,-13.602],[-74.444,-13.586],[-74.3,-13.633],[-74.139,-13.633],[-74.099,-13.671],[-74.05,-13.683],[-74.036,-13.614],[-74.06,-13.593],[-74.056,-13.536],[-74.11,-13.535],[-74.151,-13.511],[-74.196,-13.403],[-74.247,-13.42],[-74.274,-13.392],[-74.336,-13.439],[-74.367,-13.436],[-74.378,-13.419],[-74.395,-13.445],[-74.403,-13.434],[-74.476,-13.453],[-74.572,-13.387],[-74.566,-13.341],[-74.609,-13.333],[-74.705,-13.364],[-74.728,-13.362],[-74.737,-13.345]]]},"properties":{"OBJECTID":1532,"CD_PROV":"0502","CD_DEPA":"05","NM_PROV":"CANGALLO","NM_DEPA":"AYACUCHO","FEC_ING":"26/12/2024","GLOBALID":"{B562C2D2-74E3-4984-B603-39C6A9D98CE0}","SHAPE.AREA":0.15615186654751601,"SHAPE.LEN":2.6108422966612901}},{"type":"Feature","id":1533,"geometry":{"type":"Polygon","coordinates":[[[-74.607,-13.695],[-74.621,-13.698],[-74.636,-13.741],[-74.707,-13.745],[-74.779,-13.785],[-74.76,-13.831],[-74.785,-13.888],[-74.768,-13.979],[-74.785,-13.989],[-74.784,-14.017],[-74.759,-14.079],[-74.773,-14.091],[-74.759,-14.122],[-74.72,-14.114],[-74.677,-14.068],[-74.64,-14.095],[-74.621,-14.091],[-74.636,-14.118],[-74.623,-14.137],[-74.573,-14.135],[-74.541,-14.164],[-74.528,-14.146],[-74.496,-14.146],[-74.42,-14.151],[-74.392,-14.167],[-74.336,-14.148],[-74.329,-14.129],[-74.208,-14.127],[-74.103,-14.017],[-74.102,-13.991],[-74.119,-13.989],[-74.101,-13.955],[-74.112,-13.898],[-74.155,-13.873],[-74.16,-13.841],[-74.189,-13.814],[-74.227,-13.806],[-74.254,-13.759],[-74.298,-13.756],[-74.316,-13.734],[-74.331,-13.764],[-74.37,-13.736],[-74.362,-13.759],[-74.426,-13.798],[-74.521,-13.736],[-74.531,-13.71],[-74.566,-13.718],[-74.607,-13.695]]]},"properties":{"OBJECTID":1533,"CD_PROV":"0503","CD_DEPA":"05","NM_PROV":"HUANCA SANCOS","NM_DEPA":"AYACUCHO","FEC_ING":"26/12/2024","GLOBALID":"{2FCB58F5-B07E-4C0E-BEC7-8F38491916CF}","SHAPE.AREA":0.23746898267598199,"SHAPE.LEN":2.48265686572545}},{"type":"Feature","id":1534,"geometry":{"type":"Polygon","coordinates":[[[-74.348,-12.175],[-74.387,-12.188],[-74.376,-12.229],[-74.394,-12.252],[-74.385,-12.272],[-74.416,-12.305],[-74.452,-12.27],[-74.492,-12.282],[-74.507,-12.312],[-74.555,-12.288],[-74.581,-12.324],[-74.576,-12.373],[-74.565,-12.361],[-74.549,-12.374],[-74.506,-12.449],[-74.409,-12.452],[-74.415,-12.492],[-74.399,-12.503],[-74.387,-12.567],[-74.363,-12.594],[-74.324,-12.604],[-74.342,-12.624],[-74.327,-12.68],[-74.349,-12.718],[-74.289,-12.76],[-74.295,-12.83],[-74.325,-12.833],[-74.333,-12.848],[-74.319,-12.886],[-74.328,-12.928],[-74.297,-12.935],[-74.28,-13.002],[-74.188,-13.051],[-74.14,-13.025],[-74.104,-12.982],[-74.107,-12.949],[-74.148,-12.872],[-74.108,-12.852],[-74.071,-12.875],[-73.996,-12.839],[-73.992,-12.754],[-73.888,-12.711],[-73.854,-12.645],[-73.859,-12.622],[-73.833,-12.575],[-73.831,-12.531],[-73.854,-12.532],[-73.854,-12.489],[-73.886,-12.406],[-73.948,-12.351],[-73.97,-12.348],[-73.98,-12.243],[-74.0,-12.284],[-74.04,-12.261],[-74.097,-12.284],[-74.125,-12.334],[-74.131,-12.315],[-74.147,-12.324],[-74.219,-12.302],[-74.218,-12.278],[-74.291,-12.223],[-74.321,-12.23],[-74.348,-12.175]]]},"properties":{"OBJECTID":1534,"CD_PROV":"0504","CD_DEPA":"05","NM_PROV":"HUANTA","NM_DEPA":"AYACUCHO","FEC_ING":"26/12/2024","GLOBALID":"{271D4FD4-3AA2-4943-8D79-910FACC27782}","SHAPE.AREA":0.32253609699406299,"SHAPE.LEN":3.6090865992831902}},{"type":"Feature","id":1535,"geometry":{"type":"Polygon","coordinates":[[[-73.753,-12.652],[-73.801,-12.615],[-73.831,-12.531],[-73.833,-12.575],[-73.859,-12.622],[-73.854,-12.645],[-73.888,-12.711],[-73.992,-12.754],[-73.996,-12.839],[-74.071,-12.875],[-74.108,-12.852],[-74.148,-12.872],[-74.106,-12.949],[-74.119,-13.007],[-74.077,-12.985],[-74.052,-13.04],[-74.061,-13.057],[-74.037,-13.098],[-74.021,-13.098],[-73.994,-13.162],[-73.969,-13.173],[-73.931,-13.283],[-73.847,-13.259],[-73.868,-13.304],[-73.807,-13.315],[-73.824,-13.248],[-73.793,-13.194],[-73.753,-13.171],[-73.729,-13.187],[-73.74,-13.211],[-73.728,-13.268],[-73.698,-13.265],[-73.608,-13.332],[-73.574,-13.339],[-73.571,-13.363],[-73.507,-13.384],[-73.482,-13.431],[-73.404,-13.445],[-73.347,-13.435],[-73.332,-13.456],[-73.312,-13.447],[-73.231,-13.475],[-73.212,-13.419],[-73.287,-13.373],[-73.311,-13.326],[-73.341,-13.312],[-73.382,-13.225],[-73.41,-13.212],[-73.402,-13.182],[-73.42,-13.136],[-73.455,-13.121],[-73.449,-13.08],[-73.478,-13.056],[-73.49,-13.067],[-73.477,-13.001],[-73.505,-13.011],[-73.53,-12.985],[-73.508,-12.972],[-73.496,-12.933],[-73.53,-12.932],[-73.524,-12.899],[-73.582,-12.859],[-73.59,-12.824],[-73.627,-12.788],[-73.626,-12.765],[-73.725,-12.637],[-73.753,-12.652]]]},"properties":{"OBJECTID":1535,"CD_PROV":"0505","CD_DEPA":"05","NM_PROV":"LA MAR","NM_DEPA":"AYACUCHO","FEC_ING":"26/12/2024","GLOBALID":"{7B094D9C-6C0D-4BAA-AAE3-3A28E0634DAA}","SHAPE.AREA":0.35248599445185802,"SHAPE.LEN":4.1020531230752093}},{"type":"Feature","id":1536,"geometry":{"type":"Polygon","coordinates":[[[-74.067,-14.029],[-74.116,-14.029],[-74.208,-14.127],[-74.329,-14.129],[-74.336,-14.148],[-74.392,-14.167],[-74.42,-14.151],[-74.496,-14.146],[-74.528,-14.146],[-74.541,-14.164],[-74.573,-14.135],[-74.623,-14.137],[-74.636,-14.118],[-74.621,-14.091],[-74.64,-14.095],[-74.677,-14.068],[-74.72,-14.114],[-74.752,-14.123],[-74.774,-14.089],[-74.825,-14.092],[-74.861,-14.067],[-74.896,-14.104],[-74.975,-14.074],[-75.029,-14.072],[-75.091,-14.215],[-75.066,-14.252],[-75.032,-14.266],[-75.094,-14.312],[-75.14,-14.416],[-75.106,-14.434],[-75.053,-14.431],[-75.098,-14.485],[-75.087,-14.53],[-75.067,-14.528],[-75.08,-14.569],[-75.066,-14.574],[-75.056,-14.627],[-75.032,-14.611],[-74.959,-14.606],[-74.897,-14.545],[-74.876,-14.553],[-74.884,-14.576],[-74.859,-14.608],[-74.788,-14.616],[-74.847,-14.666],[-74.845,-14.709],[-74.803,-14.752],[-74.716,-14.71],[-74.765,-14.79],[-74.748,-14.813],[-74.714,-14.818],[-74.755,-14.835],[-74.733,-14.847],[-74.694,-14.838],[-74.681,-14.854],[-74.662,-14.9],[-74.685,-14.93],[-74.646,-14.977],[-74.666,-14.998],[-74.666,-15.051],[-74.762,-15.098],[-74.714,-15.139],[-74.652,-15.139],[-74.629,-15.124],[-74.605,-15.149],[-74.553,-15.14],[-74.466,-15.173],[-74.402,-15.179],[-74.388,-15.252],[-74.415,-15.299],[-74.309,-15.36],[-74.329,-15.394],[-74.3,-15.478],[-74.241,-15.481],[-74.257,-15.403],[-74.191,-15.315],[-74.224,-15.236],[-74.176,-15.223],[-74.111,-15.24],[-74.079,-15.233],[-73.998,-15.161],[-73.925,-15.131],[-73.841,-15.133],[-73.801,-15.085],[-73.813,-14.977],[-73.9,-14.843],[-73.894,-14.811],[-73.871,-14.8],[-73.871,-14.767],[-73.826,-14.726],[-73.837,-14.711],[-73.823,-14.648],[-73.781,-14.638],[-73.763,-14.651],[-73.756,-14.636],[-73.691,-14.629],[-73.636,-14.592],[-73.606,-14.542],[-73.587,-14.549],[-73.532,-14.507],[-73.586,-14.407],[-73.61,-14.398],[-73.612,-14.371],[-73.655,-14.373],[-73.69,-14.326],[-73.739,-14.338],[-73.783,-14.323],[-73.826,-14.279],[-73.878,-14.289],[-73.897,-14.263],[-73.895,-14.229],[-73.879,-14.217],[-73.907,-14.192],[-73.942,-14.199],[-73.999,-14.159],[-74.038,-14.098],[-74.081,-14.113],[-74.067,-14.029]]]},"properties":{"OBJECTID":1536,"CD_PROV":"0506","CD_DEPA":"05","NM_PROV":"LUCANAS","NM_DEPA":"AYACUCHO","FEC_ING":"26/12/2024","GLOBALID":"{FA843622-A8DF-4199-955E-43D07A16DF1A}","SHAPE.AREA":1.2142113057991799,"SHAPE.LEN":7.2574317962105397}},{"type":"Feature","id":1537,"geometry":{"type":"Polygon","coordinates":[[[-73.522,-14.522],[-73.543,-14.509],[-73.587,-14.549],[-73.605,-14.542],[-73.636,-14.592],[-73.716,-14.641],[-73.823,-14.648],[-73.837,-14.711],[-73.826,-14.726],[-73.871,-14.767],[-73.871,-14.8],[-73.894,-14.811],[-73.9,-14.843],[-73.813,-14.977],[-73.795,-15.072],[-73.837,-15.131],[-73.968,-15.146],[-74.079,-15.233],[-74.111,-15.24],[-74.176,-15.223],[-74.224,-15.236],[-74.191,-15.315],[-74.257,-15.403],[-74.241,-15.481],[-74.166,-15.484],[-74.15,-15.428],[-74.095,-15.392],[-74.065,-15.402],[-74.037,-15.456],[-74.043,-15.491],[-74.079,-15.516],[-74.067,-15.539],[-74.085,-15.619],[-74.069,-15.63],[-74.02,-15.6],[-74.01,-15.559],[-73.969,-15.533],[-73.918,-15.461],[-73.872,-15.433],[-73.884,-15.337],[-73.866,-15.324],[-73.776,-15.339],[-73.759,-15.385],[-73.686,-15.438],[-73.653,-15.417],[-73.556,-15.408],[-73.441,-15.356],[-73.449,-15.319],[-73.503,-15.272],[-73.537,-15.216],[-73.555,-15.155],[-73.536,-15.081],[-73.545,-15.056],[-73.486,-15.061],[-73.462,-15.038],[-73.448,-15.061],[-73.42,-15.065],[-73.344,-15.037],[-73.332,-15.03],[-73.342,-15.003],[-73.264,-14.976],[-73.273,-14.951],[-73.255,-14.9],[-73.195,-14.923],[-73.191,-14.91],[-73.138,-14.897],[-73.117,-14.873],[-73.129,-14.856],[-73.119,-14.843],[-73.061,-14.826],[-73.014,-14.856],[-73.003,-14.815],[-72.931,-14.759],[-72.885,-14.772],[-72.847,-14.76],[-72.867,-14.708],[-72.918,-14.685],[-72.936,-14.695],[-72.975,-14.652],[-72.998,-14.663],[-73.015,-14.631],[-73.043,-14.623],[-73.043,-14.657],[-73.063,-14.666],[-73.098,-14.651],[-73.11,-14.692],[-73.153,-14.674],[-73.19,-14.706],[-73.264,-14.71],[-73.284,-14.734],[-73.351,-14.704],[-73.364,-14.682],[-73.407,-14.769],[-73.44,-14.787],[-73.464,-14.84],[-73.485,-14.843],[-73.529,-14.801],[-73.55,-14.801],[-73.577,-14.714],[-73.571,-14.687],[-73.523,-14.673],[-73.51,-14.65],[-73.533,-14.587],[-73.507,-14.544],[-73.522,-14.522]],[[-73.72,-15.259],[-73.701,-15.247],[-73.687,-15.276],[-73.666,-15.271],[-73.639,-15.29],[-73.684,-15.334],[-73.724,-15.321],[-73.75,-15.266],[-73.72,-15.259]]]},"properties":{"OBJECTID":1537,"CD_PROV":"0507","CD_DEPA":"05","NM_PROV":"PARINACOCHAS","NM_DEPA":"AYACUCHO","FEC_ING":"26/12/2024","GLOBALID":"{EA3DE46E-35A9-4A0F-A8BD-D4720A43175F}","SHAPE.AREA":0.49371148369678802,"SHAPE.LEN":6.6521071989939999}},{"type":"Feature","id":1538,"geometry":{"type":"Polygon","coordinates":[[[-73.04,-14.842],[-73.066,-14.825],[-73.119,-14.843],[-73.129,-14.856],[-73.117,-14.873],[-73.138,-14.897],[-73.191,-14.91],[-73.195,-14.923],[-73.263,-14.905],[-73.264,-14.976],[-73.342,-15.003],[-73.332,-15.03],[-73.344,-15.037],[-73.42,-15.065],[-73.448,-15.061],[-73.462,-15.038],[-73.486,-15.061],[-73.545,-15.056],[-73.536,-15.081],[-73.555,-15.155],[-73.537,-15.216],[-73.503,-15.272],[-73.449,-15.319],[-73.43,-15.379],[-73.336,-15.405],[-73.277,-15.395],[-73.294,-15.359],[-73.278,-15.318],[-73.285,-15.295],[-73.246,-15.286],[-73.172,-15.306],[-73.121,-15.231],[-73.112,-15.187],[-73.048,-15.134],[-73.022,-15.132],[-73.005,-15.008],[-72.983,-14.972],[-73.031,-14.9],[-73.014,-14.856],[-73.04,-14.842]]]},"properties":{"OBJECTID":1538,"CD_PROV":"0508","CD_DEPA":"05","NM_PROV":"PAUCAR DEL SARA SARA","NM_DEPA":"AYACUCHO","FEC_ING":"26/12/2024","GLOBALID":"{9D25B96B-20FD-4065-A469-253FF4ABF99D}","SHAPE.AREA":0.17514314568050701,"SHAPE.LEN":2.28690572785644}},{"type":"Feature","id":1539,"geometry":{"type":"Polygon","coordinates":[[[-73.743,-13.77],[-73.803,-13.795],[-73.805,-13.864],[-73.826,-13.915],[-73.89,-13.957],[-73.883,-14.017],[-73.912,-14.12],[-73.972,-14.11],[-73.986,-14.09],[-73.989,-14.112],[-73.942,-14.199],[-73.907,-14.192],[-73.879,-14.217],[-73.895,-14.229],[-73.897,-14.263],[-73.879,-14.289],[-73.826,-14.279],[-73.784,-14.322],[-73.739,-14.338],[-73.69,-14.326],[-73.655,-14.373],[-73.612,-14.371],[-73.61,-14.398],[-73.573,-14.416],[-73.554,-14.401],[-73.517,-14.309],[-73.519,-14.242],[-73.587,-14.11],[-73.611,-14.09],[-73.626,-13.995],[-73.656,-13.93],[-73.685,-13.906],[-73.698,-13.847],[-73.729,-13.816],[-73.743,-13.77]]]},"properties":{"OBJECTID":1539,"CD_PROV":"0509","CD_DEPA":"05","NM_PROV":"SUCRE","NM_DEPA":"AYACUCHO","FEC_ING":"26/12/2024","GLOBALID":"{3F0BC740-6EBE-43A0-B845-E860F5D1BDA7}","SHAPE.AREA":0.14941084507700703,"SHAPE.LEN":2.1258896833356498}},{"type":"Feature","id":1540,"geometry":{"type":"Polygon","coordinates":[[[-74.636,-13.557],[-74.709,-13.585],[-74.782,-13.579],[-74.775,-13.711],[-74.754,-13.737],[-74.767,-13.772],[-74.707,-13.745],[-74.636,-13.741],[-74.61,-13.695],[-74.566,-13.718],[-74.531,-13.71],[-74.521,-13.736],[-74.426,-13.798],[-74.362,-13.759],[-74.37,-13.736],[-74.331,-13.764],[-74.316,-13.734],[-74.298,-13.756],[-74.254,-13.759],[-74.227,-13.806],[-74.189,-13.814],[-74.16,-13.841],[-74.155,-13.873],[-74.112,-13.898],[-74.101,-13.955],[-74.119,-13.989],[-74.099,-14.006],[-74.116,-14.029],[-74.082,-14.02],[-74.063,-14.039],[-74.082,-14.112],[-74.038,-14.098],[-73.999,-14.159],[-73.95,-14.186],[-73.989,-14.094],[-73.972,-14.11],[-73.912,-14.12],[-73.883,-14.017],[-73.89,-13.959],[-73.863,-13.938],[-73.885,-13.916],[-73.912,-13.828],[-73.958,-13.789],[-74.005,-13.697],[-74.099,-13.671],[-74.139,-13.633],[-74.3,-13.633],[-74.444,-13.586],[-74.516,-13.602],[-74.521,-13.615],[-74.636,-13.557]]]},"properties":{"OBJECTID":1540,"CD_PROV":"0510","CD_DEPA":"05","NM_PROV":"VICTOR FAJARDO","NM_DEPA":"AYACUCHO","FEC_ING":"26/12/2024","GLOBALID":"{1357510D-8D67-44C3-88F6-C2F2E041DAC6}","SHAPE.AREA":0.18936400612287199,"SHAPE.LEN":3.4289542327044402}},{"type":"Feature","id":1541,"geometry":{"type":"Polygon","coordinates":[[[-74.045,-13.44],[-74.059,-13.409],[-74.08,-13.451],[-74.05,-13.532],[-74.06,-13.593],[-74.036,-13.614],[-74.05,-13.683],[-74.004,-13.698],[-73.958,-13.789],[-73.912,-13.828],[-73.885,-13.916],[-73.863,-13.938],[-73.829,-13.919],[-73.809,-13.877],[-73.803,-13.795],[-73.67,-13.734],[-73.715,-13.705],[-73.744,-13.656],[-73.796,-13.636],[-73.811,-13.522],[-73.835,-13.47],[-73.865,-13.465],[-73.926,-13.499],[-73.966,-13.5],[-73.992,-13.478],[-73.993,-13.441],[-74.045,-13.44]]]},"properties":{"OBJECTID":1541,"CD_PROV":"0511","CD_DEPA":"05","NM_PROV":"VILCAS HUAMAN","NM_DEPA":"AYACUCHO","FEC_ING":"26/12/2024","GLOBALID":"{A6B870AD-B54B-4E57-AE5F-73379F183E2F}","SHAPE.AREA":0.098420542380302997,"SHAPE.LEN":1.8191769415641099}},{"type":"Feature","id":1542,"geometry":{"type":"Polygon","coordinates":[[[-78.513,-6.819],[-78.53,-6.798],[-78.601,-6.868],[-78.614,-6.921],[-78.605,-6.998],[-78.746,-7.219],[-78.609,-7.278],[-78.63,-7.299],[-78.639,-7.348],[-78.696,-7.413],[-78.664,-7.404],[-78.63,-7.445],[-78.627,-7.479],[-78.65,-7.528],[-78.625,-7.549],[-78.491,-7.555],[-78.416,-7.485],[-78.336,-7.495],[-78.357,-7.4],[-78.277,-7.373],[-78.277,-7.359],[-78.326,-7.343],[-78.288,-7.328],[-78.272,-7.294],[-78.236,-7.319],[-78.222,-7.307],[-78.251,-7.231],[-78.184,-7.149],[-78.219,-7.072],[-78.266,-7.033],[-78.294,-7.03],[-78.287,-7.021],[-78.309,-7.013],[-78.339,-6.955],[-78.383,-6.924],[-78.412,-6.942],[-78.428,-6.93],[-78.429,-6.892],[-78.466,-6.807],[-78.493,-6.801],[-78.513,-6.819]]]},"properties":{"OBJECTID":1542,"CD_PROV":"0601","CD_DEPA":"06","NM_PROV":"CAJAMARCA","NM_DEPA":"CAJAMARCA","FEC_ING":"26/12/2024","GLOBALID":"{CE42A0F1-3088-4FC2-AA63-05DDABA94640}","SHAPE.AREA":0.24355459814646702,"SHAPE.LEN":2.7741967972082899}},{"type":"Feature","id":1543,"geometry":{"type":"Polygon","coordinates":[[[-77.92,-7.344],[-77.974,-7.374],[-78.013,-7.462],[-78.086,-7.454],[-78.126,-7.48],[-78.168,-7.465],[-78.218,-7.41],[-78.22,-7.387],[-78.277,-7.373],[-78.357,-7.4],[-78.344,-7.417],[-78.35,-7.475],[-78.322,-7.504],[-78.354,-7.516],[-78.357,-7.574],[-78.378,-7.594],[-78.383,-7.63],[-78.36,-7.645],[-78.348,-7.685],[-78.289,-7.707],[-78.272,-7.754],[-78.222,-7.763],[-78.219,-7.724],[-78.171,-7.713],[-78.128,-7.653],[-78.081,-7.696],[-77.937,-7.657],[-77.941,-7.641],[-77.913,-7.625],[-77.922,-7.6],[-77.868,-7.583],[-77.857,-7.524],[-77.741,-7.467],[-77.772,-7.419],[-77.825,-7.379],[-77.83,-7.348],[-77.883,-7.364],[-77.92,-7.344]]]},"properties":{"OBJECTID":1543,"CD_PROV":"0602","CD_DEPA":"06","NM_PROV":"CAJABAMBA","NM_DEPA":"CAJAMARCA","FEC_ING":"26/12/2024","GLOBALID":"{9759D784-1BB4-4BDB-8C58-9E4567A2C20D}","SHAPE.AREA":0.146297828436871,"SHAPE.LEN":2.3067487744112198}},{"type":"Feature","id":1544,"geometry":{"type":"Polygon","coordinates":[[[-78.276,-6.4],[-78.278,-6.389],[-78.297,-6.401],[-78.321,-6.45],[-78.365,-6.472],[-78.34,-6.581],[-78.371,-6.574],[-78.413,-6.596],[-78.384,-6.679],[-78.407,-6.716],[-78.402,-6.815],[-78.454,-6.836],[-78.429,-6.892],[-78.431,-6.924],[-78.412,-6.942],[-78.383,-6.924],[-78.339,-6.955],[-78.309,-7.013],[-78.287,-7.021],[-78.294,-7.03],[-78.266,-7.033],[-78.219,-7.072],[-78.184,-7.149],[-78.114,-7.146],[-78.103,-7.128],[-78.056,-7.135],[-77.951,-7.065],[-78.001,-6.988],[-77.988,-6.975],[-78.014,-6.932],[-78.002,-6.862],[-78.031,-6.847],[-78.014,-6.823],[-78.022,-6.769],[-78.046,-6.689],[-78.107,-6.643],[-78.117,-6.578],[-78.138,-6.563],[-78.152,-6.5],[-78.174,-6.494],[-78.19,-6.457],[-78.21,-6.458],[-78.243,-6.402],[-78.276,-6.4]]]},"properties":{"OBJECTID":1544,"CD_PROV":"0603","CD_DEPA":"06","NM_PROV":"CELENDIN","NM_DEPA":"CAJAMARCA","FEC_ING":"26/12/2024","GLOBALID":"{CCCC2340-44AF-457F-B522-30EBDF73BEB2}","SHAPE.AREA":0.216880543890653,"SHAPE.LEN":2.5280714056680096}},{"type":"Feature","id":1545,"geometry":{"type":"Polygon","coordinates":[[[-78.505,-6.087],[-78.533,-6.182],[-78.51,-6.285],[-78.668,-6.315],[-78.714,-6.368],[-78.713,-6.395],[-78.747,-6.42],[-78.732,-6.46],[-78.767,-6.55],[-78.806,-6.506],[-78.844,-6.489],[-78.796,-6.441],[-78.897,-6.432],[-78.932,-6.347],[-78.988,-6.292],[-79.054,-6.329],[-79.069,-6.308],[-79.086,-6.32],[-79.162,-6.273],[-79.211,-6.278],[-79.223,-6.212],[-79.279,-6.229],[-79.285,-6.254],[-79.329,-6.266],[-79.353,-6.304],[-79.388,-6.298],[-79.428,-6.317],[-79.459,-6.372],[-79.423,-6.452],[-79.434,-6.481],[-79.417,-6.505],[-79.422,-6.533],[-79.404,-6.541],[-79.37,-6.521],[-79.361,-6.569],[-79.336,-6.602],[-79.362,-6.635],[-79.325,-6.641],[-79.296,-6.676],[-79.272,-6.68],[-79.229,-6.671],[-79.253,-6.61],[-79.126,-6.632],[-79.094,-6.602],[-79.066,-6.523],[-79.024,-6.513],[-78.988,-6.512],[-78.966,-6.532],[-78.929,-6.503],[-78.906,-6.528],[-78.823,-6.526],[-78.81,-6.554],[-78.777,-6.563],[-78.786,-6.581],[-78.76,-6.596],[-78.758,-6.632],[-78.722,-6.629],[-78.653,-6.681],[-78.56,-6.598],[-78.506,-6.602],[-78.458,-6.56],[-78.442,-6.572],[-78.437,-6.56],[-78.413,-6.596],[-78.363,-6.573],[-78.341,-6.583],[-78.365,-6.472],[-78.322,-6.45],[-78.278,-6.389],[-78.334,-6.351],[-78.37,-6.239],[-78.415,-6.213],[-78.418,-6.191],[-78.505,-6.087]]]},"properties":{"OBJECTID":1545,"CD_PROV":"0604","CD_DEPA":"06","NM_PROV":"CHOTA","NM_DEPA":"CAJAMARCA","FEC_ING":"26/12/2024","GLOBALID":"{9DBFA83F-BD32-440E-9AA8-1FF8F758227A}","SHAPE.AREA":0.30692580855924201,"SHAPE.LEN":4.6230675431555301}},{"type":"Feature","id":1546,"geometry":{"type":"Polygon","coordinates":[[[-79.013,-7.179],[-79.044,-7.195],[-79.076,-7.253],[-79.124,-7.181],[-79.143,-7.194],[-79.25,-7.196],[-79.276,-7.216],[-79.269,-7.278],[-79.307,-7.284],[-79.369,-7.324],[-79.316,-7.36],[-79.283,-7.349],[-79.232,-7.391],[-79.194,-7.373],[-79.154,-7.439],[-79.065,-7.473],[-79.072,-7.505],[-79.06,-7.547],[-79.039,-7.562],[-79.041,-7.6],[-78.995,-7.659],[-78.973,-7.66],[-78.952,-7.647],[-78.944,-7.598],[-78.913,-7.551],[-78.851,-7.522],[-78.887,-7.484],[-78.878,-7.471],[-78.79,-7.395],[-78.781,-7.424],[-78.76,-7.402],[-78.738,-7.42],[-78.697,-7.414],[-78.639,-7.348],[-78.63,-7.299],[-78.609,-7.279],[-78.759,-7.215],[-78.897,-7.229],[-78.956,-7.188],[-79.013,-7.179]]]},"properties":{"OBJECTID":1546,"CD_PROV":"0605","CD_DEPA":"06","NM_PROV":"CONTUMAZA","NM_DEPA":"CAJAMARCA","FEC_ING":"26/12/2024","GLOBALID":"{B0D1FEA7-C0D4-4CD5-85C1-CB4D53FF00EE}","SHAPE.AREA":0.16952813157885499,"SHAPE.LEN":2.5013795463987099}},{"type":"Feature","id":1547,"geometry":{"type":"Polygon","coordinates":[[[-78.704,-5.782],[-78.785,-5.876],[-78.833,-5.892],[-78.875,-6.033],[-78.901,-6.045],[-78.965,-6.012],[-79.015,-6.022],[-79.08,-6.065],[-79.096,-6.116],[-79.172,-6.134],[-79.23,-6.092],[-79.275,-6.158],[-79.25,-6.221],[-79.222,-6.212],[-79.211,-6.278],[-79.162,-6.273],[-79.086,-6.32],[-79.069,-6.308],[-79.054,-6.329],[-78.988,-6.292],[-78.932,-6.347],[-78.897,-6.432],[-78.796,-6.441],[-78.844,-6.489],[-78.806,-6.506],[-78.767,-6.55],[-78.732,-6.46],[-78.747,-6.42],[-78.713,-6.395],[-78.714,-6.368],[-78.668,-6.315],[-78.509,-6.28],[-78.534,-6.191],[-78.505,-6.089],[-78.516,-6.072],[-78.585,-6.079],[-78.607,-6.057],[-78.611,-6.017],[-78.696,-5.889],[-78.712,-5.829],[-78.704,-5.782]]]},"properties":{"OBJECTID":1547,"CD_PROV":"0606","CD_DEPA":"06","NM_PROV":"CUTERVO","NM_DEPA":"CAJAMARCA","FEC_ING":"26/12/2024","GLOBALID":"{86A2D056-FEC6-4C09-AB1A-BD9C809AE79D}","SHAPE.AREA":0.24768450597769501,"SHAPE.LEN":3.0941583196695297}},{"type":"Feature","id":1548,"geometry":{"type":"Polygon","coordinates":[[[-78.436,-6.572],[-78.458,-6.56],[-78.526,-6.609],[-78.56,-6.598],[-78.637,-6.655],[-78.65,-6.681],[-78.722,-6.629],[-78.758,-6.632],[-78.769,-6.651],[-78.718,-6.74],[-78.638,-6.778],[-78.601,-6.868],[-78.53,-6.798],[-78.512,-6.819],[-78.493,-6.801],[-78.468,-6.806],[-78.453,-6.834],[-78.434,-6.835],[-78.394,-6.793],[-78.407,-6.716],[-78.384,-6.679],[-78.402,-6.616],[-78.436,-6.572]]]},"properties":{"OBJECTID":1548,"CD_PROV":"0607","CD_DEPA":"06","NM_PROV":"HUALGAYOC","NM_DEPA":"CAJAMARCA","FEC_ING":"26/12/2024","GLOBALID":"{BF64DAAC-251E-482C-9A7D-B80D97B1E053}","SHAPE.AREA":0.0644184902989339,"SHAPE.LEN":1.4026154180788899}},{"type":"Feature","id":1549,"geometry":{"type":"Polygon","coordinates":[[[-78.54,-5.366],[-78.575,-5.314],[-78.677,-5.409],[-78.748,-5.393],[-78.761,-5.374],[-78.787,-5.428],[-78.867,-5.47],[-78.936,-5.477],[-78.997,-5.464],[-79.01,-5.445],[-79.061,-5.446],[-79.099,-5.366],[-79.155,-5.397],[-79.153,-5.422],[-79.189,-5.455],[-79.203,-5.506],[-79.259,-5.502],[-79.282,-5.525],[-79.311,-5.52],[-79.33,-5.535],[-79.391,-5.524],[-79.399,-5.539],[-79.371,-5.603],[-79.399,-5.703],[-79.399,-5.771],[-79.335,-5.894],[-79.362,-5.933],[-79.421,-5.972],[-79.417,-6.005],[-79.396,-5.977],[-79.365,-5.976],[-79.349,-5.98],[-79.319,-6.043],[-79.322,-5.999],[-79.305,-5.985],[-79.263,-6.003],[-79.266,-6.025],[-79.241,-6.029],[-79.225,-6.055],[-79.19,-6.025],[-79.176,-6.038],[-79.189,-6.059],[-79.181,-6.088],[-79.213,-6.099],[-79.172,-6.134],[-79.087,-6.11],[-79.08,-6.065],[-79.015,-6.022],[-78.965,-6.012],[-78.901,-6.045],[-78.875,-6.033],[-78.833,-5.892],[-78.785,-5.876],[-78.742,-5.836],[-78.72,-5.786],[-78.701,-5.785],[-78.689,-5.746],[-78.654,-5.735],[-78.654,-5.719],[-78.686,-5.699],[-78.625,-5.639],[-78.583,-5.551],[-78.55,-5.533],[-78.558,-5.495],[-78.453,-5.426],[-78.451,-5.39],[-78.503,-5.412],[-78.54,-5.366]]]},"properties":{"OBJECTID":1549,"CD_PROV":"0608","CD_DEPA":"06","NM_PROV":"JAEN","NM_DEPA":"CAJAMARCA","FEC_ING":"26/12/2024","GLOBALID":"{51BD4935-12A3-4D62-BF84-B446F774E057}","SHAPE.AREA":0.41694484993554598,"SHAPE.LEN":4.0278148048929099}},{"type":"Feature","id":1550,"geometry":{"type":"Polygon","coordinates":[[[-78.7,-4.628],[-78.804,-4.638],[-78.856,-4.668],[-78.89,-4.717],[-78.89,-4.764],[-78.915,-4.781],[-78.891,-4.809],[-78.912,-4.85],[-78.892,-4.887],[-78.972,-4.895],[-79.015,-5.016],[-79.071,-4.99],[-79.076,-4.97],[-79.109,-4.979],[-79.209,-4.962],[-79.226,-5.048],[-79.273,-5.059],[-79.296,-5.112],[-79.33,-5.124],[-79.342,-5.164],[-79.376,-5.186],[-79.348,-5.234],[-79.359,-5.289],[-79.328,-5.316],[-79.326,-5.348],[-79.308,-5.365],[-79.276,-5.52],[-79.259,-5.502],[-79.201,-5.505],[-79.189,-5.455],[-79.153,-5.422],[-79.155,-5.397],[-79.1,-5.366],[-79.061,-5.446],[-79.01,-5.445],[-78.973,-5.473],[-78.898,-5.474],[-78.785,-5.427],[-78.761,-5.374],[-78.748,-5.393],[-78.677,-5.409],[-78.575,-5.314],[-78.638,-5.305],[-78.654,-5.274],[-78.684,-5.267],[-78.709,-5.18],[-78.701,-5.104],[-78.641,-5.034],[-78.651,-4.979],[-78.678,-4.968],[-78.645,-4.907],[-78.632,-4.836],[-78.642,-4.802],[-78.621,-4.768],[-78.628,-4.74],[-78.645,-4.735],[-78.638,-4.656],[-78.665,-4.656],[-78.7,-4.628]]]},"properties":{"OBJECTID":1550,"CD_PROV":"0609","CD_DEPA":"06","NM_PROV":"SAN IGNACIO","NM_DEPA":"CAJAMARCA","FEC_ING":"26/12/2024","GLOBALID":"{B41F0899-B75D-4E29-A85B-992FA3B4B1D4}","SHAPE.AREA":0.390796553143822,"SHAPE.LEN":3.7976365180221197}},{"type":"Feature","id":1551,"geometry":{"type":"Polygon","coordinates":[[[-77.947,-7.082],[-77.951,-7.065],[-78.002,-7.088],[-78.056,-7.135],[-78.103,-7.128],[-78.114,-7.146],[-78.185,-7.15],[-78.251,-7.231],[-78.222,-7.307],[-78.236,-7.319],[-78.272,-7.294],[-78.288,-7.328],[-78.325,-7.344],[-78.22,-7.388],[-78.218,-7.41],[-78.168,-7.465],[-78.131,-7.481],[-78.086,-7.454],[-78.013,-7.462],[-77.982,-7.386],[-77.943,-7.346],[-77.883,-7.364],[-77.832,-7.351],[-77.831,-7.31],[-77.859,-7.266],[-77.849,-7.236],[-77.882,-7.221],[-77.898,-7.167],[-77.926,-7.155],[-77.947,-7.082]]]},"properties":{"OBJECTID":1551,"CD_PROV":"0610","CD_DEPA":"06","NM_PROV":"SAN MARCOS","NM_DEPA":"CAJAMARCA","FEC_ING":"26/12/2024","GLOBALID":"{88D1D71B-8EF9-4182-8639-433A4E2B30A1}","SHAPE.AREA":0.110759499475136,"SHAPE.LEN":1.7454130849999199}},{"type":"Feature","id":1552,"geometry":{"type":"Polygon","coordinates":[[[-78.811,-6.7],[-78.852,-6.709],[-78.849,-6.739],[-78.887,-6.797],[-78.886,-6.845],[-78.936,-6.84],[-78.981,-6.863],[-79.051,-6.836],[-79.083,-6.874],[-79.146,-6.866],[-79.207,-6.821],[-79.225,-6.858],[-79.263,-6.859],[-79.296,-6.884],[-79.311,-6.902],[-79.297,-7.003],[-79.323,-7.026],[-79.331,-7.076],[-79.296,-7.13],[-79.305,-7.147],[-79.281,-7.157],[-79.266,-7.194],[-79.143,-7.194],[-79.124,-7.181],[-79.088,-7.221],[-79.082,-7.253],[-79.017,-7.179],[-78.956,-7.188],[-78.917,-7.211],[-78.886,-7.17],[-78.865,-7.043],[-78.741,-6.999],[-78.687,-6.911],[-78.634,-6.89],[-78.612,-6.835],[-78.628,-6.827],[-78.639,-6.777],[-78.693,-6.743],[-78.746,-6.745],[-78.811,-6.7]]]},"properties":{"OBJECTID":1552,"CD_PROV":"0611","CD_DEPA":"06","NM_PROV":"SAN MIGUEL","NM_DEPA":"CAJAMARCA","FEC_ING":"26/12/2024","GLOBALID":"{D092D763-4EBC-4EAA-927C-F21A40F6E021}","SHAPE.AREA":0.20746559916179799,"SHAPE.LEN":2.5464968000326298}},{"type":"Feature","id":1553,"geometry":{"type":"Polygon","coordinates":[[[-78.611,-6.854],[-78.65,-6.904],[-78.69,-6.915],[-78.741,-6.999],[-78.865,-7.043],[-78.883,-7.091],[-78.881,-7.156],[-78.913,-7.218],[-78.896,-7.229],[-78.731,-7.212],[-78.72,-7.171],[-78.662,-7.104],[-78.628,-7.016],[-78.605,-6.998],[-78.613,-6.92],[-78.599,-6.881],[-78.611,-6.854]]]},"properties":{"OBJECTID":1553,"CD_PROV":"0612","CD_DEPA":"06","NM_PROV":"SAN PABLO","NM_DEPA":"CAJAMARCA","FEC_ING":"26/12/2024","GLOBALID":"{A154ABF5-DA81-4AFE-B68F-891E3389717A}","SHAPE.AREA":0.054395571460118003,"SHAPE.LEN":1.25535907043162}},{"type":"Feature","id":1554,"geometry":{"type":"Polygon","coordinates":[[[-78.914,-6.522],[-78.929,-6.503],[-78.966,-6.532],[-78.988,-6.512],[-79.06,-6.518],[-79.088,-6.558],[-79.094,-6.602],[-79.127,-6.632],[-79.253,-6.61],[-79.218,-6.693],[-79.196,-6.695],[-79.188,-6.717],[-79.142,-6.7],[-79.122,-6.773],[-79.207,-6.821],[-79.134,-6.869],[-79.082,-6.874],[-79.05,-6.836],[-78.979,-6.862],[-78.936,-6.84],[-78.883,-6.844],[-78.887,-6.797],[-78.849,-6.739],[-78.846,-6.703],[-78.818,-6.693],[-78.746,-6.745],[-78.72,-6.743],[-78.769,-6.651],[-78.76,-6.597],[-78.786,-6.582],[-78.777,-6.563],[-78.81,-6.554],[-78.823,-6.526],[-78.914,-6.522]]]},"properties":{"OBJECTID":1554,"CD_PROV":"0613","CD_DEPA":"06","NM_PROV":"SANTA CRUZ","NM_DEPA":"CAJAMARCA","FEC_ING":"26/12/2024","GLOBALID":"{1A3F00E6-A751-4A4E-BFB2-CE3FC13F76E3}","SHAPE.AREA":0.112929749738841,"SHAPE.LEN":2.0018926685982796}},{"type":"Feature","id":1555,"geometry":{"type":"Polygon","coordinates":[[[-77.135,-11.818],[-77.188,-11.829],[-77.158,-11.872],[-77.133,-11.969],[-77.155,-12.046],[-77.141,-12.046],[-77.171,-12.072],[-77.111,-12.08],[-77.078,-12.047],[-77.096,-12.034],[-77.089,-12.012],[-77.118,-11.995],[-77.11,-11.976],[-77.129,-11.938],[-77.095,-11.95],[-77.104,-11.936],[-77.089,-11.899],[-77.135,-11.818]]]},"properties":{"OBJECTID":1555,"CD_PROV":"0701","CD_DEPA":"07","NM_PROV":"CALLAO","NM_DEPA":"CALLAO","FEC_ING":"26/12/2024","GLOBALID":"{A54F4288-D358-43C1-8CAA-87708EC5AC22}","SHAPE.AREA":0.0117382377329905,"SHAPE.LEN":1.1112208756098798}},{"type":"Feature","id":1556,"geometry":{"type":"Polygon","coordinates":[[[-71.962,-13.44],[-71.98,-13.429],[-72.001,-13.444],[-72.018,-13.475],[-72.051,-13.49],[-72.061,-13.528],[-72.103,-13.553],[-72.159,-13.544],[-72.164,-13.608],[-72.132,-13.639],[-72.115,-13.628],[-72.092,-13.649],[-72.046,-13.639],[-72.022,-13.613],[-71.928,-13.615],[-71.916,-13.594],[-71.843,-13.631],[-71.832,-13.622],[-71.82,-13.608],[-71.836,-13.591],[-71.814,-13.568],[-71.821,-13.52],[-71.805,-13.508],[-71.846,-13.487],[-71.884,-13.498],[-71.932,-13.468],[-71.929,-13.436],[-71.962,-13.44]]]},"properties":{"OBJECTID":1556,"CD_PROV":"0801","CD_DEPA":"08","NM_PROV":"CUSCO","NM_DEPA":"CUSCO","FEC_ING":"26/12/2024","GLOBALID":"{07F52551-4C73-4EAE-85FB-C5C7E035BA38}","SHAPE.AREA":0.044192037132796701,"SHAPE.LEN":1.17603171463487}},{"type":"Feature","id":1557,"geometry":{"type":"Polygon","coordinates":[[[-71.753,-13.711],[-71.79,-13.698],[-71.834,-13.811],[-71.807,-13.828],[-71.809,-13.895],[-71.78,-13.907],[-71.777,-13.94],[-71.729,-13.976],[-71.7,-14.115],[-71.606,-14.154],[-71.584,-14.102],[-71.557,-14.083],[-71.495,-14.138],[-71.467,-14.129],[-71.461,-14.109],[-71.441,-14.106],[-71.439,-14.074],[-71.48,-14.033],[-71.492,-13.988],[-71.564,-13.933],[-71.565,-13.903],[-71.621,-13.896],[-71.647,-13.824],[-71.712,-13.82],[-71.696,-13.796],[-71.703,-13.759],[-71.753,-13.711]]]},"properties":{"OBJECTID":1557,"CD_PROV":"0802","CD_DEPA":"08","NM_PROV":"ACOMAYO","NM_DEPA":"CUSCO","FEC_ING":"26/12/2024","GLOBALID":"{E197F2CF-2953-4D0A-B924-98D426254538}","SHAPE.AREA":0.0778360997070911,"SHAPE.LEN":1.6262245427633299}},{"type":"Feature","id":1558,"geometry":{"type":"Polygon","coordinates":[[[-72.348,-13.299],[-72.363,-13.285],[-72.386,-13.304],[-72.375,-13.364],[-72.441,-13.344],[-72.452,-13.363],[-72.533,-13.373],[-72.552,-13.334],[-72.694,-13.421],[-72.721,-13.405],[-72.746,-13.416],[-72.773,-13.449],[-72.748,-13.481],[-72.672,-13.522],[-72.656,-13.513],[-72.641,-13.54],[-72.601,-13.544],[-72.593,-13.562],[-72.56,-13.552],[-72.489,-13.592],[-72.421,-13.606],[-72.4,-13.634],[-72.403,-13.659],[-72.369,-13.666],[-72.312,-13.708],[-72.261,-13.682],[-72.228,-13.714],[-72.167,-13.649],[-72.132,-13.639],[-72.165,-13.606],[-72.159,-13.544],[-72.106,-13.554],[-72.061,-13.528],[-72.051,-13.49],[-72.018,-13.475],[-72.0,-13.445],[-72.059,-13.452],[-72.108,-13.423],[-72.118,-13.396],[-72.17,-13.392],[-72.21,-13.367],[-72.218,-13.327],[-72.266,-13.33],[-72.285,-13.312],[-72.336,-13.315],[-72.348,-13.299]]]},"properties":{"OBJECTID":1558,"CD_PROV":"0803","CD_DEPA":"08","NM_PROV":"ANTA","NM_DEPA":"CUSCO","FEC_ING":"26/12/2024","GLOBALID":"{E9FD2CA6-8781-4993-88CC-DF1B264058ED}","SHAPE.AREA":0.16207669660642898,"SHAPE.LEN":2.4514072347025397}},{"type":"Feature","id":1559,"geometry":{"type":"Polygon","coordinates":[[[-72.052,-12.517],[-72.089,-12.515],[-72.125,-12.548],[-72.137,-12.621],[-72.186,-12.657],[-72.225,-12.665],[-72.367,-12.632],[-72.322,-12.669],[-72.353,-12.687],[-72.363,-12.719],[-72.362,-12.827],[-72.312,-12.924],[-72.226,-12.953],[-72.214,-12.996],[-72.169,-13.024],[-72.191,-13.095],[-72.166,-13.113],[-72.138,-13.188],[-72.098,-13.189],[-72.06,-13.215],[-72.04,-13.316],[-72.018,-13.32],[-71.974,-13.383],[-71.98,-13.429],[-71.929,-13.436],[-71.932,-13.468],[-71.884,-13.498],[-71.846,-13.487],[-71.802,-13.509],[-71.745,-13.575],[-71.72,-13.552],[-71.738,-13.477],[-71.726,-13.457],[-71.755,-13.431],[-71.725,-13.421],[-71.728,-13.406],[-71.795,-13.317],[-71.821,-13.32],[-71.838,-13.301],[-71.83,-13.279],[-71.864,-13.227],[-71.855,-13.207],[-71.88,-13.153],[-71.863,-13.126],[-71.886,-13.11],[-71.889,-13.053],[-71.911,-13.032],[-71.881,-12.993],[-71.85,-12.986],[-71.824,-12.93],[-71.894,-12.83],[-71.878,-12.796],[-71.921,-12.753],[-71.9,-12.737],[-71.917,-12.699],[-71.979,-12.683],[-71.956,-12.654],[-71.965,-12.615],[-71.984,-12.608],[-71.981,-12.58],[-72.052,-12.517]]]},"properties":{"OBJECTID":1559,"CD_PROV":"0804","CD_DEPA":"08","NM_PROV":"CALCA","NM_DEPA":"CUSCO","FEC_ING":"26/12/2024","GLOBALID":"{692ED427-20ED-4D60-A16F-FD99E5870C99}","SHAPE.AREA":0.29438033345729203,"SHAPE.LEN":3.5700794542723098}},{"type":"Feature","id":1560,"geometry":{"type":"Polygon","coordinates":[[[-71.511,-14.121],[-71.557,-14.083],[-71.584,-14.102],[-71.595,-14.134],[-71.596,-14.15],[-71.55,-14.175],[-71.515,-14.253],[-71.549,-14.262],[-71.555,-14.362],[-71.569,-14.375],[-71.55,-14.406],[-71.609,-14.445],[-71.605,-14.478],[-71.646,-14.502],[-71.648,-14.532],[-71.581,-14.548],[-71.544,-14.538],[-71.531,-14.571],[-71.489,-14.579],[-71.428,-14.622],[-71.417,-14.602],[-71.374,-14.62],[-71.339,-14.615],[-71.308,-14.66],[-71.296,-14.641],[-71.214,-14.648],[-71.182,-14.614],[-71.118,-14.649],[-71.031,-14.593],[-71.01,-14.598],[-71.02,-14.585],[-71.004,-14.573],[-70.977,-14.582],[-70.966,-14.568],[-70.999,-14.503],[-70.987,-14.499],[-70.988,-14.455],[-70.962,-14.445],[-70.974,-14.418],[-71.026,-14.43],[-71.037,-14.452],[-71.073,-14.45],[-71.087,-14.473],[-71.098,-14.458],[-71.136,-14.464],[-71.14,-14.441],[-71.21,-14.429],[-71.259,-14.378],[-71.246,-14.368],[-71.249,-14.331],[-71.294,-14.313],[-71.335,-14.331],[-71.33,-14.282],[-71.372,-14.278],[-71.367,-14.23],[-71.397,-14.2],[-71.416,-14.21],[-71.441,-14.154],[-71.417,-14.115],[-71.424,-14.106],[-71.457,-14.107],[-71.492,-14.138],[-71.511,-14.121]],[[-71.28,-14.435],[-71.166,-14.484],[-71.156,-14.498],[-71.168,-14.521],[-71.228,-14.5],[-71.274,-14.459],[-71.28,-14.435]]]},"properties":{"OBJECTID":1560,"CD_PROV":"0805","CD_DEPA":"08","NM_PROV":"CANAS","NM_DEPA":"CUSCO","FEC_ING":"26/12/2024","GLOBALID":"{6E3CCD1B-333A-4845-9344-8817BC5F4403}","SHAPE.AREA":0.17443922220557501,"SHAPE.LEN":3.2704382920280701}},{"type":"Feature","id":1561,"geometry":{"type":"Polygon","coordinates":[[[-71.035,-13.753],[-71.081,-13.726],[-71.104,-13.76],[-71.164,-13.743],[-71.183,-13.789],[-71.223,-13.78],[-71.241,-13.819],[-71.29,-13.828],[-71.32,-13.906],[-71.352,-13.901],[-71.374,-13.921],[-71.408,-13.897],[-71.423,-13.926],[-71.443,-13.938],[-71.474,-13.926],[-71.518,-13.975],[-71.492,-13.988],[-71.48,-14.033],[-71.439,-14.074],[-71.441,-14.103],[-71.417,-14.115],[-71.441,-14.154],[-71.416,-14.21],[-71.397,-14.2],[-71.367,-14.23],[-71.371,-14.28],[-71.328,-14.284],[-71.337,-14.331],[-71.294,-14.313],[-71.256,-14.325],[-71.246,-14.368],[-71.259,-14.378],[-71.226,-14.418],[-71.087,-14.473],[-71.073,-14.45],[-71.037,-14.452],[-71.025,-14.429],[-70.988,-14.429],[-70.986,-14.38],[-70.912,-14.341],[-70.913,-14.303],[-70.88,-14.27],[-70.9,-14.233],[-70.887,-14.172],[-70.821,-14.141],[-70.79,-14.079],[-70.829,-14.076],[-70.862,-14.026],[-70.841,-14.009],[-70.853,-13.998],[-70.847,-13.965],[-70.81,-13.912],[-70.831,-13.895],[-70.833,-13.856],[-70.881,-13.833],[-70.864,-13.793],[-70.888,-13.778],[-70.913,-13.814],[-70.957,-13.805],[-70.989,-13.763],[-71.035,-13.753]]]},"properties":{"OBJECTID":1561,"CD_PROV":"0806","CD_DEPA":"08","NM_PROV":"CANCHIS","NM_DEPA":"CUSCO","FEC_ING":"26/12/2024","GLOBALID":"{7FBD89EB-B730-414A-969B-3C932DC80C12}","SHAPE.AREA":0.33042533662510704,"SHAPE.LEN":3.1137123490585901}},{"type":"Feature","id":1562,"geometry":{"type":"Polygon","coordinates":[[[-72.039,-13.941],[-72.056,-13.935],[-72.06,-13.965],[-72.051,-14.027],[-72.068,-14.077],[-72.057,-14.129],[-72.095,-14.173],[-72.076,-14.207],[-72.126,-14.254],[-72.161,-14.264],[-72.187,-14.313],[-72.24,-14.348],[-72.25,-14.403],[-72.295,-14.411],[-72.29,-14.424],[-72.317,-14.441],[-72.341,-14.428],[-72.358,-14.436],[-72.395,-14.483],[-72.44,-14.482],[-72.503,-14.552],[-72.462,-14.606],[-72.472,-14.661],[-72.46,-14.676],[-72.487,-14.714],[-72.487,-14.742],[-72.469,-14.787],[-72.435,-14.79],[-72.41,-14.826],[-72.315,-14.834],[-72.253,-14.804],[-72.212,-14.803],[-72.189,-14.778],[-72.146,-14.777],[-72.132,-14.789],[-72.131,-14.828],[-72.077,-14.884],[-72.047,-14.887],[-72.04,-14.839],[-72.025,-14.829],[-72.041,-14.81],[-72.044,-14.703],[-72.008,-14.641],[-71.988,-14.633],[-71.93,-14.689],[-71.952,-14.704],[-71.959,-14.733],[-71.924,-14.79],[-71.894,-14.79],[-71.902,-14.767],[-71.879,-14.757],[-71.893,-14.747],[-71.881,-14.71],[-71.85,-14.689],[-71.822,-14.706],[-71.784,-14.702],[-71.737,-14.658],[-71.754,-14.625],[-71.713,-14.61],[-71.704,-14.573],[-71.65,-14.554],[-71.646,-14.502],[-71.605,-14.478],[-71.609,-14.445],[-71.55,-14.406],[-71.569,-14.375],[-71.555,-14.362],[-71.549,-14.262],[-71.515,-14.253],[-71.56,-14.164],[-71.7,-14.116],[-71.673,-14.196],[-71.688,-14.241],[-71.68,-14.265],[-71.693,-14.279],[-71.729,-14.266],[-71.746,-14.275],[-71.76,-14.26],[-71.741,-14.24],[-71.764,-14.192],[-71.802,-14.18],[-71.81,-14.2],[-71.832,-14.204],[-71.886,-14.194],[-71.917,-14.155],[-71.903,-14.108],[-71.91,-14.058],[-71.944,-14.006],[-71.937,-13.981],[-71.958,-13.993],[-71.985,-13.947],[-72.039,-13.941]]]},"properties":{"OBJECTID":1562,"CD_PROV":"0807","CD_DEPA":"08","NM_PROV":"CHUMBIVILCAS","NM_DEPA":"CUSCO","FEC_ING":"26/12/2024","GLOBALID":"{E70E46A1-34D2-4AEF-8114-B1EB8D3560EB}","SHAPE.AREA":0.44819117694349303,"SHAPE.LEN":4.6675026432907902}},{"type":"Feature","id":1563,"geometry":{"type":"Polygon","coordinates":[[[-71.63,-14.53],[-71.647,-14.532],[-71.659,-14.563],[-71.704,-14.573],[-71.713,-14.61],[-71.754,-14.625],[-71.737,-14.658],[-71.784,-14.702],[-71.822,-14.706],[-71.85,-14.689],[-71.892,-14.735],[-71.879,-14.757],[-71.902,-14.77],[-71.855,-14.855],[-71.861,-14.881],[-71.827,-14.889],[-71.826,-14.907],[-71.793,-14.896],[-71.746,-14.94],[-71.77,-14.982],[-71.766,-15.01],[-71.849,-15.045],[-71.838,-15.075],[-71.801,-15.067],[-71.773,-15.082],[-71.674,-15.089],[-71.636,-15.139],[-71.615,-15.146],[-71.588,-15.128],[-71.572,-15.062],[-71.513,-15.08],[-71.486,-15.059],[-71.51,-15.005],[-71.505,-14.976],[-71.448,-14.98],[-71.417,-15.034],[-71.319,-15.12],[-71.261,-15.078],[-71.266,-15.063],[-71.227,-15.07],[-71.207,-15.051],[-71.197,-15.089],[-71.143,-15.122],[-71.185,-15.17],[-71.16,-15.208],[-71.202,-15.245],[-71.195,-15.271],[-71.164,-15.291],[-71.151,-15.356],[-71.174,-15.424],[-71.15,-15.441],[-71.12,-15.427],[-71.102,-15.455],[-71.073,-15.452],[-71.006,-15.335],[-70.985,-15.317],[-70.959,-15.319],[-70.95,-15.302],[-70.985,-15.249],[-70.963,-15.216],[-71.004,-14.999],[-70.985,-14.946],[-70.997,-14.844],[-70.978,-14.824],[-70.975,-14.764],[-71.013,-14.74],[-71.028,-14.76],[-71.053,-14.754],[-71.118,-14.649],[-71.18,-14.615],[-71.214,-14.648],[-71.296,-14.641],[-71.308,-14.66],[-71.336,-14.616],[-71.374,-14.62],[-71.417,-14.602],[-71.428,-14.622],[-71.489,-14.579],[-71.531,-14.571],[-71.544,-14.538],[-71.602,-14.546],[-71.63,-14.53]]]},"properties":{"OBJECTID":1563,"CD_PROV":"0808","CD_DEPA":"08","NM_PROV":"ESPINAR","NM_DEPA":"CUSCO","FEC_ING":"26/12/2024","GLOBALID":"{69C34FB6-BA92-4A5C-A895-0FA8D05D5BB9}","SHAPE.AREA":0.43965303033595798,"SHAPE.LEN":4.5038855244277691}},{"type":"Feature","id":1564,"geometry":{"type":"Polygon","coordinates":[[[-72.964,-11.269],[-72.977,-11.212],[-73.065,-11.284],[-73.082,-11.273],[-73.132,-11.294],[-73.206,-11.29],[-73.256,-11.313],[-73.344,-11.312],[-73.469,-11.445],[-73.48,-11.471],[-73.461,-11.509],[-73.51,-11.521],[-73.574,-11.594],[-73.615,-11.609],[-73.605,-11.636],[-73.618,-11.659],[-73.573,-11.76],[-73.591,-11.803],[-73.514,-11.839],[-73.513,-11.859],[-73.442,-11.941],[-73.436,-11.997],[-73.421,-12.015],[-73.405,-12.006],[-73.402,-12.091],[-73.357,-12.115],[-73.365,-12.138],[-73.44,-12.152],[-73.47,-12.237],[-73.574,-12.277],[-73.598,-12.385],[-73.658,-12.36],[-73.66,-12.329],[-73.703,-12.27],[-73.738,-12.267],[-73.801,-12.221],[-73.901,-12.249],[-73.937,-12.223],[-73.981,-12.253],[-73.97,-12.348],[-73.948,-12.351],[-73.886,-12.406],[-73.854,-12.489],[-73.854,-12.532],[-73.824,-12.533],[-73.8,-12.615],[-73.757,-12.651],[-73.725,-12.637],[-73.626,-12.765],[-73.627,-12.788],[-73.59,-12.824],[-73.582,-12.859],[-73.524,-12.899],[-73.53,-12.932],[-73.496,-12.933],[-73.508,-12.972],[-73.53,-12.985],[-73.505,-13.011],[-73.477,-13.001],[-73.49,-13.067],[-73.478,-13.056],[-73.449,-13.08],[-73.455,-13.121],[-73.415,-13.145],[-73.41,-13.212],[-73.382,-13.225],[-73.364,-13.269],[-73.346,-13.278],[-73.348,-13.302],[-73.311,-13.326],[-73.287,-13.373],[-73.236,-13.411],[-73.187,-13.416],[-73.175,-13.452],[-73.144,-13.419],[-73.097,-13.449],[-73.06,-13.438],[-73.044,-13.412],[-73.015,-13.427],[-72.977,-13.388],[-72.925,-13.383],[-72.895,-13.389],[-72.884,-13.417],[-72.797,-13.422],[-72.786,-13.458],[-72.746,-13.416],[-72.721,-13.405],[-72.694,-13.421],[-72.547,-13.333],[-72.552,-13.219],[-72.601,-13.107],[-72.54,-13.083],[-72.486,-13.102],[-72.392,-13.174],[-72.322,-13.162],[-72.289,-13.105],[-72.231,-13.143],[-72.223,-13.1],[-72.196,-13.105],[-72.169,-13.024],[-72.214,-12.996],[-72.226,-12.953],[-72.312,-12.924],[-72.355,-12.845],[-72.363,-12.719],[-72.353,-12.687],[-72.322,-12.669],[-72.37,-12.639],[-72.336,-12.633],[-72.314,-12.65],[-72.225,-12.665],[-72.152,-12.634],[-72.121,-12.579],[-72.125,-12.548],[-72.071,-12.512],[-72.079,-12.499],[-72.061,-12.438],[-71.977,-12.399],[-71.967,-12.348],[-71.946,-12.331],[-72.029,-12.287],[-72.043,-12.255],[-72.106,-12.239],[-72.088,-12.143],[-72.094,-12.085],[-72.174,-12.06],[-72.269,-12.054],[-72.259,-12.006],[-72.282,-11.996],[-72.286,-11.975],[-72.34,-11.966],[-72.348,-11.891],[-72.332,-11.856],[-72.391,-11.828],[-72.371,-11.785],[-72.425,-11.733],[-72.428,-11.705],[-72.39,-11.651],[-72.308,-11.588],[-72.293,-11.433],[-72.248,-11.385],[-72.249,-11.333],[-72.28,-11.34],[-72.284,-11.317],[-72.308,-11.307],[-72.323,-11.325],[-72.334,-11.316],[-72.379,-11.333],[-72.449,-11.371],[-72.449,-11.386],[-72.499,-11.395],[-72.517,-11.432],[-72.534,-11.439],[-72.535,-11.425],[-72.548,-11.448],[-72.554,-11.432],[-72.596,-11.44],[-72.6,-11.419],[-72.61,-11.44],[-72.617,-11.418],[-72.646,-11.413],[-72.666,-11.386],[-72.692,-11.396],[-72.713,-11.347],[-72.718,-11.362],[-72.738,-11.347],[-72.795,-11.385],[-72.797,-11.364],[-72.8,-11.386],[-72.816,-11.375],[-72.822,-11.39],[-72.842,-11.387],[-72.834,-11.374],[-72.859,-11.355],[-72.877,-11.364],[-72.89,-11.343],[-72.895,-11.358],[-72.921,-11.343],[-72.923,-11.355],[-72.935,-11.348],[-72.924,-11.327],[-72.945,-11.34],[-72.965,-11.332],[-72.952,-11.328],[-72.959,-11.314],[-72.94,-11.323],[-72.932,-11.309],[-72.956,-11.305],[-72.936,-11.291],[-72.964,-11.269]]]},"properties":{"OBJECTID":1564,"CD_PROV":"0809","CD_DEPA":"08","NM_PROV":"LA CONVENCION","NM_DEPA":"CUSCO","FEC_ING":"26/12/2024","GLOBALID":"{AC0AF6C6-51A0-4613-800D-AE70002AC5CB}","SHAPE.AREA":2.6515130413700301,"SHAPE.LEN":11.2517591582679}},{"type":"Feature","id":1565,"geometry":{"type":"Polygon","coordinates":[[[-71.909,-13.594],[-71.929,-13.616],[-72.023,-13.614],[-72.071,-13.647],[-72.116,-13.628],[-72.167,-13.649],[-72.233,-13.721],[-72.166,-13.748],[-72.132,-13.787],[-72.056,-13.935],[-71.985,-13.947],[-71.958,-13.993],[-71.938,-13.979],[-71.944,-14.006],[-71.91,-14.058],[-71.903,-14.108],[-71.917,-14.155],[-71.886,-14.194],[-71.832,-14.204],[-71.81,-14.2],[-71.802,-14.18],[-71.764,-14.192],[-71.74,-14.253],[-71.759,-14.26],[-71.745,-14.275],[-71.73,-14.266],[-71.693,-14.279],[-71.673,-14.196],[-71.718,-14.059],[-71.729,-13.976],[-71.777,-13.94],[-71.78,-13.907],[-71.809,-13.895],[-71.807,-13.828],[-71.834,-13.811],[-71.79,-13.698],[-71.827,-13.673],[-71.843,-13.631],[-71.909,-13.594]]]},"properties":{"OBJECTID":1565,"CD_PROV":"0810","CD_DEPA":"08","NM_PROV":"PARURO","NM_DEPA":"CUSCO","FEC_ING":"26/12/2024","GLOBALID":"{1AD7B3D5-0BE7-4AEE-B8CE-E9A3026FCB1D}","SHAPE.AREA":0.164431263044899,"SHAPE.LEN":2.4357130706471799}},{"type":"Feature","id":1566,"geometry":{"type":"Polygon","coordinates":[[[-71.598,-12.7],[-71.695,-12.739],[-71.708,-12.773],[-71.747,-12.796],[-71.765,-12.767],[-71.8,-12.766],[-71.821,-12.741],[-71.886,-12.731],[-71.921,-12.752],[-71.878,-12.796],[-71.894,-12.83],[-71.824,-12.93],[-71.85,-12.986],[-71.881,-12.993],[-71.911,-13.032],[-71.889,-13.053],[-71.886,-13.11],[-71.863,-13.126],[-71.88,-13.153],[-71.855,-13.207],[-71.864,-13.227],[-71.83,-13.279],[-71.838,-13.301],[-71.821,-13.32],[-71.795,-13.317],[-71.728,-13.405],[-71.725,-13.421],[-71.755,-13.431],[-71.726,-13.457],[-71.738,-13.477],[-71.724,-13.572],[-71.681,-13.629],[-71.656,-13.64],[-71.62,-13.6],[-71.625,-13.565],[-71.569,-13.562],[-71.546,-13.599],[-71.512,-13.576],[-71.527,-13.47],[-71.502,-13.455],[-71.431,-13.52],[-71.404,-13.505],[-71.372,-13.446],[-71.266,-13.465],[-71.265,-13.481],[-71.19,-13.526],[-71.18,-13.501],[-71.143,-13.477],[-71.161,-13.41],[-71.153,-13.374],[-71.112,-13.318],[-71.118,-13.305],[-71.097,-13.303],[-71.064,-13.257],[-71.122,-13.234],[-71.135,-13.211],[-71.174,-13.055],[-71.167,-13.018],[-71.179,-12.998],[-71.162,-12.967],[-71.271,-12.962],[-71.359,-12.881],[-71.375,-12.901],[-71.397,-12.883],[-71.416,-12.894],[-71.449,-12.863],[-71.446,-12.828],[-71.496,-12.782],[-71.512,-12.745],[-71.547,-12.735],[-71.553,-12.709],[-71.598,-12.7]]]},"properties":{"OBJECTID":1566,"CD_PROV":"0811","CD_DEPA":"08","NM_PROV":"PAUCARTAMBO","NM_DEPA":"CUSCO","FEC_ING":"26/12/2024","GLOBALID":"{98DD07F5-E6FC-4ED9-8C13-7092FD493641}","SHAPE.AREA":0.482202782329612,"SHAPE.LEN":4.1227785974356896}},{"type":"Feature","id":1567,"geometry":{"type":"Polygon","coordinates":[[[-70.838,-13.068],[-70.863,-13.08],[-70.899,-13.07],[-70.887,-13.103],[-70.921,-13.111],[-70.942,-13.156],[-70.977,-13.17],[-71.014,-13.267],[-71.064,-13.257],[-71.097,-13.303],[-71.118,-13.305],[-71.112,-13.318],[-71.162,-13.403],[-71.143,-13.477],[-71.18,-13.501],[-71.19,-13.526],[-71.265,-13.481],[-71.266,-13.465],[-71.372,-13.446],[-71.404,-13.505],[-71.431,-13.52],[-71.502,-13.455],[-71.527,-13.47],[-71.512,-13.576],[-71.546,-13.599],[-71.569,-13.562],[-71.625,-13.565],[-71.62,-13.6],[-71.656,-13.64],[-71.681,-13.629],[-71.724,-13.573],[-71.72,-13.552],[-71.746,-13.575],[-71.805,-13.508],[-71.821,-13.521],[-71.816,-13.576],[-71.836,-13.591],[-71.82,-13.608],[-71.843,-13.631],[-71.827,-13.673],[-71.713,-13.743],[-71.696,-13.796],[-71.712,-13.821],[-71.647,-13.824],[-71.621,-13.896],[-71.565,-13.903],[-71.564,-13.933],[-71.517,-13.967],[-71.474,-13.926],[-71.443,-13.938],[-71.423,-13.926],[-71.408,-13.897],[-71.374,-13.921],[-71.352,-13.901],[-71.32,-13.906],[-71.29,-13.828],[-71.241,-13.819],[-71.223,-13.78],[-71.183,-13.789],[-71.164,-13.743],[-71.102,-13.76],[-71.081,-13.726],[-70.989,-13.763],[-70.957,-13.805],[-70.913,-13.814],[-70.886,-13.778],[-70.828,-13.828],[-70.768,-13.814],[-70.709,-13.843],[-70.699,-13.803],[-70.735,-13.735],[-70.715,-13.662],[-70.663,-13.661],[-70.616,-13.609],[-70.544,-13.578],[-70.539,-13.531],[-70.489,-13.5],[-70.453,-13.448],[-70.472,-13.44],[-70.443,-13.395],[-70.451,-13.365],[-70.42,-13.359],[-70.4,-13.372],[-70.396,-13.317],[-70.346,-13.313],[-70.345,-13.3],[-70.423,-13.255],[-70.388,-13.228],[-70.395,-13.183],[-70.549,-13.153],[-70.599,-13.099],[-70.66,-13.088],[-70.685,-13.107],[-70.763,-13.108],[-70.838,-13.068]]]},"properties":{"OBJECTID":1567,"CD_PROV":"0812","CD_DEPA":"08","NM_PROV":"QUISPICANCHI","NM_DEPA":"CUSCO","FEC_ING":"26/12/2024","GLOBALID":"{58BB6FEE-CAF3-4266-83F4-9DCE2EC45645}","SHAPE.AREA":0.61347174626215994,"SHAPE.LEN":5.5867015326090197}},{"type":"Feature","id":1568,"geometry":{"type":"Polygon","coordinates":[[[-72.521,-13.094],[-72.542,-13.082],[-72.601,-13.107],[-72.552,-13.219],[-72.555,-13.278],[-72.535,-13.372],[-72.452,-13.363],[-72.441,-13.344],[-72.374,-13.363],[-72.386,-13.304],[-72.362,-13.285],[-72.337,-13.314],[-72.213,-13.33],[-72.21,-13.367],[-72.17,-13.392],[-72.118,-13.396],[-72.108,-13.423],[-72.059,-13.452],[-71.992,-13.442],[-71.974,-13.423],[-71.975,-13.382],[-72.018,-13.32],[-72.04,-13.316],[-72.06,-13.215],[-72.098,-13.189],[-72.138,-13.188],[-72.166,-13.113],[-72.189,-13.097],[-72.223,-13.1],[-72.231,-13.143],[-72.289,-13.105],[-72.322,-13.162],[-72.392,-13.174],[-72.486,-13.102],[-72.521,-13.094]]]},"properties":{"OBJECTID":1568,"CD_PROV":"0813","CD_DEPA":"08","NM_PROV":"URUBAMBA","NM_DEPA":"CUSCO","FEC_ING":"26/12/2024","GLOBALID":"{B6A0422E-659D-4E6E-9233-66EF3770E95D}","SHAPE.AREA":0.12055355271143901,"SHAPE.LEN":2.2659312000890095}},{"type":"Feature","id":1569,"geometry":{"type":"Polygon","coordinates":[[[-75.179,-12.367],[-75.22,-12.391],[-75.216,-12.463],[-75.325,-12.486],[-75.319,-12.515],[-75.409,-12.585],[-75.415,-12.628],[-75.443,-12.618],[-75.461,-12.631],[-75.453,-12.657],[-75.467,-12.683],[-75.525,-12.618],[-75.575,-12.637],[-75.578,-12.654],[-75.551,-12.684],[-75.554,-12.704],[-75.577,-12.716],[-75.508,-12.775],[-75.509,-12.795],[-75.48,-12.797],[-75.474,-12.778],[-75.445,-12.774],[-75.427,-12.797],[-75.408,-12.792],[-75.38,-12.812],[-75.378,-12.851],[-75.353,-12.879],[-75.355,-12.929],[-75.337,-12.937],[-75.306,-12.904],[-75.281,-12.917],[-75.25,-12.879],[-75.158,-12.98],[-75.128,-12.932],[-75.044,-12.915],[-75.029,-13.016],[-75.038,-13.091],[-74.985,-13.163],[-74.913,-13.184],[-74.92,-13.1],[-74.909,-13.093],[-74.908,-13.035],[-74.838,-12.975],[-74.89,-12.968],[-74.887,-12.929],[-74.851,-12.921],[-74.819,-12.94],[-74.783,-12.878],[-74.762,-12.868],[-74.734,-12.88],[-74.699,-12.844],[-74.726,-12.841],[-74.75,-12.802],[-74.796,-12.792],[-74.77,-12.713],[-74.778,-12.629],[-74.745,-12.616],[-74.712,-12.634],[-74.688,-12.619],[-74.688,-12.573],[-74.71,-12.557],[-74.691,-12.523],[-74.706,-12.523],[-74.722,-12.487],[-74.782,-12.464],[-74.876,-12.531],[-74.885,-12.516],[-74.944,-12.533],[-74.951,-12.511],[-75.007,-12.494],[-75.042,-12.408],[-75.101,-12.377],[-75.154,-12.396],[-75.179,-12.367]]]},"properties":{"OBJECTID":1569,"CD_PROV":"0901","CD_DEPA":"09","NM_PROV":"HUANCAVELICA","NM_DEPA":"HUANCAVELICA","FEC_ING":"26/12/2024","GLOBALID":"{5E505920-3D41-44C3-AB78-E0403E65FA33}","SHAPE.AREA":0.34930920750015099,"SHAPE.LEN":4.1740932156283002}},{"type":"Feature","id":1570,"geometry":{"type":"Polygon","coordinates":[[[-74.685,-12.591],[-74.688,-12.619],[-74.712,-12.634],[-74.745,-12.616],[-74.778,-12.628],[-74.77,-12.713],[-74.796,-12.792],[-74.75,-12.802],[-74.724,-12.843],[-74.674,-12.826],[-74.654,-12.856],[-74.68,-12.9],[-74.624,-12.842],[-74.575,-12.914],[-74.558,-12.894],[-74.535,-12.9],[-74.476,-12.93],[-74.452,-12.967],[-74.375,-12.936],[-74.321,-12.889],[-74.333,-12.852],[-74.324,-12.833],[-74.361,-12.835],[-74.389,-12.808],[-74.466,-12.805],[-74.502,-12.787],[-74.499,-12.771],[-74.543,-12.745],[-74.549,-12.715],[-74.615,-12.671],[-74.685,-12.591]]]},"properties":{"OBJECTID":1570,"CD_PROV":"0902","CD_DEPA":"09","NM_PROV":"ACOBAMBA","NM_DEPA":"HUANCAVELICA","FEC_ING":"26/12/2024","GLOBALID":"{377543A2-40CF-45B3-88D5-244CFB876E89}","SHAPE.AREA":0.077181571015909708,"SHAPE.LEN":1.7613275429649298}},{"type":"Feature","id":1571,"geometry":{"type":"Polygon","coordinates":[[[-74.665,-12.838],[-74.68,-12.823],[-74.734,-12.88],[-74.762,-12.868],[-74.783,-12.878],[-74.826,-12.943],[-74.851,-12.921],[-74.879,-12.92],[-74.896,-12.945],[-74.89,-12.968],[-74.838,-12.975],[-74.902,-13.024],[-74.92,-13.1],[-74.913,-13.167],[-74.84,-13.144],[-74.803,-13.168],[-74.78,-13.157],[-74.722,-13.179],[-74.731,-13.231],[-74.714,-13.292],[-74.645,-13.274],[-74.572,-13.185],[-74.542,-13.201],[-74.458,-13.19],[-74.42,-13.16],[-74.396,-13.169],[-74.389,-13.13],[-74.411,-13.12],[-74.411,-13.079],[-74.38,-13.024],[-74.346,-13.026],[-74.31,-13.06],[-74.272,-13.069],[-74.295,-12.937],[-74.328,-12.926],[-74.319,-12.887],[-74.375,-12.936],[-74.452,-12.967],[-74.476,-12.93],[-74.535,-12.9],[-74.558,-12.894],[-74.575,-12.914],[-74.624,-12.842],[-74.68,-12.9],[-74.654,-12.856],[-74.665,-12.838]]]},"properties":{"OBJECTID":1571,"CD_PROV":"0903","CD_DEPA":"09","NM_PROV":"ANGARAES","NM_DEPA":"HUANCAVELICA","FEC_ING":"26/12/2024","GLOBALID":"{D0A2F6DD-2C6A-42D3-B662-990701898762}","SHAPE.AREA":0.16180302524087301,"SHAPE.LEN":2.6698055760838599}},{"type":"Feature","id":1572,"geometry":{"type":"Polygon","coordinates":[[[-75.44,-12.777],[-75.473,-12.777],[-75.48,-12.797],[-75.52,-12.788],[-75.53,-12.822],[-75.56,-12.817],[-75.572,-12.845],[-75.613,-12.859],[-75.636,-12.916],[-75.603,-12.98],[-75.639,-13.031],[-75.629,-13.057],[-75.658,-13.082],[-75.681,-13.07],[-75.676,-13.044],[-75.687,-13.043],[-75.719,-13.11],[-75.694,-13.147],[-75.706,-13.188],[-75.689,-13.214],[-75.702,-13.227],[-75.706,-13.288],[-75.788,-13.335],[-75.81,-13.389],[-75.763,-13.414],[-75.719,-13.413],[-75.689,-13.44],[-75.633,-13.411],[-75.615,-13.417],[-75.599,-13.39],[-75.538,-13.405],[-75.503,-13.353],[-75.5,-13.389],[-75.466,-13.433],[-75.47,-13.484],[-75.495,-13.524],[-75.484,-13.527],[-75.436,-13.495],[-75.435,-13.47],[-75.316,-13.455],[-75.294,-13.402],[-75.257,-13.417],[-75.238,-13.41],[-75.205,-13.313],[-75.164,-13.275],[-75.168,-13.225],[-75.12,-13.211],[-75.114,-13.193],[-75.051,-13.188],[-74.989,-13.142],[-75.038,-13.089],[-75.029,-13.016],[-75.044,-12.915],[-75.128,-12.932],[-75.158,-12.98],[-75.25,-12.879],[-75.281,-12.917],[-75.306,-12.904],[-75.337,-12.937],[-75.355,-12.929],[-75.353,-12.879],[-75.378,-12.851],[-75.379,-12.813],[-75.44,-12.777]]]},"properties":{"OBJECTID":1572,"CD_PROV":"0904","CD_DEPA":"09","NM_PROV":"CASTROVIRREYNA","NM_DEPA":"HUANCAVELICA","FEC_ING":"26/12/2024","GLOBALID":"{3003F21C-7400-476A-8873-1BF354E640E6}","SHAPE.AREA":0.32947487163644701,"SHAPE.LEN":3.5399541419138396}},{"type":"Feature","id":1573,"geometry":{"type":"Polygon","coordinates":[[[-74.599,-12.36],[-74.625,-12.368],[-74.597,-12.407],[-74.587,-12.471],[-74.634,-12.485],[-74.631,-12.512],[-74.647,-12.525],[-74.691,-12.524],[-74.71,-12.557],[-74.688,-12.573],[-74.694,-12.586],[-74.672,-12.592],[-74.615,-12.671],[-74.549,-12.715],[-74.543,-12.745],[-74.499,-12.771],[-74.502,-12.787],[-74.466,-12.805],[-74.389,-12.808],[-74.361,-12.835],[-74.296,-12.831],[-74.289,-12.758],[-74.312,-12.737],[-74.328,-12.744],[-74.349,-12.717],[-74.327,-12.68],[-74.342,-12.625],[-74.324,-12.604],[-74.363,-12.594],[-74.387,-12.567],[-74.399,-12.503],[-74.415,-12.492],[-74.409,-12.452],[-74.506,-12.449],[-74.549,-12.374],[-74.599,-12.36]]]},"properties":{"OBJECTID":1573,"CD_PROV":"0905","CD_DEPA":"09","NM_PROV":"CHURCAMPA","NM_DEPA":"HUANCAVELICA","FEC_ING":"26/12/2024","GLOBALID":"{76436916-5444-47C9-AC10-F7E3C8444046}","SHAPE.AREA":0.100297656274002,"SHAPE.LEN":1.8559976966146998}},{"type":"Feature","id":1574,"geometry":{"type":"Polygon","coordinates":[[[-74.989,-13.143],[-75.051,-13.188],[-75.114,-13.193],[-75.12,-13.211],[-75.168,-13.225],[-75.164,-13.275],[-75.205,-13.313],[-75.238,-13.41],[-75.257,-13.417],[-75.293,-13.402],[-75.317,-13.456],[-75.435,-13.47],[-75.436,-13.495],[-75.474,-13.518],[-75.496,-13.567],[-75.51,-13.565],[-75.519,-13.604],[-75.488,-13.643],[-75.487,-13.669],[-75.516,-13.696],[-75.531,-13.743],[-75.555,-13.75],[-75.538,-13.762],[-75.525,-13.818],[-75.566,-13.854],[-75.547,-13.889],[-75.434,-13.914],[-75.359,-13.971],[-75.356,-13.996],[-75.329,-14.018],[-75.233,-14.003],[-75.26,-14.042],[-75.187,-14.054],[-75.166,-14.073],[-75.109,-14.033],[-75.089,-14.082],[-75.064,-14.088],[-75.058,-14.13],[-75.016,-14.069],[-74.896,-14.104],[-74.861,-14.067],[-74.825,-14.092],[-74.759,-14.08],[-74.785,-13.99],[-74.768,-13.979],[-74.785,-13.888],[-74.76,-13.831],[-74.779,-13.785],[-74.762,-13.782],[-74.754,-13.737],[-74.775,-13.711],[-74.771,-13.606],[-74.8,-13.547],[-74.832,-13.532],[-74.862,-13.482],[-74.902,-13.467],[-74.904,-13.431],[-74.898,-13.395],[-74.858,-13.355],[-74.77,-13.346],[-74.76,-13.325],[-74.718,-13.364],[-74.633,-13.345],[-74.667,-13.327],[-74.687,-13.286],[-74.723,-13.289],[-74.723,-13.178],[-74.781,-13.157],[-74.803,-13.168],[-74.841,-13.144],[-74.936,-13.185],[-74.985,-13.163],[-74.989,-13.143]]]},"properties":{"OBJECTID":1574,"CD_PROV":"0906","CD_DEPA":"09","NM_PROV":"HUAYTARA","NM_DEPA":"HUANCAVELICA","FEC_ING":"26/12/2024","GLOBALID":"{E426EAEB-AEF7-4EA1-BE5C-B1FAB3B3B346}","SHAPE.AREA":0.54048864563312593,"SHAPE.LEN":4.3121948742555398}},{"type":"Feature","id":1575,"geometry":{"type":"Polygon","coordinates":[[[-74.571,-11.987],[-74.603,-12.0],[-74.624,-11.985],[-74.658,-11.993],[-74.683,-12.038],[-74.717,-12.059],[-74.745,-12.041],[-74.819,-12.054],[-74.837,-12.071],[-74.871,-12.066],[-74.939,-12.018],[-74.998,-12.021],[-75.049,-11.999],[-75.086,-12.053],[-75.065,-12.092],[-75.063,-12.135],[-75.077,-12.147],[-75.049,-12.168],[-75.049,-12.201],[-75.1,-12.251],[-75.099,-12.285],[-75.14,-12.341],[-75.131,-12.379],[-75.101,-12.377],[-75.042,-12.408],[-75.007,-12.494],[-74.951,-12.511],[-74.944,-12.533],[-74.885,-12.516],[-74.876,-12.531],[-74.782,-12.464],[-74.722,-12.487],[-74.706,-12.523],[-74.636,-12.518],[-74.636,-12.487],[-74.587,-12.466],[-74.597,-12.407],[-74.625,-12.368],[-74.602,-12.36],[-74.576,-12.373],[-74.581,-12.324],[-74.555,-12.288],[-74.507,-12.312],[-74.492,-12.282],[-74.452,-12.27],[-74.416,-12.305],[-74.385,-12.272],[-74.394,-12.252],[-74.376,-12.229],[-74.387,-12.188],[-74.343,-12.171],[-74.361,-12.155],[-74.352,-12.137],[-74.41,-12.106],[-74.414,-12.076],[-74.454,-12.034],[-74.488,-12.034],[-74.571,-11.987]]]},"properties":{"OBJECTID":1575,"CD_PROV":"0907","CD_DEPA":"09","NM_PROV":"TAYACAJA","NM_DEPA":"HUANCAVELICA","FEC_ING":"26/12/2024","GLOBALID":"{3B3E34BD-F7C5-4ECF-A1C2-A3EB14701091}","SHAPE.AREA":0.28095069185712501,"SHAPE.LEN":3.0568549649958299}},{"type":"Feature","id":1576,"geometry":{"type":"Polygon","coordinates":[[[-76.155,-9.471],[-76.213,-9.508],[-76.272,-9.525],[-76.314,-9.517],[-76.361,-9.547],[-76.365,-9.579],[-76.409,-9.629],[-76.413,-9.667],[-76.484,-9.74],[-76.463,-9.762],[-76.469,-9.801],[-76.5,-9.837],[-76.487,-9.881],[-76.465,-9.892],[-76.546,-9.92],[-76.548,-9.944],[-76.578,-9.966],[-76.578,-10.031],[-76.597,-10.042],[-76.606,-10.086],[-76.597,-10.101],[-76.568,-10.096],[-76.547,-10.111],[-76.527,-10.188],[-76.505,-10.18],[-76.51,-10.152],[-76.461,-10.149],[-76.436,-10.234],[-76.411,-10.179],[-76.411,-10.137],[-76.374,-10.151],[-76.369,-10.131],[-76.229,-10.037],[-76.229,-10.017],[-76.189,-10.007],[-76.164,-9.981],[-76.127,-9.98],[-76.115,-9.94],[-76.123,-9.889],[-76.087,-9.881],[-76.062,-9.82],[-75.964,-9.815],[-75.892,-9.791],[-75.825,-9.831],[-75.796,-9.814],[-75.805,-9.732],[-75.852,-9.683],[-75.84,-9.651],[-75.913,-9.567],[-75.943,-9.499],[-76.011,-9.508],[-76.072,-9.472],[-76.155,-9.471]]]},"properties":{"OBJECTID":1576,"CD_PROV":"1001","CD_DEPA":"10","NM_PROV":"HUANUCO","NM_DEPA":"HUANUCO","FEC_ING":"26/12/2024","GLOBALID":"{674D6041-2279-4D23-8D46-CA96C0FBCC1D}","SHAPE.AREA":0.29980627806702098,"SHAPE.LEN":3.1100733732075598}},{"type":"Feature","id":1577,"geometry":{"type":"Polygon","coordinates":[[[-76.158,-9.984],[-76.229,-10.017],[-76.229,-10.037],[-76.369,-10.131],[-76.374,-10.151],[-76.411,-10.138],[-76.411,-10.179],[-76.436,-10.234],[-76.455,-10.156],[-76.51,-10.152],[-76.505,-10.179],[-76.525,-10.219],[-76.517,-10.273],[-76.497,-10.31],[-76.447,-10.321],[-76.401,-10.308],[-76.387,-10.289],[-76.364,-10.299],[-76.336,-10.286],[-76.306,-10.413],[-76.285,-10.416],[-76.269,-10.369],[-76.226,-10.397],[-76.231,-10.372],[-76.205,-10.377],[-76.207,-10.389],[-76.167,-10.414],[-76.143,-10.409],[-76.13,-10.431],[-76.078,-10.434],[-76.078,-10.452],[-76.053,-10.465],[-76.032,-10.456],[-76.026,-10.426],[-76.042,-10.331],[-76.066,-10.317],[-76.047,-10.307],[-76.05,-10.269],[-76.035,-10.258],[-76.067,-10.195],[-76.053,-10.158],[-76.065,-10.132],[-76.041,-10.105],[-76.123,-10.072],[-76.124,-10.015],[-76.136,-9.986],[-76.158,-9.984]]]},"properties":{"OBJECTID":1577,"CD_PROV":"1002","CD_DEPA":"10","NM_PROV":"AMBO","NM_DEPA":"HUANUCO","FEC_ING":"26/12/2024","GLOBALID":"{3BDF124A-1192-4A0A-928B-0DE19BFF7EED}","SHAPE.AREA":0.129740205140144,"SHAPE.LEN":2.3055222857323598}},{"type":"Feature","id":1578,"geometry":{"type":"Polygon","coordinates":[[[-76.297,-9.388],[-76.315,-9.395],[-76.312,-9.418],[-76.371,-9.443],[-76.385,-9.496],[-76.458,-9.499],[-76.506,-9.533],[-76.583,-9.552],[-76.697,-9.558],[-76.743,-9.579],[-76.728,-9.596],[-76.738,-9.616],[-76.753,-9.587],[-76.761,-9.618],[-76.809,-9.613],[-76.809,-9.628],[-76.861,-9.643],[-76.852,-9.668],[-76.89,-9.674],[-76.908,-9.653],[-76.917,-9.689],[-76.947,-9.681],[-76.842,-9.931],[-76.814,-9.96],[-76.824,-10.011],[-76.773,-9.994],[-76.78,-9.957],[-76.736,-9.935],[-76.72,-9.898],[-76.758,-9.842],[-76.736,-9.753],[-76.702,-9.747],[-76.721,-9.702],[-76.704,-9.69],[-76.69,-9.702],[-76.664,-9.677],[-76.559,-9.683],[-76.526,-9.666],[-76.477,-9.674],[-76.463,-9.707],[-76.438,-9.706],[-76.413,-9.667],[-76.409,-9.629],[-76.35,-9.536],[-76.314,-9.517],[-76.25,-9.521],[-76.205,-9.499],[-76.204,-9.447],[-76.257,-9.402],[-76.297,-9.388]]]},"properties":{"OBJECTID":1578,"CD_PROV":"1003","CD_DEPA":"10","NM_PROV":"DOS DE MAYO","NM_DEPA":"HUANUCO","FEC_ING":"26/12/2024","GLOBALID":"{6AEBF1A4-15A0-4FD9-A663-2D623EAE9966}","SHAPE.AREA":0.122655026062434,"SHAPE.LEN":2.83956232904234}},{"type":"Feature","id":1579,"geometry":{"type":"Polygon","coordinates":[[[-77.091,-8.775],[-77.148,-8.777],[-77.15,-8.811],[-77.177,-8.84],[-77.173,-8.877],[-77.13,-8.918],[-77.123,-8.946],[-77.106,-8.949],[-77.11,-8.97],[-77.036,-9.0],[-76.98,-9.063],[-76.929,-9.071],[-76.873,-9.113],[-76.818,-9.127],[-76.774,-9.053],[-76.764,-9.107],[-76.655,-9.124],[-76.558,-9.176],[-76.541,-9.203],[-76.51,-9.186],[-76.396,-9.238],[-76.32,-9.195],[-76.272,-9.214],[-76.308,-9.176],[-76.361,-9.197],[-76.48,-9.172],[-76.474,-9.012],[-76.53,-9.028],[-76.543,-9.015],[-76.626,-9.051],[-76.652,-9.025],[-76.64,-9.015],[-76.684,-8.931],[-76.732,-8.87],[-76.745,-8.883],[-76.811,-8.833],[-76.861,-8.866],[-76.929,-8.837],[-77.009,-8.849],[-77.091,-8.775]]]},"properties":{"OBJECTID":1579,"CD_PROV":"1004","CD_DEPA":"10","NM_PROV":"HUACAYBAMBA","NM_DEPA":"HUANUCO","FEC_ING":"26/12/2024","GLOBALID":"{2B1A80CE-8EBB-4662-AD98-0DD5A0301BB0}","SHAPE.AREA":0.14016184443622401,"SHAPE.LEN":2.85179351935157}},{"type":"Feature","id":1580,"geometry":{"type":"Polygon","coordinates":[[[-76.771,-9.083],[-76.778,-9.053],[-76.776,-9.073],[-76.819,-9.127],[-76.79,-9.136],[-76.735,-9.209],[-76.726,-9.256],[-76.745,-9.297],[-76.741,-9.331],[-76.766,-9.367],[-76.815,-9.326],[-76.834,-9.266],[-76.847,-9.264],[-76.935,-9.399],[-76.93,-9.433],[-76.953,-9.467],[-76.938,-9.525],[-76.955,-9.56],[-76.98,-9.564],[-76.995,-9.603],[-77.047,-9.633],[-77.021,-9.711],[-76.974,-9.76],[-76.981,-9.725],[-76.946,-9.703],[-76.946,-9.68],[-76.917,-9.689],[-76.908,-9.653],[-76.871,-9.675],[-76.85,-9.667],[-76.861,-9.643],[-76.809,-9.628],[-76.809,-9.613],[-76.761,-9.618],[-76.753,-9.587],[-76.737,-9.615],[-76.728,-9.596],[-76.743,-9.579],[-76.697,-9.558],[-76.583,-9.552],[-76.506,-9.533],[-76.458,-9.499],[-76.385,-9.496],[-76.371,-9.443],[-76.312,-9.418],[-76.314,-9.393],[-76.267,-9.396],[-76.235,-9.418],[-76.227,-9.378],[-76.146,-9.306],[-76.083,-9.303],[-76.057,-9.281],[-76.077,-9.27],[-76.076,-9.239],[-76.106,-9.207],[-76.217,-9.202],[-76.235,-9.14],[-76.272,-9.214],[-76.32,-9.195],[-76.396,-9.238],[-76.51,-9.186],[-76.543,-9.203],[-76.558,-9.176],[-76.655,-9.124],[-76.754,-9.112],[-76.771,-9.083]]]},"properties":{"OBJECTID":1580,"CD_PROV":"1005","CD_DEPA":"10","NM_PROV":"HUAMALIES","NM_DEPA":"HUANUCO","FEC_ING":"26/12/2024","GLOBALID":"{0AF1D8EC-8C53-4944-A2FF-C3E10DDCF6C5}","SHAPE.AREA":0.26014712024138203,"SHAPE.LEN":3.83412205160875}},{"type":"Feature","id":1581,"geometry":{"type":"Polygon","coordinates":[[[-75.992,-8.321],[-76.002,-8.305],[-76.043,-8.342],[-76.056,-8.329],[-76.107,-8.332],[-76.128,-8.358],[-76.108,-8.399],[-76.131,-8.468],[-76.135,-8.573],[-76.107,-8.649],[-76.139,-8.667],[-76.167,-8.757],[-76.203,-8.753],[-76.2,-8.771],[-76.237,-8.79],[-76.198,-8.782],[-76.19,-8.796],[-76.201,-8.835],[-76.224,-8.847],[-76.216,-8.925],[-76.236,-8.945],[-76.23,-8.958],[-76.279,-8.997],[-76.353,-9.024],[-76.419,-8.986],[-76.458,-8.997],[-76.474,-9.012],[-76.48,-9.172],[-76.361,-9.197],[-76.308,-9.176],[-76.272,-9.214],[-76.235,-9.14],[-76.216,-9.203],[-76.106,-9.207],[-76.076,-9.239],[-76.077,-9.27],[-76.057,-9.281],[-76.083,-9.303],[-76.14,-9.303],[-76.227,-9.378],[-76.235,-9.418],[-76.202,-9.452],[-76.205,-9.499],[-76.161,-9.469],[-76.125,-9.481],[-76.072,-9.472],[-76.011,-9.508],[-75.947,-9.497],[-75.887,-9.428],[-75.853,-9.427],[-75.811,-9.39],[-75.786,-9.407],[-75.793,-9.463],[-75.776,-9.522],[-75.756,-9.545],[-75.75,-9.591],[-75.721,-9.618],[-75.679,-9.567],[-75.629,-9.411],[-75.67,-9.418],[-75.671,-9.386],[-75.695,-9.364],[-75.689,-9.349],[-75.706,-9.336],[-75.72,-9.277],[-75.764,-9.238],[-75.764,-9.217],[-75.796,-9.203],[-75.838,-9.062],[-75.892,-9.002],[-75.884,-8.973],[-75.928,-8.845],[-75.922,-8.781],[-75.979,-8.654],[-75.971,-8.512],[-75.955,-8.499],[-75.968,-8.46],[-75.946,-8.399],[-75.992,-8.321]]]},"properties":{"OBJECTID":1581,"CD_PROV":"1006","CD_DEPA":"10","NM_PROV":"LEONCIO PRADO","NM_DEPA":"HUANUCO","FEC_ING":"26/12/2024","GLOBALID":"{A9C41681-AC14-4BDD-8B27-661F4E910B78}","SHAPE.AREA":0.40414115193960598,"SHAPE.LEN":5.2695619518058594}},{"type":"Feature","id":1582,"geometry":{"type":"Polygon","coordinates":[[[-76.353,-8.425],[-76.371,-8.411],[-76.417,-8.444],[-76.466,-8.57],[-76.493,-8.576],[-76.495,-8.55],[-76.548,-8.498],[-76.697,-8.532],[-76.728,-8.515],[-76.768,-8.527],[-76.804,-8.511],[-76.843,-8.525],[-76.865,-8.566],[-76.887,-8.555],[-76.897,-8.569],[-76.936,-8.567],[-76.954,-8.545],[-76.977,-8.561],[-77.012,-8.538],[-77.05,-8.554],[-77.092,-8.517],[-77.082,-8.487],[-77.14,-8.48],[-77.134,-8.44],[-77.203,-8.485],[-77.264,-8.468],[-77.283,-8.506],[-77.317,-8.53],[-77.289,-8.59],[-77.294,-8.637],[-77.261,-8.649],[-77.248,-8.727],[-77.185,-8.828],[-77.15,-8.811],[-77.148,-8.777],[-77.101,-8.767],[-77.009,-8.849],[-76.929,-8.837],[-76.861,-8.866],[-76.822,-8.834],[-76.786,-8.842],[-76.745,-8.883],[-76.728,-8.874],[-76.64,-9.015],[-76.652,-9.025],[-76.616,-9.055],[-76.543,-9.015],[-76.53,-9.028],[-76.477,-9.014],[-76.437,-8.986],[-76.37,-9.026],[-76.328,-9.016],[-76.242,-8.97],[-76.216,-8.925],[-76.229,-8.866],[-76.19,-8.796],[-76.198,-8.782],[-76.237,-8.793],[-76.23,-8.758],[-76.245,-8.749],[-76.229,-8.745],[-76.257,-8.707],[-76.248,-8.683],[-76.269,-8.652],[-76.264,-8.61],[-76.287,-8.585],[-76.28,-8.574],[-76.307,-8.571],[-76.332,-8.432],[-76.353,-8.425]]]},"properties":{"OBJECTID":1582,"CD_PROV":"1007","CD_DEPA":"10","NM_PROV":"MARAÑON","NM_DEPA":"HUANUCO","FEC_ING":"26/12/2024","GLOBALID":"{215F512C-BBC6-49DF-BE96-5F9E105EE2B6}","SHAPE.AREA":0.40623461500804897,"SHAPE.LEN":4.262863802656649}},{"type":"Feature","id":1583,"geometry":{"type":"Polygon","coordinates":[[[-75.808,-9.392],[-75.853,-9.427],[-75.887,-9.428],[-75.947,-9.497],[-75.913,-9.567],[-75.84,-9.651],[-75.852,-9.683],[-75.805,-9.732],[-75.797,-9.816],[-75.825,-9.831],[-75.892,-9.791],[-75.964,-9.815],[-76.062,-9.82],[-76.087,-9.881],[-76.123,-9.889],[-76.116,-9.952],[-76.136,-9.986],[-76.117,-10.05],[-76.125,-10.069],[-76.041,-10.105],[-76.065,-10.132],[-76.053,-10.158],[-76.067,-10.195],[-76.035,-10.258],[-76.05,-10.269],[-76.047,-10.307],[-76.066,-10.317],[-76.042,-10.331],[-76.031,-10.463],[-76.011,-10.455],[-76.003,-10.489],[-75.961,-10.461],[-75.925,-10.407],[-75.925,-10.357],[-75.856,-10.302],[-75.84,-10.257],[-75.813,-10.244],[-75.785,-10.252],[-75.709,-10.215],[-75.674,-10.049],[-75.645,-10.027],[-75.603,-10.025],[-75.595,-10.01],[-75.593,-9.945],[-75.673,-9.94],[-75.685,-9.917],[-75.753,-9.883],[-75.752,-9.813],[-75.714,-9.79],[-75.725,-9.74],[-75.714,-9.613],[-75.73,-9.615],[-75.75,-9.59],[-75.793,-9.463],[-75.785,-9.407],[-75.808,-9.392]]]},"properties":{"OBJECTID":1583,"CD_PROV":"1008","CD_DEPA":"10","NM_PROV":"PACHITEA","NM_DEPA":"HUANUCO","FEC_ING":"26/12/2024","GLOBALID":"{E9B19CAF-6C04-455E-9309-EC9981AD684F}","SHAPE.AREA":0.25426132439577903,"SHAPE.LEN":3.5718070147864798}},{"type":"Feature","id":1584,"geometry":{"type":"Polygon","coordinates":[[[-74.622,-8.865],[-74.616,-8.828],[-74.532,-8.776],[-74.525,-8.749],[-74.544,-8.594],[-74.59,-8.549],[-74.664,-8.562],[-74.847,-8.662],[-74.852,-8.763],[-74.941,-8.858],[-75.122,-8.881],[-75.108,-8.922],[-75.135,-8.946],[-75.12,-8.983],[-75.174,-9.012],[-75.162,-9.034],[-75.201,-9.064],[-75.206,-9.101],[-75.242,-9.102],[-75.212,-9.176],[-75.242,-9.221],[-75.272,-9.233],[-75.279,-9.276],[-75.314,-9.302],[-75.334,-9.289],[-75.372,-9.31],[-75.452,-9.296],[-75.493,-9.376],[-75.629,-9.411],[-75.679,-9.567],[-75.713,-9.604],[-75.725,-9.74],[-75.714,-9.79],[-75.752,-9.813],[-75.753,-9.884],[-75.685,-9.917],[-75.673,-9.94],[-75.594,-9.945],[-75.548,-9.984],[-75.509,-9.977],[-75.475,-9.992],[-75.446,-9.938],[-75.405,-9.93],[-75.396,-9.913],[-75.411,-9.888],[-75.4,-9.878],[-75.282,-9.865],[-75.279,-9.838],[-75.31,-9.774],[-75.255,-9.779],[-75.16,-9.84],[-75.094,-9.844],[-75.058,-9.819],[-74.994,-9.84],[-74.986,-9.864],[-74.882,-9.82],[-74.835,-9.847],[-74.836,-9.82],[-74.816,-9.795],[-74.847,-9.78],[-74.844,-9.749],[-74.817,-9.736],[-74.822,-9.677],[-74.787,-9.666],[-74.765,-9.636],[-74.772,-9.612],[-74.736,-9.574],[-74.751,-9.525],[-74.729,-9.472],[-74.676,-9.447],[-74.709,-9.422],[-74.654,-9.369],[-74.627,-9.365],[-74.587,-9.297],[-74.624,-9.216],[-74.637,-9.126],[-74.678,-9.098],[-74.651,-9.049],[-74.669,-9.02],[-74.648,-8.996],[-74.644,-8.919],[-74.622,-8.865]]]},"properties":{"OBJECTID":1584,"CD_PROV":"1009","CD_DEPA":"10","NM_PROV":"PUERTO INCA","NM_DEPA":"HUANUCO","FEC_ING":"26/12/2024","GLOBALID":"{7C823EA6-BA3A-4C5D-B8CC-FDD23A91FD54}","SHAPE.AREA":0.85371872362568302,"SHAPE.LEN":5.5205441903005505}},{"type":"Feature","id":1585,"geometry":{"type":"Polygon","coordinates":[[[-76.655,-9.909],[-76.641,-9.882],[-76.661,-9.868],[-76.702,-9.929],[-76.72,-9.898],[-76.736,-9.935],[-76.78,-9.957],[-76.773,-9.994],[-76.824,-10.011],[-76.807,-10.084],[-76.843,-10.087],[-76.854,-10.102],[-76.871,-10.094],[-76.88,-10.117],[-76.916,-10.12],[-76.916,-10.225],[-76.866,-10.375],[-76.84,-10.363],[-76.832,-10.393],[-76.806,-10.392],[-76.8,-10.44],[-76.729,-10.479],[-76.697,-10.442],[-76.593,-10.401],[-76.579,-10.376],[-76.558,-10.393],[-76.491,-10.379],[-76.473,-10.338],[-76.513,-10.291],[-76.518,-10.187],[-76.539,-10.166],[-76.547,-10.111],[-76.568,-10.096],[-76.597,-10.101],[-76.606,-10.085],[-76.597,-10.042],[-76.578,-10.031],[-76.571,-9.944],[-76.636,-9.931],[-76.627,-9.919],[-76.655,-9.909]]]},"properties":{"OBJECTID":1585,"CD_PROV":"1010","CD_DEPA":"10","NM_PROV":"LAURICOCHA","NM_DEPA":"HUANUCO","FEC_ING":"26/12/2024","GLOBALID":"{528E08F2-6B57-4CAC-9CDF-3D2D3E362C06}","SHAPE.AREA":0.15860724806818302,"SHAPE.LEN":2.2245324174462597}},{"type":"Feature","id":1586,"geometry":{"type":"Polygon","coordinates":[[[-76.516,-9.676],[-76.526,-9.666],[-76.559,-9.683],[-76.598,-9.673],[-76.644,-9.688],[-76.664,-9.677],[-76.69,-9.702],[-76.704,-9.69],[-76.723,-9.704],[-76.702,-9.747],[-76.736,-9.753],[-76.758,-9.842],[-76.704,-9.928],[-76.661,-9.868],[-76.641,-9.882],[-76.653,-9.919],[-76.572,-9.942],[-76.57,-9.959],[-76.548,-9.943],[-76.546,-9.92],[-76.465,-9.892],[-76.487,-9.881],[-76.5,-9.837],[-76.47,-9.808],[-76.463,-9.762],[-76.484,-9.74],[-76.465,-9.721],[-76.468,-9.685],[-76.516,-9.676]]]},"properties":{"OBJECTID":1586,"CD_PROV":"1011","CD_DEPA":"10","NM_PROV":"YAROWILCA","NM_DEPA":"HUANUCO","FEC_ING":"26/12/2024","GLOBALID":"{E7752B37-B0B0-4F0D-BCC3-DF883287BB47}","SHAPE.AREA":0.060337399278342002,"SHAPE.LEN":1.3433166733697}},{"type":"Feature","id":1652,"geometry":{"type":"Polygon","coordinates":[[[-70.181,-14.307],[-70.209,-14.268],[-70.23,-14.309],[-70.268,-14.283],[-70.281,-14.329],[-70.327,-14.35],[-70.315,-14.38],[-70.33,-14.468],[-70.369,-14.541],[-70.343,-14.579],[-70.365,-14.597],[-70.404,-14.562],[-70.431,-14.579],[-70.382,-14.666],[-70.446,-14.788],[-70.454,-14.825],[-70.437,-14.859],[-70.468,-14.926],[-70.442,-14.954],[-70.386,-14.972],[-70.371,-14.994],[-70.384,-15.0],[-70.362,-14.998],[-70.363,-15.019],[-70.345,-15.032],[-70.364,-15.036],[-70.345,-15.073],[-70.36,-15.114],[-70.347,-15.119],[-70.359,-15.123],[-70.347,-15.137],[-70.361,-15.14],[-70.356,-15.164],[-70.273,-15.166],[-70.23,-15.201],[-70.227,-15.252],[-70.209,-15.252],[-70.204,-15.299],[-70.155,-15.298],[-70.159,-15.355],[-70.124,-15.337],[-70.095,-15.384],[-70.052,-15.354],[-70.028,-15.397],[-70.006,-15.403],[-69.975,-15.384],[-70.006,-15.327],[-69.997,-15.276],[-69.941,-15.238],[-69.903,-15.236],[-69.888,-15.207],[-69.903,-15.218],[-69.927,-15.21],[-69.932,-15.223],[-69.947,-15.192],[-69.949,-15.21],[-69.966,-15.195],[-69.949,-15.221],[-70.064,-15.194],[-70.116,-15.168],[-70.118,-15.149],[-70.044,-15.111],[-70.026,-15.158],[-70.016,-15.145],[-69.99,-15.168],[-69.989,-15.109],[-69.956,-15.175],[-69.95,-15.152],[-69.931,-15.149],[-69.911,-15.196],[-69.88,-15.199],[-69.9,-15.17],[-69.877,-15.109],[-69.917,-15.098],[-69.922,-15.059],[-69.947,-15.055],[-69.967,-15.03],[-69.958,-14.964],[-69.976,-14.944],[-69.966,-14.925],[-69.989,-14.873],[-69.938,-14.843],[-69.912,-14.865],[-69.901,-14.827],[-69.85,-14.79],[-69.854,-14.761],[-69.836,-14.738],[-69.859,-14.686],[-69.855,-14.612],[-69.865,-14.585],[-69.877,-14.602],[-69.897,-14.567],[-69.988,-14.584],[-70.012,-14.559],[-69.95,-14.492],[-69.893,-14.476],[-69.901,-14.417],[-69.974,-14.368],[-70.136,-14.355],[-70.181,-14.307]]]},"properties":{"OBJECTID":1652,"CD_PROV":"2102","CD_DEPA":"21","NM_PROV":"AZANGARO","NM_DEPA":"PUNO","FEC_ING":"26/12/2024","GLOBALID":"{5E1BBB32-2C76-4DCE-B7A5-E363655B1EB2}","SHAPE.AREA":0.42542517676549002,"SHAPE.LEN":5.3446353476878192}},{"type":"Feature","id":1653,"geometry":{"type":"Polygon","coordinates":[[[-70.401,-13.115],[-70.418,-13.133],[-70.39,-13.132],[-70.401,-13.153],[-70.386,-13.167],[-70.384,-13.205],[-70.391,-13.232],[-70.423,-13.255],[-70.371,-13.276],[-70.346,-13.313],[-70.396,-13.317],[-70.4,-13.372],[-70.42,-13.359],[-70.451,-13.365],[-70.443,-13.395],[-70.472,-13.44],[-70.453,-13.448],[-70.489,-13.5],[-70.539,-13.531],[-70.544,-13.578],[-70.616,-13.609],[-70.663,-13.661],[-70.715,-13.662],[-70.735,-13.735],[-70.699,-13.803],[-70.709,-13.843],[-70.768,-13.814],[-70.828,-13.828],[-70.854,-13.799],[-70.879,-13.816],[-70.875,-13.839],[-70.832,-13.857],[-70.831,-13.895],[-70.81,-13.912],[-70.847,-13.965],[-70.853,-13.998],[-70.84,-14.008],[-70.862,-14.026],[-70.85,-14.054],[-70.829,-14.076],[-70.718,-14.076],[-70.692,-14.124],[-70.652,-14.121],[-70.619,-14.159],[-70.57,-14.145],[-70.551,-14.155],[-70.541,-14.19],[-70.496,-14.22],[-70.475,-14.221],[-70.425,-14.178],[-70.388,-14.196],[-70.357,-14.171],[-70.329,-14.175],[-70.316,-14.206],[-70.289,-14.218],[-70.288,-14.265],[-70.251,-14.305],[-70.227,-14.308],[-70.209,-14.268],[-70.18,-14.293],[-70.183,-14.319],[-70.158,-14.324],[-70.136,-14.355],[-69.973,-14.368],[-69.885,-14.441],[-69.81,-14.459],[-69.778,-14.449],[-69.727,-14.509],[-69.691,-14.518],[-69.66,-14.452],[-69.689,-14.421],[-69.722,-14.421],[-69.728,-14.348],[-69.783,-14.312],[-69.785,-14.276],[-69.84,-14.275],[-69.854,-14.255],[-69.85,-14.212],[-69.823,-14.162],[-69.833,-14.138],[-69.798,-14.067],[-69.765,-14.031],[-69.725,-14.019],[-69.702,-13.936],[-69.665,-13.905],[-69.664,-13.882],[-69.728,-13.841],[-69.732,-13.812],[-69.786,-13.75],[-69.754,-13.738],[-69.752,-13.677],[-69.726,-13.635],[-69.726,-13.592],[-69.696,-13.522],[-69.737,-13.506],[-69.724,-13.492],[-69.713,-13.506],[-69.683,-13.501],[-69.669,-13.475],[-69.679,-13.458],[-69.655,-13.459],[-69.632,-13.408],[-69.654,-13.38],[-69.65,-13.342],[-70.401,-13.115]]]},"properties":{"OBJECTID":1653,"CD_PROV":"2103","CD_DEPA":"21","NM_PROV":"CARABAYA","NM_DEPA":"PUNO","FEC_ING":"26/12/2024","GLOBALID":"{92EF10F9-A609-4744-A25D-B15422A7CE93}","SHAPE.AREA":0.97982035498444497,"SHAPE.LEN":6.2493763508811702}},{"type":"Feature","id":1654,"geometry":{"type":"Polygon","coordinates":[[[-69.572,-16.174],[-69.592,-16.286],[-69.655,-16.315],[-69.652,-16.339],[-69.672,-16.337],[-69.668,-16.365],[-69.687,-16.379],[-69.661,-16.426],[-69.583,-16.443],[-69.563,-16.431],[-69.554,-16.446],[-69.536,-16.418],[-69.517,-16.435],[-69.484,-16.429],[-69.472,-16.459],[-69.485,-16.555],[-69.499,-16.566],[-69.488,-16.624],[-69.498,-16.656],[-69.543,-16.671],[-69.512,-16.747],[-69.566,-16.833],[-69.555,-16.849],[-69.568,-16.917],[-69.534,-16.965],[-69.547,-16.979],[-69.535,-17.061],[-69.603,-17.096],[-69.562,-17.175],[-69.451,-17.094],[-69.433,-17.11],[-69.374,-17.073],[-69.394,-17.021],[-69.369,-16.99],[-69.334,-16.986],[-69.305,-16.916],[-69.188,-16.797],[-69.17,-16.727],[-69.042,-16.688],[-68.996,-16.656],[-69.033,-16.604],[-69.037,-16.56],[-69.081,-16.499],[-69.098,-16.498],[-69.092,-16.47],[-69.043,-16.43],[-69.054,-16.393],[-69.124,-16.365],[-69.125,-16.395],[-69.136,-16.397],[-69.141,-16.332],[-69.203,-16.301],[-69.2,-16.264],[-69.235,-16.262],[-69.258,-16.3],[-69.282,-16.287],[-69.295,-16.254],[-69.355,-16.251],[-69.376,-16.236],[-69.399,-16.207],[-69.388,-16.18],[-69.434,-16.181],[-69.493,-16.208],[-69.514,-16.18],[-69.572,-16.174]]]},"properties":{"OBJECTID":1654,"CD_PROV":"2104","CD_DEPA":"21","NM_PROV":"CHUCUITO","NM_DEPA":"PUNO","FEC_ING":"26/12/2024","GLOBALID":"{893507C9-5DA6-4D4E-A365-C4FCBB349E97}","SHAPE.AREA":0.33390668921166,"SHAPE.LEN":3.8330749091310499}},{"type":"Feature","id":1655,"geometry":{"type":"Polygon","coordinates":[[[-69.606,-15.956],[-69.528,-15.973],[-69.462,-16.018],[-69.479,-16.004],[-69.495,-16.016],[-69.518,-15.983],[-69.557,-15.975],[-69.61,-15.983],[-69.621,-16.014],[-69.651,-16.015],[-69.655,-16.06],[-69.703,-16.087],[-69.669,-16.115],[-69.689,-16.129],[-69.707,-16.194],[-69.76,-16.215],[-69.776,-16.26],[-69.807,-16.278],[-69.803,-16.344],[-69.785,-16.362],[-69.8,-16.385],[-69.851,-16.4],[-69.895,-16.509],[-69.963,-16.538],[-70.026,-16.599],[-70.025,-16.631],[-70.001,-16.657],[-70.012,-16.688],[-69.996,-16.73],[-70.036,-16.743],[-70.058,-16.788],[-70.09,-16.811],[-70.094,-16.891],[-70.147,-16.939],[-70.042,-17.059],[-70.04,-17.128],[-70.025,-17.122],[-69.943,-17.198],[-69.851,-17.244],[-69.788,-17.236],[-69.762,-17.28],[-69.731,-17.295],[-69.695,-17.274],[-69.655,-17.271],[-69.642,-17.287],[-69.562,-17.175],[-69.603,-17.096],[-69.535,-17.061],[-69.547,-16.979],[-69.534,-16.965],[-69.568,-16.917],[-69.555,-16.849],[-69.566,-16.833],[-69.512,-16.747],[-69.543,-16.671],[-69.498,-16.656],[-69.488,-16.624],[-69.499,-16.566],[-69.485,-16.555],[-69.471,-16.474],[-69.484,-16.429],[-69.517,-16.435],[-69.536,-16.418],[-69.554,-16.446],[-69.563,-16.431],[-69.583,-16.443],[-69.661,-16.426],[-69.687,-16.378],[-69.668,-16.365],[-69.672,-16.337],[-69.652,-16.339],[-69.655,-16.315],[-69.592,-16.286],[-69.573,-16.174],[-69.514,-16.18],[-69.511,-16.158],[-69.503,-16.174],[-69.492,-16.16],[-69.505,-16.144],[-69.469,-16.113],[-69.456,-16.061],[-69.439,-16.054],[-69.455,-16.046],[-69.437,-16.05],[-69.432,-16.08],[-69.453,-16.114],[-69.43,-16.094],[-69.422,-16.057],[-69.452,-15.994],[-69.606,-15.956]],[[-69.922,-17.175],[-69.922,-17.175],[-69.922,-17.175],[-69.922,-17.175]]]},"properties":{"OBJECTID":1655,"CD_PROV":"2105","CD_DEPA":"21","NM_PROV":"EL COLLAO","NM_DEPA":"PUNO","FEC_ING":"26/12/2024","GLOBALID":"{1920B711-3A24-4553-880A-27B2713CE81B}","SHAPE.AREA":0.47648241920400702,"SHAPE.LEN":5.3741510466835294}},{"type":"Feature","id":1656,"geometry":{"type":"Polygon","coordinates":[[[-69.479,-14.772],[-69.495,-14.763],[-69.512,-14.774],[-69.5,-14.802],[-69.53,-14.843],[-69.518,-14.876],[-69.542,-14.929],[-69.612,-14.913],[-69.622,-14.95],[-69.712,-14.954],[-69.731,-14.998],[-69.782,-14.955],[-69.801,-14.959],[-69.8,-14.98],[-69.833,-14.988],[-69.851,-15.043],[-69.886,-15.081],[-69.876,-15.107],[-69.9,-15.17],[-69.881,-15.201],[-69.903,-15.236],[-69.941,-15.238],[-70.006,-15.292],[-70.006,-15.327],[-69.976,-15.387],[-70.025,-15.398],[-70.051,-15.354],[-70.066,-15.353],[-70.095,-15.384],[-70.071,-15.397],[-70.081,-15.399],[-70.071,-15.425],[-70.084,-15.455],[-70.025,-15.438],[-70.028,-15.458],[-69.991,-15.487],[-69.997,-15.506],[-69.972,-15.536],[-69.936,-15.509],[-69.905,-15.507],[-69.897,-15.495],[-69.943,-15.397],[-69.928,-15.385],[-69.933,-15.361],[-69.926,-15.384],[-69.905,-15.356],[-69.876,-15.36],[-69.874,-15.377],[-69.861,-15.362],[-69.791,-15.352],[-69.839,-15.35],[-69.845,-15.33],[-69.844,-15.353],[-69.872,-15.367],[-69.893,-15.341],[-69.857,-15.347],[-69.89,-15.332],[-69.903,-15.303],[-69.876,-15.31],[-69.898,-15.298],[-69.869,-15.29],[-69.856,-15.303],[-69.837,-15.279],[-69.818,-15.307],[-69.831,-15.282],[-69.815,-15.274],[-69.781,-15.32],[-69.752,-15.303],[-69.751,-15.283],[-69.699,-15.31],[-69.714,-15.278],[-69.741,-15.279],[-69.735,-15.271],[-69.759,-15.258],[-69.709,-15.233],[-69.686,-15.238],[-69.689,-15.255],[-69.677,-15.243],[-69.655,-15.271],[-69.638,-15.261],[-69.543,-15.308],[-69.547,-15.285],[-69.519,-15.249],[-69.486,-15.272],[-69.447,-15.267],[-69.443,-15.244],[-69.401,-15.213],[-69.362,-15.214],[-69.351,-15.187],[-69.293,-15.162],[-69.241,-15.187],[-69.175,-15.261],[-69.12,-15.26],[-69.19,-15.158],[-69.243,-15.112],[-69.278,-15.11],[-69.323,-15.005],[-69.361,-14.961],[-69.365,-14.931],[-69.343,-14.883],[-69.353,-14.801],[-69.404,-14.826],[-69.414,-14.855],[-69.438,-14.834],[-69.45,-14.787],[-69.479,-14.772]]]},"properties":{"OBJECTID":1656,"CD_PROV":"2106","CD_DEPA":"21","NM_PROV":"HUANCANE","NM_DEPA":"PUNO","FEC_ING":"26/12/2024","GLOBALID":"{4201E617-C3E0-433D-9C8A-BD1F19AA6218}","SHAPE.AREA":0.24193586022176899,"SHAPE.LEN":5.5522919241854698}},{"type":"Feature","id":1657,"geometry":{"type":"Polygon","coordinates":[[[-70.487,-14.931],[-70.501,-14.914],[-70.5,-14.951],[-70.542,-14.993],[-70.532,-15.028],[-70.55,-15.084],[-70.533,-15.095],[-70.533,-15.136],[-70.513,-15.146],[-70.547,-15.195],[-70.612,-15.119],[-70.657,-15.134],[-70.683,-15.115],[-70.708,-15.127],[-70.709,-15.085],[-70.762,-15.03],[-70.834,-15.001],[-70.867,-15.039],[-70.904,-15.038],[-70.994,-15.085],[-70.963,-15.216],[-70.985,-15.249],[-70.95,-15.302],[-70.959,-15.319],[-70.985,-15.317],[-71.006,-15.335],[-71.039,-15.405],[-70.993,-15.459],[-71.018,-15.5],[-71.007,-15.566],[-70.918,-15.644],[-70.9,-15.718],[-70.942,-15.775],[-70.892,-15.851],[-70.845,-15.806],[-70.814,-15.814],[-70.797,-15.78],[-70.746,-15.776],[-70.687,-15.794],[-70.638,-15.746],[-70.609,-15.759],[-70.572,-15.72],[-70.546,-15.739],[-70.528,-15.688],[-70.475,-15.657],[-70.434,-15.677],[-70.367,-15.664],[-70.257,-15.552],[-70.271,-15.511],[-70.297,-15.489],[-70.289,-15.464],[-70.321,-15.453],[-70.34,-15.41],[-70.306,-15.386],[-70.269,-15.395],[-70.267,-15.375],[-70.292,-15.354],[-70.276,-15.314],[-70.181,-15.377],[-70.159,-15.355],[-70.155,-15.298],[-70.204,-15.299],[-70.209,-15.252],[-70.227,-15.252],[-70.23,-15.201],[-70.273,-15.166],[-70.357,-15.163],[-70.345,-15.073],[-70.364,-15.036],[-70.345,-15.032],[-70.365,-15.014],[-70.361,-14.998],[-70.383,-15.0],[-70.376,-14.983],[-70.404,-14.958],[-70.42,-14.966],[-70.463,-14.928],[-70.487,-14.931]]]},"properties":{"OBJECTID":1657,"CD_PROV":"2107","CD_DEPA":"21","NM_PROV":"LAMPA","NM_DEPA":"PUNO","FEC_ING":"26/12/2024","GLOBALID":"{C401FAEB-4FF0-4216-BE6C-E83586E39CE6}","SHAPE.AREA":0.480955373728779,"SHAPE.LEN":4.5904093161623702}},{"type":"Feature","id":1658,"geometry":{"type":"Polygon","coordinates":[[[-70.715,-14.078],[-70.79,-14.079],[-70.821,-14.141],[-70.886,-14.171],[-70.9,-14.233],[-70.88,-14.27],[-70.913,-14.303],[-70.908,-14.334],[-70.986,-14.38],[-70.962,-14.445],[-70.988,-14.455],[-70.987,-14.499],[-70.999,-14.503],[-70.966,-14.568],[-70.978,-14.583],[-71.015,-14.578],[-71.01,-14.598],[-71.031,-14.593],[-71.118,-14.648],[-71.053,-14.754],[-71.028,-14.76],[-71.013,-14.74],[-70.975,-14.765],[-70.978,-14.824],[-70.997,-14.844],[-70.985,-14.946],[-71.004,-14.975],[-70.994,-15.085],[-70.904,-15.038],[-70.867,-15.039],[-70.834,-15.001],[-70.762,-15.03],[-70.709,-15.085],[-70.708,-15.127],[-70.683,-15.115],[-70.657,-15.134],[-70.612,-15.119],[-70.548,-15.195],[-70.513,-15.146],[-70.533,-15.136],[-70.533,-15.095],[-70.55,-15.084],[-70.532,-15.028],[-70.542,-14.993],[-70.5,-14.951],[-70.501,-14.914],[-70.477,-14.938],[-70.466,-14.928],[-70.461,-14.891],[-70.436,-14.858],[-70.454,-14.825],[-70.446,-14.788],[-70.382,-14.668],[-70.388,-14.637],[-70.417,-14.615],[-70.431,-14.579],[-70.404,-14.562],[-70.365,-14.597],[-70.343,-14.579],[-70.369,-14.541],[-70.33,-14.468],[-70.315,-14.38],[-70.328,-14.353],[-70.281,-14.329],[-70.267,-14.291],[-70.29,-14.258],[-70.289,-14.218],[-70.316,-14.206],[-70.329,-14.175],[-70.357,-14.171],[-70.388,-14.196],[-70.425,-14.178],[-70.475,-14.221],[-70.496,-14.22],[-70.541,-14.19],[-70.551,-14.155],[-70.57,-14.145],[-70.607,-14.161],[-70.652,-14.121],[-70.692,-14.124],[-70.715,-14.078]]]},"properties":{"OBJECTID":1658,"CD_PROV":"2108","CD_DEPA":"21","NM_PROV":"MELGAR","NM_DEPA":"PUNO","FEC_ING":"26/12/2024","GLOBALID":"{38C15563-74A2-4F91-8CFC-F9B59D737AC4}","SHAPE.AREA":0.548750840270393,"SHAPE.LEN":4.4258541447308799}},{"type":"Feature","id":1659,"geometry":{"type":"Polygon","coordinates":[[[-69.284,-15.17],[-69.351,-15.187],[-69.366,-15.215],[-69.401,-15.213],[-69.443,-15.244],[-69.447,-15.267],[-69.486,-15.272],[-69.519,-15.249],[-69.547,-15.285],[-69.543,-15.308],[-69.639,-15.261],[-69.668,-15.275],[-69.64,-15.286],[-69.633,-15.313],[-69.654,-15.298],[-69.63,-15.331],[-69.634,-15.353],[-69.622,-15.344],[-69.589,-15.373],[-69.567,-15.348],[-69.553,-15.376],[-69.522,-15.37],[-69.532,-15.387],[-69.44,-15.463],[-69.432,-15.506],[-69.415,-15.498],[-69.433,-15.478],[-69.376,-15.471],[-69.35,-15.511],[-69.363,-15.514],[-69.377,-15.482],[-69.391,-15.507],[-69.331,-15.538],[-69.29,-15.437],[-69.253,-15.469],[-69.24,-15.46],[-69.232,-15.442],[-69.249,-15.427],[-69.26,-15.374],[-69.215,-15.317],[-69.194,-15.315],[-69.173,-15.256],[-69.227,-15.215],[-69.241,-15.187],[-69.284,-15.17]]]},"properties":{"OBJECTID":1659,"CD_PROV":"2109","CD_DEPA":"21","NM_PROV":"MOHO","NM_DEPA":"PUNO","FEC_ING":"26/12/2024","GLOBALID":"{879D513C-78DC-4764-B5A8-6CC720EE4E43}","SHAPE.AREA":0.08663628755226159,"SHAPE.LEN":2.2367625734791896}},{"type":"Feature","id":1660,"geometry":{"type":"Polygon","coordinates":[[[-69.247,-14.315],[-69.274,-14.311],[-69.271,-14.347],[-69.303,-14.399],[-69.289,-14.425],[-69.296,-14.486],[-69.333,-14.576],[-69.328,-14.614],[-69.348,-14.624],[-69.373,-14.61],[-69.442,-14.613],[-69.466,-14.588],[-69.525,-14.604],[-69.549,-14.627],[-69.582,-14.627],[-69.614,-14.662],[-69.657,-14.609],[-69.672,-14.524],[-69.727,-14.509],[-69.778,-14.449],[-69.81,-14.459],[-69.89,-14.434],[-69.895,-14.478],[-69.95,-14.492],[-69.991,-14.529],[-70.012,-14.559],[-69.989,-14.583],[-69.934,-14.569],[-69.914,-14.58],[-69.901,-14.566],[-69.877,-14.602],[-69.861,-14.59],[-69.849,-14.656],[-69.859,-14.686],[-69.836,-14.738],[-69.854,-14.761],[-69.85,-14.79],[-69.901,-14.827],[-69.912,-14.865],[-69.938,-14.843],[-69.989,-14.873],[-69.966,-14.925],[-69.976,-14.944],[-69.958,-14.964],[-69.967,-15.03],[-69.947,-15.055],[-69.922,-15.059],[-69.917,-15.098],[-69.877,-15.109],[-69.886,-15.081],[-69.851,-15.043],[-69.847,-15.005],[-69.828,-14.982],[-69.798,-14.979],[-69.8,-14.958],[-69.765,-14.963],[-69.731,-14.998],[-69.712,-14.954],[-69.622,-14.95],[-69.612,-14.913],[-69.542,-14.929],[-69.518,-14.876],[-69.53,-14.843],[-69.5,-14.802],[-69.512,-14.776],[-69.498,-14.764],[-69.463,-14.773],[-69.438,-14.834],[-69.414,-14.855],[-69.404,-14.826],[-69.303,-14.765],[-69.235,-14.757],[-69.227,-14.736],[-69.259,-14.683],[-69.228,-14.654],[-69.23,-14.599],[-69.221,-14.581],[-69.152,-14.581],[-69.144,-14.532],[-69.155,-14.522],[-69.122,-14.51],[-69.113,-14.491],[-69.149,-14.451],[-69.22,-14.439],[-69.228,-14.343],[-69.247,-14.315]]]},"properties":{"OBJECTID":1660,"CD_PROV":"2110","CD_DEPA":"21","NM_PROV":"SAN ANTONIO DE PUTINA","NM_DEPA":"PUNO","FEC_ING":"26/12/2024","GLOBALID":"{0643BB0B-AC19-4748-B2FA-6534E137F28F}","SHAPE.AREA":0.262881253636918,"SHAPE.LEN":4.3945326206267898}},{"type":"Feature","id":1661,"geometry":{"type":"Polygon","coordinates":[[[-70.24,-15.336],[-70.276,-15.314],[-70.292,-15.354],[-70.267,-15.375],[-70.269,-15.395],[-70.306,-15.386],[-70.341,-15.415],[-70.321,-15.453],[-70.289,-15.464],[-70.297,-15.489],[-70.271,-15.511],[-70.259,-15.555],[-70.376,-15.67],[-70.436,-15.677],[-70.466,-15.654],[-70.528,-15.688],[-70.547,-15.739],[-70.572,-15.719],[-70.609,-15.759],[-70.638,-15.746],[-70.687,-15.794],[-70.746,-15.776],[-70.8,-15.782],[-70.814,-15.814],[-70.845,-15.806],[-70.888,-15.842],[-70.896,-15.877],[-70.886,-15.893],[-70.866,-15.889],[-70.843,-15.923],[-70.832,-15.949],[-70.841,-15.972],[-70.808,-15.988],[-70.8,-15.976],[-70.776,-16.013],[-70.722,-16.034],[-70.641,-15.988],[-70.625,-16.003],[-70.517,-15.976],[-70.481,-15.946],[-70.479,-15.911],[-70.446,-15.896],[-70.419,-15.819],[-70.438,-15.787],[-70.416,-15.737],[-70.374,-15.741],[-70.341,-15.726],[-70.313,-15.737],[-70.261,-15.674],[-70.205,-15.642],[-70.201,-15.617],[-70.168,-15.632],[-70.145,-15.67],[-70.123,-15.637],[-70.084,-15.642],[-70.026,-15.565],[-69.998,-15.56],[-70.011,-15.552],[-69.962,-15.547],[-69.997,-15.506],[-69.991,-15.487],[-70.028,-15.458],[-70.025,-15.438],[-70.084,-15.455],[-70.071,-15.425],[-70.081,-15.399],[-70.071,-15.397],[-70.091,-15.39],[-70.107,-15.345],[-70.132,-15.334],[-70.181,-15.377],[-70.24,-15.336]]]},"properties":{"OBJECTID":1661,"CD_PROV":"2111","CD_DEPA":"21","NM_PROV":"SAN ROMAN","NM_DEPA":"PUNO","FEC_ING":"26/12/2024","GLOBALID":"{03F51155-62BE-468E-9F23-CA94492102AB}","SHAPE.AREA":0.19001716956050599,"SHAPE.LEN":3.7238241991579599}},{"type":"Feature","id":1662,"geometry":{"type":"Polygon","coordinates":[[[-68.87,-13.019],[-68.872,-13.004],[-69.65,-13.342],[-69.654,-13.38],[-69.632,-13.408],[-69.654,-13.459],[-69.679,-13.458],[-69.669,-13.475],[-69.684,-13.501],[-69.713,-13.506],[-69.724,-13.492],[-69.737,-13.506],[-69.696,-13.522],[-69.726,-13.592],[-69.726,-13.635],[-69.752,-13.677],[-69.754,-13.738],[-69.786,-13.751],[-69.732,-13.812],[-69.728,-13.841],[-69.664,-13.882],[-69.665,-13.905],[-69.702,-13.936],[-69.725,-14.019],[-69.765,-14.031],[-69.798,-14.067],[-69.833,-14.138],[-69.823,-14.162],[-69.85,-14.212],[-69.854,-14.256],[-69.84,-14.275],[-69.785,-14.276],[-69.783,-14.312],[-69.728,-14.348],[-69.722,-14.421],[-69.689,-14.421],[-69.66,-14.452],[-69.691,-14.518],[-69.667,-14.531],[-69.657,-14.609],[-69.614,-14.662],[-69.582,-14.627],[-69.549,-14.627],[-69.482,-14.59],[-69.461,-14.587],[-69.445,-14.612],[-69.413,-14.621],[-69.329,-14.614],[-69.333,-14.576],[-69.313,-14.552],[-69.291,-14.452],[-69.303,-14.399],[-69.271,-14.347],[-69.269,-14.307],[-69.228,-14.343],[-69.22,-14.439],[-69.182,-14.438],[-69.1,-14.485],[-69.082,-14.443],[-69.029,-14.426],[-68.985,-14.374],[-69.016,-14.315],[-68.979,-14.265],[-68.983,-14.236],[-68.963,-14.22],[-68.828,-14.221],[-68.856,-14.163],[-68.833,-14.145],[-68.871,-14.111],[-68.89,-14.047],[-68.937,-14.026],[-68.979,-13.977],[-68.964,-13.949],[-68.983,-13.93],[-68.983,-13.895],[-68.951,-13.876],[-68.917,-13.814],[-68.995,-13.787],[-68.974,-13.761],[-69.026,-13.739],[-69.067,-13.687],[-69.046,-13.644],[-68.995,-13.652],[-68.99,-13.634],[-69.005,-13.624],[-68.953,-13.604],[-68.943,-13.527],[-68.919,-13.524],[-68.917,-13.484],[-68.906,-13.456],[-68.896,-13.462],[-68.906,-13.436],[-68.898,-13.446],[-68.889,-13.436],[-68.892,-13.383],[-68.869,-13.358],[-68.879,-13.329],[-68.859,-13.312],[-68.862,-13.272],[-68.849,-13.27],[-68.86,-13.257],[-68.845,-13.246],[-68.872,-13.181],[-68.861,-13.183],[-68.857,-13.17],[-68.871,-13.168],[-68.858,-13.151],[-68.878,-13.136],[-68.873,-13.113],[-68.859,-13.114],[-68.863,-13.048],[-68.85,-13.048],[-68.867,-13.031],[-68.854,-13.015],[-68.87,-13.019]]]},"properties":{"OBJECTID":1662,"CD_PROV":"2112","CD_DEPA":"21","NM_PROV":"SANDIA","NM_DEPA":"PUNO","FEC_ING":"26/12/2024","GLOBALID":"{094E5F78-9EE0-45E8-B113-9D967911415C}","SHAPE.AREA":1.05926666120186,"SHAPE.LEN":6.9588437160868795}},{"type":"Feature","id":1663,"geometry":{"type":"MultiPolygon","coordinates":[[[[-68.977,-16.19],[-69.013,-16.22],[-69.055,-16.197],[-69.103,-16.224],[-69.097,-16.244],[-69.2,-16.264],[-69.203,-16.301],[-69.141,-16.332],[-69.136,-16.397],[-69.117,-16.365],[-69.054,-16.393],[-69.047,-16.42],[-69.023,-16.404],[-69.022,-16.332],[-69.05,-16.283],[-69.078,-16.276],[-69.077,-16.26],[-69.055,-16.249],[-69.031,-16.275],[-68.99,-16.236],[-69.006,-16.271],[-68.983,-16.265],[-68.959,-16.227],[-68.957,-16.197],[-68.977,-16.19]]],[[[-68.815,-16.349],[-68.814,-16.32],[-68.918,-16.233],[-68.918,-16.404],[-68.815,-16.349]]],[[[-68.94,-16.233],[-68.953,-16.226],[-68.944,-16.245],[-68.94,-16.233]]]]},"properties":{"OBJECTID":1663,"CD_PROV":"2113","CD_DEPA":"21","NM_PROV":"YUNGUYO","NM_DEPA":"PUNO","FEC_ING":"26/12/2024","GLOBALID":"{591FA98A-66C8-4C54-BD91-5D748F4CAC97}","SHAPE.AREA":0.0353140287184079,"SHAPE.LEN":1.84226688169124}},{"type":"Feature","id":1664,"geometry":{"type":"Polygon","coordinates":[[[-77.717,-5.416],[-77.745,-5.407],[-77.642,-5.523],[-77.659,-5.572],[-77.575,-5.713],[-77.533,-5.704],[-77.509,-5.673],[-77.446,-5.69],[-77.42,-5.679],[-77.402,-5.71],[-77.36,-5.72],[-77.34,-5.759],[-77.299,-5.755],[-77.3,-5.767],[-77.267,-5.778],[-77.238,-5.861],[-77.246,-5.883],[-77.213,-5.908],[-77.203,-5.94],[-77.142,-5.937],[-77.156,-6.039],[-77.137,-6.086],[-77.146,-6.108],[-77.124,-6.133],[-77.125,-6.203],[-77.197,-6.233],[-77.133,-6.302],[-77.147,-6.351],[-77.127,-6.389],[-77.006,-6.413],[-76.972,-6.383],[-76.957,-6.399],[-76.939,-6.39],[-76.944,-6.354],[-76.972,-6.323],[-76.954,-6.28],[-76.901,-6.288],[-76.867,-6.265],[-76.835,-6.285],[-76.815,-6.244],[-76.838,-6.11],[-76.884,-6.081],[-76.847,-6.031],[-76.761,-6.01],[-76.746,-5.975],[-76.778,-5.901],[-76.82,-5.859],[-76.825,-5.757],[-76.862,-5.74],[-76.893,-5.748],[-76.973,-5.699],[-76.996,-5.667],[-77.127,-5.651],[-77.142,-5.625],[-77.179,-5.641],[-77.202,-5.634],[-77.232,-5.595],[-77.266,-5.614],[-77.28,-5.601],[-77.337,-5.604],[-77.372,-5.567],[-77.404,-5.574],[-77.411,-5.59],[-77.461,-5.585],[-77.473,-5.555],[-77.507,-5.553],[-77.492,-5.52],[-77.558,-5.426],[-77.595,-5.464],[-77.672,-5.409],[-77.717,-5.416]]]},"properties":{"OBJECTID":1664,"CD_PROV":"2201","CD_DEPA":"22","NM_PROV":"MOYOBAMBA","NM_DEPA":"SAN MARTIN","FEC_ING":"26/12/2024","GLOBALID":"{AA2523B9-12E4-48B1-B6D6-C9B9CFCE7E3D}","SHAPE.AREA":0.32020650759900099,"SHAPE.LEN":5.0094184326234403}},{"type":"Feature","id":1665,"geometry":{"type":"Polygon","coordinates":[[[-76.501,-6.788],[-76.524,-6.725],[-76.595,-6.794],[-76.621,-6.776],[-76.684,-6.81],[-76.736,-6.806],[-76.705,-6.882],[-76.634,-6.986],[-76.653,-7.009],[-76.632,-7.042],[-76.633,-7.099],[-76.669,-7.128],[-76.633,-7.149],[-76.614,-7.208],[-76.624,-7.232],[-76.583,-7.258],[-76.557,-7.307],[-76.574,-7.385],[-76.551,-7.504],[-76.58,-7.609],[-76.566,-7.658],[-76.61,-7.703],[-76.63,-7.749],[-76.616,-7.778],[-76.637,-7.854],[-76.615,-7.852],[-76.606,-7.874],[-76.628,-7.944],[-76.595,-8.001],[-76.555,-7.995],[-76.52,-8.031],[-76.456,-8.056],[-76.377,-8.129],[-76.376,-8.145],[-76.335,-8.149],[-76.333,-8.204],[-76.298,-8.218],[-76.232,-8.214],[-76.197,-8.296],[-76.166,-8.311],[-76.132,-8.377],[-76.107,-8.332],[-76.056,-8.329],[-76.043,-8.342],[-76.004,-8.306],[-75.984,-8.322],[-75.921,-8.3],[-75.913,-8.256],[-75.941,-8.186],[-75.934,-8.134],[-75.952,-8.101],[-75.921,-8.073],[-75.845,-8.06],[-75.829,-7.973],[-75.859,-7.921],[-75.928,-7.957],[-75.939,-7.946],[-75.993,-7.954],[-75.98,-7.901],[-76.006,-7.891],[-76.008,-7.856],[-76.044,-7.792],[-76.084,-7.763],[-76.087,-7.729],[-76.102,-7.723],[-76.101,-7.65],[-76.082,-7.632],[-76.094,-7.61],[-76.08,-7.584],[-76.091,-7.56],[-76.116,-7.563],[-76.122,-7.526],[-76.167,-7.493],[-76.215,-7.402],[-76.196,-7.334],[-76.213,-7.31],[-76.167,-7.268],[-76.143,-7.209],[-76.159,-7.196],[-76.169,-7.082],[-76.314,-7.061],[-76.369,-7.017],[-76.416,-7.021],[-76.419,-7.001],[-76.455,-7.014],[-76.465,-6.992],[-76.499,-6.993],[-76.506,-6.968],[-76.524,-6.976],[-76.52,-6.962],[-76.549,-6.928],[-76.473,-6.859],[-76.463,-6.821],[-76.501,-6.788]]]},"properties":{"OBJECTID":1665,"CD_PROV":"2202","CD_DEPA":"22","NM_PROV":"BELLAVISTA","NM_DEPA":"SAN MARTIN","FEC_ING":"26/12/2024","GLOBALID":"{AAB21702-5F89-408B-A3B6-AF9DF81A30C5}","SHAPE.AREA":0.65983676177945705,"SHAPE.LEN":5.7633153871206897}},{"type":"Feature","id":1666,"geometry":{"type":"Polygon","coordinates":[[[-76.837,-6.288],[-76.867,-6.265],[-76.901,-6.288],[-76.954,-6.28],[-76.972,-6.323],[-76.934,-6.384],[-76.953,-6.397],[-76.944,-6.439],[-76.921,-6.471],[-76.877,-6.493],[-76.841,-6.55],[-76.795,-6.649],[-76.786,-6.728],[-76.734,-6.803],[-76.684,-6.81],[-76.621,-6.776],[-76.594,-6.794],[-76.524,-6.734],[-76.524,-6.693],[-76.558,-6.671],[-76.538,-6.61],[-76.591,-6.595],[-76.64,-6.548],[-76.684,-6.425],[-76.78,-6.418],[-76.832,-6.389],[-76.844,-6.367],[-76.837,-6.288]]]},"properties":{"OBJECTID":1666,"CD_PROV":"2203","CD_DEPA":"22","NM_PROV":"EL DORADO","NM_DEPA":"SAN MARTIN","FEC_ING":"26/12/2024","GLOBALID":"{82DC3E0B-6734-4533-9D34-E98434BBAD8F}","SHAPE.AREA":0.105716090074984,"SHAPE.LEN":1.8145168334402599}},{"type":"Feature","id":1667,"geometry":{"type":"Polygon","coordinates":[[[-77.259,-6.33],[-77.287,-6.331],[-77.276,-6.385],[-77.199,-6.42],[-77.158,-6.501],[-77.123,-6.509],[-77.086,-6.55],[-77.047,-6.566],[-77.075,-6.637],[-77.025,-6.714],[-77.039,-6.73],[-77.031,-6.783],[-76.957,-6.991],[-76.903,-7.01],[-76.907,-7.086],[-76.885,-7.095],[-76.853,-7.07],[-76.805,-7.175],[-76.784,-7.163],[-76.779,-7.13],[-76.715,-7.098],[-76.682,-7.089],[-76.67,-7.127],[-76.658,-7.121],[-76.633,-7.099],[-76.632,-7.042],[-76.653,-7.009],[-76.634,-6.986],[-76.711,-6.872],[-76.738,-6.788],[-76.786,-6.728],[-76.796,-6.647],[-76.877,-6.493],[-76.921,-6.471],[-76.969,-6.383],[-77.006,-6.413],[-77.066,-6.408],[-77.097,-6.387],[-77.115,-6.399],[-77.147,-6.351],[-77.166,-6.379],[-77.221,-6.381],[-77.259,-6.33]]]},"properties":{"OBJECTID":1667,"CD_PROV":"2204","CD_DEPA":"22","NM_PROV":"HUALLAGA","NM_DEPA":"SAN MARTIN","FEC_ING":"26/12/2024","GLOBALID":"{6F755C4C-A65C-4297-8F84-76196D2BB07D}","SHAPE.AREA":0.197663581832004,"SHAPE.LEN":2.8511248773942199}},{"type":"Feature","id":1668,"geometry":{"type":"Polygon","coordinates":[[[-76.355,-6.003],[-76.4,-5.954],[-76.43,-6.003],[-76.481,-6.014],[-76.563,-6.002],[-76.604,-6.017],[-76.64,-6.003],[-76.711,-6.014],[-76.754,-5.998],[-76.787,-6.024],[-76.847,-6.031],[-76.884,-6.081],[-76.839,-6.107],[-76.829,-6.2],[-76.817,-6.203],[-76.839,-6.379],[-76.78,-6.418],[-76.683,-6.426],[-76.64,-6.548],[-76.591,-6.595],[-76.538,-6.61],[-76.558,-6.671],[-76.524,-6.693],[-76.478,-6.694],[-76.374,-6.618],[-76.492,-6.487],[-76.459,-6.462],[-76.425,-6.381],[-76.382,-6.395],[-76.359,-6.339],[-76.316,-6.366],[-76.27,-6.426],[-76.185,-6.427],[-76.181,-6.46],[-76.198,-6.475],[-76.168,-6.506],[-76.133,-6.5],[-76.113,-6.476],[-76.071,-6.472],[-75.979,-6.499],[-75.954,-6.49],[-75.941,-6.464],[-75.9,-6.456],[-75.926,-6.4],[-75.923,-6.367],[-75.979,-6.294],[-75.915,-6.156],[-75.955,-6.101],[-76.014,-6.084],[-76.088,-6.108],[-76.146,-6.147],[-76.247,-6.126],[-76.318,-6.086],[-76.315,-6.054],[-76.355,-6.003]]]},"properties":{"OBJECTID":1668,"CD_PROV":"2205","CD_DEPA":"22","NM_PROV":"LAMAS","NM_DEPA":"SAN MARTIN","FEC_ING":"26/12/2024","GLOBALID":"{A032C051-F8E6-4494-9E54-43E3703B9A2A}","SHAPE.AREA":0.387569748020618,"SHAPE.LEN":3.92740366744188}},{"type":"Feature","id":1669,"geometry":{"type":"Polygon","coordinates":[[[-77.259,-6.385],[-77.277,-6.386],[-77.273,-6.407],[-77.326,-6.468],[-77.355,-6.561],[-77.381,-6.569],[-77.394,-6.603],[-77.438,-6.603],[-77.382,-6.698],[-77.406,-6.726],[-77.456,-6.681],[-77.544,-6.677],[-77.569,-6.638],[-77.628,-6.613],[-77.688,-6.677],[-77.74,-6.647],[-77.748,-6.745],[-77.732,-6.783],[-77.765,-6.798],[-77.707,-6.908],[-77.759,-6.965],[-77.74,-7.035],[-77.707,-7.069],[-77.713,-7.108],[-77.641,-7.151],[-77.607,-7.206],[-77.606,-7.219],[-77.647,-7.242],[-77.628,-7.321],[-77.639,-7.344],[-77.622,-7.397],[-77.631,-7.414],[-77.56,-7.464],[-77.539,-7.507],[-77.521,-7.51],[-77.54,-7.577],[-77.497,-7.583],[-77.486,-7.604],[-77.528,-7.616],[-77.523,-7.633],[-77.538,-7.65],[-77.512,-7.657],[-77.498,-7.686],[-77.461,-7.68],[-77.525,-7.768],[-77.443,-7.814],[-77.411,-7.901],[-77.377,-7.909],[-77.407,-7.993],[-77.375,-8.032],[-77.386,-8.055],[-77.372,-8.065],[-77.297,-8.063],[-77.26,-8.048],[-77.232,-8.012],[-77.069,-8.04],[-77.074,-7.992],[-77.103,-7.951],[-77.091,-7.873],[-77.021,-7.806],[-76.941,-7.832],[-76.871,-7.903],[-76.821,-7.919],[-76.797,-7.919],[-76.749,-7.875],[-76.728,-7.876],[-76.719,-7.861],[-76.743,-7.822],[-76.74,-7.797],[-76.755,-7.8],[-76.76,-7.775],[-76.774,-7.777],[-76.753,-7.762],[-76.773,-7.737],[-76.658,-7.726],[-76.634,-7.686],[-76.577,-7.679],[-76.566,-7.657],[-76.58,-7.61],[-76.574,-7.558],[-76.557,-7.549],[-76.551,-7.504],[-76.574,-7.385],[-76.557,-7.306],[-76.583,-7.258],[-76.624,-7.232],[-76.614,-7.208],[-76.633,-7.149],[-76.67,-7.127],[-76.682,-7.089],[-76.779,-7.13],[-76.784,-7.163],[-76.81,-7.174],[-76.853,-7.07],[-76.885,-7.095],[-76.907,-7.086],[-76.903,-7.01],[-76.957,-6.991],[-77.031,-6.783],[-77.039,-6.73],[-77.025,-6.714],[-77.075,-6.637],[-77.047,-6.566],[-77.086,-6.55],[-77.123,-6.509],[-77.158,-6.501],[-77.198,-6.421],[-77.221,-6.419],[-77.259,-6.385]]]},"properties":{"OBJECTID":1669,"CD_PROV":"2206","CD_DEPA":"22","NM_PROV":"MARISCAL CACERES","NM_DEPA":"SAN MARTIN","FEC_ING":"26/12/2024","GLOBALID":"{7BE39C7C-39BC-4B3C-9052-F09E01D53A10}","SHAPE.AREA":1.16715780311199,"SHAPE.LEN":6.8686072612190801}},{"type":"Feature","id":1670,"geometry":{"type":"Polygon","coordinates":[[[-76.372,-6.681],[-76.524,-6.693],[-76.5,-6.792],[-76.463,-6.821],[-76.473,-6.859],[-76.549,-6.928],[-76.545,-6.947],[-76.527,-6.951],[-76.524,-6.976],[-76.503,-6.97],[-76.495,-6.995],[-76.465,-6.992],[-76.455,-7.014],[-76.419,-7.001],[-76.416,-7.021],[-76.369,-7.017],[-76.314,-7.061],[-76.17,-7.082],[-76.158,-7.198],[-76.077,-7.174],[-76.047,-7.121],[-76.023,-7.113],[-76.011,-7.078],[-76.008,-7.002],[-76.036,-6.993],[-76.052,-6.938],[-76.016,-6.914],[-76.011,-6.892],[-76.073,-6.794],[-76.103,-6.729],[-76.095,-6.715],[-76.127,-6.688],[-76.176,-6.704],[-76.208,-6.761],[-76.257,-6.773],[-76.275,-6.692],[-76.372,-6.681]]]},"properties":{"OBJECTID":1670,"CD_PROV":"2207","CD_DEPA":"22","NM_PROV":"PICOTA","NM_DEPA":"SAN MARTIN","FEC_ING":"26/12/2024","GLOBALID":"{54AC9AA7-943E-4583-930B-B35550574615}","SHAPE.AREA":0.172494296760583,"SHAPE.LEN":2.3750424806769801}},{"type":"Feature","id":1671,"geometry":{"type":"Polygon","coordinates":[[[-77.727,-5.439],[-77.745,-5.407],[-77.768,-5.438],[-77.749,-5.46],[-77.771,-5.478],[-77.757,-5.514],[-77.766,-5.539],[-77.736,-5.609],[-77.775,-5.69],[-77.759,-5.73],[-77.77,-5.788],[-77.746,-5.835],[-77.682,-5.849],[-77.683,-5.878],[-77.652,-5.935],[-77.669,-5.98],[-77.639,-6.001],[-77.598,-6.004],[-77.596,-6.033],[-77.567,-6.028],[-77.537,-6.064],[-77.474,-6.0],[-77.432,-6.062],[-77.419,-6.032],[-77.395,-6.039],[-77.381,-6.08],[-77.359,-6.073],[-77.346,-6.114],[-77.28,-6.142],[-77.224,-6.146],[-77.202,-6.18],[-77.219,-6.196],[-77.197,-6.233],[-77.125,-6.204],[-77.124,-6.133],[-77.146,-6.108],[-77.137,-6.086],[-77.156,-6.039],[-77.142,-5.937],[-77.203,-5.94],[-77.213,-5.908],[-77.246,-5.883],[-77.238,-5.861],[-77.267,-5.778],[-77.3,-5.767],[-77.299,-5.755],[-77.34,-5.759],[-77.36,-5.72],[-77.402,-5.71],[-77.42,-5.679],[-77.446,-5.69],[-77.509,-5.673],[-77.533,-5.704],[-77.575,-5.713],[-77.659,-5.572],[-77.642,-5.523],[-77.727,-5.439]]]},"properties":{"OBJECTID":1671,"CD_PROV":"2208","CD_DEPA":"22","NM_PROV":"RIOJA","NM_DEPA":"SAN MARTIN","FEC_ING":"26/12/2024","GLOBALID":"{58E80BA4-E989-4103-9C4A-4B66641D083D}","SHAPE.AREA":0.21636273498340999,"SHAPE.LEN":3.7811904180664695}},{"type":"Feature","id":1672,"geometry":{"type":"Polygon","coordinates":[[[-75.545,-6.064],[-75.569,-6.0],[-75.621,-6.029],[-75.629,-6.083],[-75.68,-6.095],[-75.719,-6.141],[-75.771,-6.148],[-75.775,-6.12],[-75.828,-6.099],[-75.852,-6.102],[-75.838,-6.141],[-75.917,-6.141],[-75.934,-6.215],[-75.979,-6.291],[-75.923,-6.367],[-75.926,-6.4],[-75.9,-6.455],[-75.941,-6.464],[-75.955,-6.491],[-76.007,-6.499],[-76.073,-6.473],[-76.168,-6.506],[-76.198,-6.475],[-76.181,-6.46],[-76.185,-6.427],[-76.27,-6.426],[-76.338,-6.347],[-76.361,-6.341],[-76.384,-6.396],[-76.424,-6.379],[-76.459,-6.462],[-76.492,-6.487],[-76.374,-6.618],[-76.456,-6.68],[-76.275,-6.692],[-76.257,-6.773],[-76.208,-6.761],[-76.184,-6.708],[-76.127,-6.688],[-76.095,-6.715],[-76.103,-6.729],[-76.051,-6.811],[-75.965,-6.788],[-75.844,-6.797],[-75.814,-6.825],[-75.794,-6.821],[-75.781,-6.848],[-75.725,-6.851],[-75.701,-6.869],[-75.66,-6.819],[-75.643,-6.816],[-75.633,-6.843],[-75.617,-6.841],[-75.513,-6.786],[-75.5,-6.759],[-75.503,-6.552],[-75.55,-6.348],[-75.496,-6.281],[-75.487,-6.203],[-75.526,-6.165],[-75.545,-6.064]]]},"properties":{"OBJECTID":1672,"CD_PROV":"2209","CD_DEPA":"22","NM_PROV":"SAN MARTIN","NM_DEPA":"SAN MARTIN","FEC_ING":"26/12/2024","GLOBALID":"{D65D248C-E171-412C-AA10-07917A445911}","SHAPE.AREA":0.45306523527599596,"SHAPE.LEN":4.5681546659256798}},{"type":"Feature","id":1673,"geometry":{"type":"Polygon","coordinates":[[[-76.619,-7.691],[-76.634,-7.686],[-76.657,-7.726],[-76.693,-7.737],[-76.772,-7.735],[-76.753,-7.762],[-76.774,-7.777],[-76.76,-7.775],[-76.755,-7.8],[-76.74,-7.797],[-76.743,-7.822],[-76.719,-7.863],[-76.8,-7.921],[-76.871,-7.903],[-76.941,-7.832],[-77.006,-7.803],[-77.077,-7.849],[-77.103,-7.951],[-77.074,-7.992],[-77.069,-8.04],[-77.021,-8.052],[-76.985,-8.114],[-76.912,-8.159],[-76.926,-8.218],[-76.901,-8.283],[-76.932,-8.343],[-76.927,-8.359],[-76.968,-8.371],[-76.977,-8.396],[-77.0,-8.382],[-77.034,-8.405],[-77.07,-8.397],[-77.105,-8.445],[-77.134,-8.44],[-77.143,-8.476],[-77.081,-8.488],[-77.092,-8.517],[-77.05,-8.554],[-77.012,-8.538],[-76.977,-8.561],[-76.949,-8.546],[-76.919,-8.57],[-76.887,-8.555],[-76.865,-8.566],[-76.843,-8.525],[-76.804,-8.511],[-76.768,-8.527],[-76.728,-8.515],[-76.697,-8.532],[-76.548,-8.498],[-76.495,-8.55],[-76.493,-8.576],[-76.466,-8.57],[-76.417,-8.444],[-76.367,-8.412],[-76.332,-8.432],[-76.312,-8.501],[-76.325,-8.524],[-76.3,-8.557],[-76.306,-8.573],[-76.28,-8.574],[-76.287,-8.585],[-76.264,-8.61],[-76.269,-8.652],[-76.248,-8.683],[-76.257,-8.707],[-76.229,-8.745],[-76.245,-8.751],[-76.223,-8.785],[-76.199,-8.77],[-76.203,-8.753],[-76.167,-8.757],[-76.139,-8.667],[-76.107,-8.649],[-76.135,-8.567],[-76.109,-8.38],[-76.128,-8.361],[-76.132,-8.377],[-76.146,-8.368],[-76.232,-8.214],[-76.298,-8.218],[-76.333,-8.204],[-76.335,-8.149],[-76.376,-8.145],[-76.377,-8.129],[-76.456,-8.056],[-76.52,-8.031],[-76.555,-7.995],[-76.593,-8.002],[-76.615,-7.985],[-76.628,-7.928],[-76.606,-7.871],[-76.615,-7.852],[-76.636,-7.855],[-76.636,-7.83],[-76.616,-7.778],[-76.63,-7.749],[-76.598,-7.689],[-76.619,-7.691]]]},"properties":{"OBJECTID":1673,"CD_PROV":"2210","CD_DEPA":"22","NM_PROV":"TOCACHE","NM_DEPA":"SAN MARTIN","FEC_ING":"26/12/2024","GLOBALID":"{60EFE3B5-F0DB-4DE7-9AE9-3EE92E0A7C5B}","SHAPE.AREA":0.494591590312842,"SHAPE.LEN":5.5222374904915998}},{"type":"Feature","id":1674,"geometry":{"type":"Polygon","coordinates":[[[-69.588,-17.402],[-69.601,-17.394],[-69.615,-17.418],[-69.654,-17.412],[-69.703,-17.474],[-69.728,-17.46],[-69.838,-17.46],[-69.876,-17.585],[-69.967,-17.586],[-70.014,-17.625],[-70.015,-17.655],[-70.049,-17.673],[-70.11,-17.761],[-70.181,-17.778],[-70.201,-17.758],[-70.154,-17.693],[-70.15,-17.598],[-70.26,-17.578],[-70.288,-17.538],[-70.332,-17.509],[-70.346,-17.461],[-70.392,-17.464],[-70.429,-17.484],[-70.447,-17.516],[-70.509,-17.545],[-70.681,-17.716],[-70.698,-17.768],[-70.729,-17.785],[-70.807,-17.89],[-70.839,-17.912],[-70.863,-17.967],[-70.889,-17.977],[-70.888,-18.009],[-70.813,-18.04],[-70.68,-18.162],[-70.525,-18.247],[-70.377,-18.351],[-70.313,-18.309],[-70.149,-18.319],[-70.05,-18.269],[-69.964,-18.263],[-69.816,-18.114],[-69.754,-17.987],[-69.749,-17.944],[-69.799,-17.866],[-69.801,-17.762],[-69.822,-17.744],[-69.826,-17.706],[-69.796,-17.646],[-69.666,-17.66],[-69.468,-17.498],[-69.469,-17.465],[-69.494,-17.432],[-69.536,-17.407],[-69.588,-17.402]],[[-69.763,-17.983],[-69.762,-17.984],[-69.762,-17.984],[-69.763,-17.983]]]},"properties":{"OBJECTID":1674,"CD_PROV":"2301","CD_DEPA":"23","NM_PROV":"TACNA","NM_DEPA":"TACNA","FEC_ING":"26/12/2024","GLOBALID":"{F8737D22-7367-4217-9AE1-2C1130FA2C8B}","SHAPE.AREA":0.69749644588409099,"SHAPE.LEN":4.7864298639937601}},{"type":"Feature","id":1675,"geometry":{"type":"Polygon","coordinates":[[[-70.266,-16.78],[-70.318,-16.775],[-70.442,-16.841],[-70.442,-16.892],[-70.465,-16.944],[-70.443,-16.964],[-70.463,-17.004],[-70.439,-17.05],[-70.448,-17.08],[-70.49,-17.088],[-70.528,-17.168],[-70.555,-17.198],[-70.573,-17.194],[-70.454,-17.301],[-70.44,-17.335],[-70.363,-17.374],[-70.404,-17.409],[-70.346,-17.461],[-70.21,-17.333],[-70.169,-17.316],[-70.121,-17.319],[-70.093,-17.29],[-70.115,-17.237],[-70.101,-17.2],[-70.086,-17.196],[-70.098,-17.139],[-70.07,-17.081],[-70.073,-17.035],[-70.148,-16.922],[-70.174,-16.912],[-70.225,-16.959],[-70.25,-16.949],[-70.259,-16.904],[-70.244,-16.86],[-70.184,-16.835],[-70.181,-16.818],[-70.247,-16.802],[-70.266,-16.78]]]},"properties":{"OBJECTID":1675,"CD_PROV":"2302","CD_DEPA":"23","NM_PROV":"CANDARAVE","NM_DEPA":"TACNA","FEC_ING":"26/12/2024","GLOBALID":"{E9769DDA-D377-481F-821D-CF9BDA11B1EA}","SHAPE.AREA":0.19606107310687701,"SHAPE.LEN":2.4232295506066999}},{"type":"Feature","id":1676,"geometry":{"type":"Polygon","coordinates":[[[-70.573,-17.194],[-70.684,-17.224],[-70.716,-17.274],[-70.706,-17.291],[-70.747,-17.351],[-70.752,-17.381],[-70.737,-17.408],[-70.88,-17.556],[-70.912,-17.687],[-70.993,-17.679],[-71.017,-17.709],[-71.079,-17.715],[-71.083,-17.736],[-71.101,-17.739],[-71.139,-17.821],[-71.105,-17.843],[-71.096,-17.868],[-71.022,-17.884],[-70.911,-17.943],[-70.889,-17.977],[-70.874,-17.973],[-70.76,-17.818],[-70.698,-17.768],[-70.681,-17.716],[-70.509,-17.545],[-70.447,-17.516],[-70.429,-17.484],[-70.392,-17.464],[-70.344,-17.459],[-70.404,-17.409],[-70.363,-17.374],[-70.44,-17.335],[-70.454,-17.301],[-70.573,-17.194]]]},"properties":{"OBJECTID":1676,"CD_PROV":"2303","CD_DEPA":"23","NM_PROV":"JORGE BASADRE","NM_DEPA":"TACNA","FEC_ING":"26/12/2024","GLOBALID":"{C449BFFB-9BED-4975-A83D-1C74B0379EF9}","SHAPE.AREA":0.23347451698962898,"SHAPE.LEN":2.6644958751421202}},{"type":"Feature","id":1677,"geometry":{"type":"Polygon","coordinates":[[[-70.071,-17.036],[-70.07,-17.081],[-70.098,-17.139],[-70.086,-17.196],[-70.101,-17.2],[-70.115,-17.237],[-70.093,-17.29],[-70.1,-17.305],[-70.21,-17.333],[-70.346,-17.461],[-70.332,-17.509],[-70.288,-17.538],[-70.26,-17.578],[-70.15,-17.598],[-70.154,-17.693],[-70.201,-17.758],[-70.183,-17.778],[-70.11,-17.761],[-70.049,-17.673],[-70.015,-17.655],[-70.014,-17.625],[-69.967,-17.586],[-69.876,-17.585],[-69.837,-17.46],[-69.728,-17.46],[-69.703,-17.474],[-69.655,-17.413],[-69.614,-17.418],[-69.598,-17.393],[-69.527,-17.41],[-69.469,-17.465],[-69.469,-17.374],[-69.576,-17.291],[-69.645,-17.287],[-69.655,-17.271],[-69.731,-17.295],[-69.762,-17.28],[-69.791,-17.235],[-69.85,-17.244],[-69.899,-17.221],[-70.025,-17.122],[-70.04,-17.128],[-70.042,-17.059],[-70.071,-17.036]]]},"properties":{"OBJECTID":1677,"CD_PROV":"2304","CD_DEPA":"23","NM_PROV":"TARATA","NM_DEPA":"TACNA","FEC_ING":"26/12/2024","GLOBALID":"{CE9C6D34-97D0-4B0B-A830-D9570C519F3D}","SHAPE.AREA":0.23405799494097299,"SHAPE.LEN":3.2494268250863096}},{"type":"Feature","id":1678,"geometry":{"type":"Polygon","coordinates":[[[-80.428,-3.485],[-80.448,-3.477],[-80.503,-3.505],[-80.567,-3.618],[-80.605,-3.637],[-80.581,-3.727],[-80.553,-3.735],[-80.552,-3.772],[-80.578,-3.785],[-80.59,-3.831],[-80.54,-3.843],[-80.551,-3.883],[-80.523,-3.908],[-80.533,-3.929],[-80.515,-4.021],[-80.557,-4.052],[-80.583,-4.139],[-80.666,-4.215],[-80.645,-4.23],[-80.59,-4.214],[-80.518,-4.099],[-80.475,-4.081],[-80.482,-4.055],[-80.451,-4.031],[-80.447,-3.997],[-80.366,-3.982],[-80.298,-4.017],[-80.263,-4.0],[-80.235,-3.948],[-80.217,-3.957],[-80.181,-3.925],[-80.213,-3.903],[-80.259,-3.902],[-80.258,-3.826],[-80.305,-3.773],[-80.301,-3.656],[-80.342,-3.625],[-80.379,-3.495],[-80.421,-3.512],[-80.402,-3.494],[-80.44,-3.489],[-80.397,-3.488],[-80.428,-3.485]]]},"properties":{"OBJECTID":1678,"CD_PROV":"2401","CD_DEPA":"24","NM_PROV":"TUMBES","NM_DEPA":"TUMBES","FEC_ING":"26/12/2024","GLOBALID":"{EA48C3BF-09A3-46BC-BC50-E59066B612B3}","SHAPE.AREA":0.14522244618900701,"SHAPE.LEN":2.8588866403565101}},{"type":"Feature","id":1679,"geometry":{"type":"Polygon","coordinates":[[[-80.603,-3.667],[-80.605,-3.637],[-80.632,-3.664],[-80.755,-3.718],[-80.795,-3.76],[-80.834,-3.876],[-80.987,-3.985],[-81.042,-4.083],[-81.019,-4.113],[-80.971,-4.127],[-80.968,-4.173],[-80.924,-4.169],[-80.883,-4.193],[-80.735,-4.178],[-80.665,-4.215],[-80.583,-4.139],[-80.557,-4.052],[-80.515,-4.02],[-80.533,-3.929],[-80.523,-3.908],[-80.551,-3.883],[-80.54,-3.843],[-80.591,-3.828],[-80.578,-3.785],[-80.552,-3.772],[-80.554,-3.734],[-80.581,-3.727],[-80.576,-3.708],[-80.603,-3.667]]]},"properties":{"OBJECTID":1679,"CD_PROV":"2402","CD_DEPA":"24","NM_PROV":"CONTRALMIRANTE VILLAR","NM_DEPA":"TUMBES","FEC_ING":"26/12/2024","GLOBALID":"{37C249DE-DF40-41FC-B800-180EC57C100E}","SHAPE.AREA":0.17345663975011899,"SHAPE.LEN":2.0548385100779196}},{"type":"Feature","id":1680,"geometry":{"type":"Polygon","coordinates":[[[-80.276,-3.416],[-80.315,-3.392],[-80.337,-3.456],[-80.326,-3.436],[-80.397,-3.496],[-80.377,-3.491],[-80.342,-3.625],[-80.297,-3.666],[-80.305,-3.773],[-80.258,-3.826],[-80.259,-3.902],[-80.213,-3.903],[-80.173,-3.926],[-80.14,-3.913],[-80.127,-3.888],[-80.159,-3.87],[-80.161,-3.802],[-80.193,-3.775],[-80.18,-3.735],[-80.2,-3.688],[-80.187,-3.67],[-80.189,-3.6],[-80.219,-3.575],[-80.205,-3.552],[-80.216,-3.501],[-80.246,-3.486],[-80.221,-3.436],[-80.254,-3.413],[-80.276,-3.416]],[[-80.228,-3.435],[-80.228,-3.435],[-80.229,-3.435],[-80.228,-3.435]],[[-80.268,-3.451],[-80.268,-3.451],[-80.268,-3.451],[-80.268,-3.451]]]},"properties":{"OBJECTID":1680,"CD_PROV":"2403","CD_DEPA":"24","NM_PROV":"ZARUMILLA","NM_DEPA":"TUMBES","FEC_ING":"26/12/2024","GLOBALID":"{0522C8F0-6534-4C7A-89EB-0755FB2765A2}","SHAPE.AREA":0.061133395690175001,"SHAPE.LEN":1.8202403806017098}},{"type":"Feature","id":1681,"geometry":{"type":"Polygon","coordinates":[[[-74.471,-7.276],[-74.5,-7.262],[-74.536,-7.294],[-74.58,-7.41],[-74.616,-7.435],[-74.643,-7.5],[-74.643,-7.562],[-74.576,-7.637],[-74.582,-7.706],[-74.559,-7.747],[-74.524,-7.757],[-74.516,-7.778],[-74.57,-7.816],[-74.628,-7.94],[-74.668,-7.946],[-74.728,-7.981],[-74.779,-8.042],[-74.888,-8.084],[-74.982,-7.969],[-75.033,-7.95],[-75.144,-7.979],[-75.149,-8.002],[-75.186,-8.018],[-75.189,-8.079],[-75.235,-8.151],[-75.288,-8.125],[-75.324,-8.139],[-75.347,-8.13],[-75.376,-8.139],[-75.398,-8.168],[-75.43,-8.167],[-75.453,-8.21],[-75.416,-8.244],[-75.391,-8.236],[-75.272,-8.264],[-75.218,-8.24],[-75.173,-8.267],[-75.11,-8.266],[-75.072,-8.278],[-75.04,-8.313],[-75.027,-8.363],[-75.004,-8.382],[-75.03,-8.416],[-75.025,-8.443],[-74.939,-8.592],[-74.967,-8.666],[-74.942,-8.722],[-74.946,-8.78],[-74.966,-8.808],[-74.954,-8.864],[-74.852,-8.763],[-74.847,-8.662],[-74.63,-8.55],[-74.583,-8.551],[-74.547,-8.585],[-74.527,-8.755],[-74.532,-8.776],[-74.618,-8.832],[-74.624,-8.889],[-74.644,-8.919],[-74.648,-8.996],[-74.669,-9.02],[-74.651,-9.049],[-74.678,-9.094],[-74.637,-9.126],[-74.624,-9.216],[-74.587,-9.297],[-74.627,-9.365],[-74.654,-9.369],[-74.709,-9.422],[-74.663,-9.455],[-74.581,-9.477],[-74.593,-9.507],[-74.575,-9.573],[-74.494,-9.592],[-74.49,-9.685],[-74.447,-9.777],[-74.453,-9.864],[-74.415,-9.901],[-74.412,-9.954],[-74.361,-9.901],[-74.37,-9.848],[-74.338,-9.866],[-74.317,-9.802],[-74.295,-9.806],[-74.253,-9.772],[-74.186,-9.765],[-74.144,-9.705],[-74.066,-9.706],[-74.049,-9.657],[-73.96,-9.611],[-73.876,-9.597],[-73.817,-9.53],[-73.743,-9.54],[-73.69,-9.528],[-73.66,-9.546],[-73.665,-9.572],[-73.609,-9.644],[-73.569,-9.658],[-73.536,-9.71],[-73.469,-9.751],[-73.459,-9.796],[-73.373,-9.825],[-73.37,-9.862],[-73.309,-9.893],[-73.268,-9.952],[-73.221,-9.972],[-73.219,-10.0],[-73.187,-10.018],[-73.195,-10.079],[-73.179,-10.094],[-73.152,-10.038],[-73.067,-9.97],[-73.111,-9.921],[-73.101,-9.877],[-73.198,-9.87],[-73.228,-9.847],[-73.218,-9.827],[-73.274,-9.666],[-73.216,-9.653],[-73.225,-9.632],[-73.19,-9.527],[-73.207,-9.481],[-73.194,-9.463],[-73.203,-9.407],[-73.188,-9.397],[-73.188,-9.364],[-73.15,-9.355],[-73.131,-9.319],[-73.102,-9.309],[-73.107,-9.275],[-73.064,-9.228],[-73.041,-9.236],[-73.01,-9.223],[-73.003,-9.196],[-73.027,-9.178],[-72.958,-9.143],[-72.946,-9.121],[-72.942,-9.053],[-72.963,-9.012],[-72.941,-8.985],[-72.967,-8.982],[-73.0,-8.917],[-73.06,-8.906],[-73.077,-8.842],[-73.112,-8.819],[-73.114,-8.784],[-73.166,-8.698],[-73.181,-8.686],[-73.253,-8.691],[-73.319,-8.611],[-73.341,-8.617],[-73.332,-8.474],[-73.387,-8.471],[-73.407,-8.431],[-73.443,-8.427],[-73.468,-8.392],[-73.542,-8.349],[-73.525,-8.322],[-73.537,-8.298],[-73.524,-8.268],[-73.587,-8.24],[-73.571,-8.222],[-73.595,-8.163],[-73.581,-8.135],[-73.628,-8.055],[-73.616,-8.034],[-73.639,-8.006],[-73.668,-8.013],[-73.705,-7.955],[-73.726,-7.966],[-73.747,-7.948],[-73.74,-7.929],[-73.772,-7.909],[-73.755,-7.893],[-73.763,-7.862],[-73.735,-7.879],[-73.677,-7.858],[-73.689,-7.766],[-73.747,-7.729],[-73.811,-7.721],[-73.839,-7.667],[-73.868,-7.676],[-73.9,-7.64],[-73.888,-7.604],[-73.977,-7.562],[-73.983,-7.535],[-74.036,-7.481],[-74.039,-7.449],[-74.133,-7.401],[-74.142,-7.378],[-74.254,-7.344],[-74.284,-7.354],[-74.344,-7.345],[-74.37,-7.317],[-74.464,-7.299],[-74.471,-7.276]],[[-74.555,-8.364],[-74.555,-8.363],[-74.555,-8.364],[-74.555,-8.364]],[[-74.556,-8.375],[-74.555,-8.375],[-74.556,-8.375],[-74.556,-8.375]],[[-74.368,-8.523],[-74.368,-8.523],[-74.369,-8.523],[-74.368,-8.523]]]},"properties":{"OBJECTID":1681,"CD_PROV":"2501","CD_DEPA":"25","NM_PROV":"CORONEL PORTILLO","NM_DEPA":"UCAYALI","FEC_ING":"26/12/2024","GLOBALID":"{15206F00-99FE-4022-8999-7193DAEF3A14}","SHAPE.AREA":3.15814479570686,"SHAPE.LEN":12.896219917166698}},{"type":"Feature","id":1682,"geometry":{"type":"Polygon","coordinates":[[[-73.195,-9.412],[-73.205,-9.444],[-73.194,-9.463],[-73.207,-9.481],[-73.19,-9.527],[-73.225,-9.632],[-73.216,-9.653],[-73.273,-9.664],[-73.277,-9.684],[-73.243,-9.73],[-73.239,-9.787],[-73.218,-9.827],[-73.228,-9.848],[-73.198,-9.87],[-73.101,-9.877],[-73.112,-9.92],[-73.067,-9.971],[-73.152,-10.038],[-73.179,-10.094],[-73.195,-10.079],[-73.187,-10.018],[-73.219,-10.0],[-73.221,-9.972],[-73.268,-9.952],[-73.309,-9.893],[-73.37,-9.862],[-73.373,-9.825],[-73.459,-9.796],[-73.469,-9.751],[-73.536,-9.71],[-73.569,-9.658],[-73.609,-9.644],[-73.665,-9.572],[-73.66,-9.546],[-73.69,-9.528],[-73.743,-9.54],[-73.817,-9.53],[-73.876,-9.597],[-73.96,-9.611],[-74.049,-9.657],[-74.066,-9.706],[-74.144,-9.705],[-74.186,-9.765],[-74.253,-9.772],[-74.295,-9.806],[-74.317,-9.802],[-74.338,-9.866],[-74.369,-9.847],[-74.376,-9.871],[-74.359,-9.896],[-74.412,-9.954],[-74.419,-10.026],[-74.39,-10.051],[-74.367,-10.113],[-74.315,-10.113],[-74.303,-10.165],[-74.231,-10.186],[-74.227,-10.277],[-74.252,-10.305],[-74.237,-10.322],[-74.263,-10.364],[-74.242,-10.383],[-74.253,-10.417],[-74.179,-10.489],[-74.134,-10.599],[-74.132,-10.661],[-74.139,-10.671],[-74.17,-10.637],[-74.23,-10.635],[-74.228,-10.652],[-74.253,-10.659],[-74.259,-10.68],[-74.287,-10.67],[-74.35,-10.755],[-74.384,-10.747],[-74.374,-10.789],[-74.387,-10.813],[-74.431,-10.813],[-74.483,-10.835],[-74.487,-10.889],[-74.548,-10.891],[-74.57,-10.915],[-74.508,-10.95],[-74.496,-11.0],[-74.45,-11.002],[-74.373,-11.057],[-74.256,-11.018],[-74.203,-11.021],[-74.191,-10.986],[-74.156,-10.999],[-74.007,-10.991],[-73.976,-11.125],[-73.955,-11.15],[-73.916,-11.143],[-73.891,-11.17],[-73.863,-11.169],[-73.853,-11.164],[-73.862,-10.979],[-73.813,-10.889],[-73.814,-10.8],[-73.787,-10.794],[-73.782,-10.751],[-73.742,-10.734],[-73.61,-10.847],[-73.561,-10.859],[-73.573,-10.954],[-73.543,-11.047],[-73.483,-11.065],[-73.471,-11.088],[-73.45,-11.237],[-73.485,-11.35],[-73.468,-11.344],[-73.415,-11.387],[-73.342,-11.311],[-73.256,-11.313],[-73.206,-11.29],[-73.132,-11.294],[-73.082,-11.273],[-73.065,-11.284],[-72.977,-11.212],[-72.968,-11.266],[-72.936,-11.291],[-72.956,-11.305],[-72.932,-11.307],[-72.94,-11.323],[-72.944,-11.31],[-72.96,-11.314],[-72.962,-11.335],[-72.924,-11.327],[-72.933,-11.35],[-72.895,-11.358],[-72.89,-11.343],[-72.823,-11.39],[-72.816,-11.375],[-72.8,-11.386],[-72.797,-11.364],[-72.795,-11.385],[-72.738,-11.347],[-72.718,-11.362],[-72.712,-11.347],[-72.692,-11.396],[-72.666,-11.386],[-72.646,-11.413],[-72.617,-11.418],[-72.609,-11.44],[-72.601,-11.418],[-72.594,-11.441],[-72.554,-11.432],[-72.547,-11.448],[-72.534,-11.425],[-72.525,-11.439],[-72.499,-11.395],[-72.449,-11.386],[-72.424,-11.355],[-72.403,-11.357],[-72.338,-11.317],[-72.315,-11.322],[-72.308,-11.307],[-72.284,-11.317],[-72.28,-11.34],[-72.255,-11.33],[-72.246,-11.346],[-72.205,-11.347],[-72.219,-11.297],[-72.187,-11.185],[-72.207,-11.172],[-72.135,-11.136],[-72.121,-11.107],[-72.152,-11.086],[-72.183,-11.093],[-72.193,-11.05],[-72.174,-11.032],[-72.185,-11.009],[-72.216,-11.013],[-72.262,-10.972],[-72.316,-10.983],[-72.398,-10.933],[-72.43,-10.886],[-72.437,-10.843],[-72.484,-10.792],[-72.446,-10.638],[-72.406,-10.649],[-72.379,-10.548],[-72.409,-10.516],[-72.464,-10.509],[-72.42,-10.472],[-72.423,-10.444],[-72.477,-10.379],[-72.465,-10.347],[-72.478,-10.331],[-72.445,-10.255],[-72.334,-10.178],[-72.243,-10.189],[-72.229,-10.163],[-72.156,-10.164],[-72.141,-10.091],[-72.163,-10.076],[-72.19,-10.008],[-72.149,-9.965],[-72.174,-9.932],[-72.135,-9.874],[-72.162,-9.831],[-72.151,-9.797],[-72.262,-9.752],[-72.245,-9.659],[-72.26,-9.642],[-72.252,-9.616],[-72.288,-9.603],[-72.281,-9.542],[-72.319,-9.544],[-72.367,-9.49],[-72.441,-9.477],[-72.455,-9.49],[-72.488,-9.48],[-72.519,-9.491],[-72.577,-9.456],[-72.695,-9.439],[-72.716,-9.412],[-73.195,-9.412]]]},"properties":{"OBJECTID":1682,"CD_PROV":"2502","CD_DEPA":"25","NM_PROV":"ATALAYA","NM_DEPA":"UCAYALI","FEC_ING":"26/12/2024","GLOBALID":"{EEFF45FB-A396-4A8E-9CC1-0537BCC13D6B}","SHAPE.AREA":3.2179021859214401,"SHAPE.LEN":14.073528540692001}},{"type":"Feature","id":1683,"geometry":{"type":"Polygon","coordinates":[[[-75.437,-8.23],[-75.455,-8.211],[-75.503,-8.289],[-75.494,-8.329],[-75.51,-8.335],[-75.483,-8.345],[-75.477,-8.386],[-75.42,-8.452],[-75.511,-8.432],[-75.572,-8.445],[-75.618,-8.408],[-75.687,-8.423],[-75.716,-8.487],[-75.785,-8.494],[-75.799,-8.512],[-75.778,-8.546],[-75.817,-8.636],[-75.834,-8.652],[-75.891,-8.66],[-75.948,-8.721],[-75.922,-8.781],[-75.928,-8.845],[-75.884,-8.973],[-75.891,-9.003],[-75.838,-9.062],[-75.796,-9.203],[-75.764,-9.217],[-75.764,-9.238],[-75.72,-9.277],[-75.669,-9.418],[-75.601,-9.414],[-75.494,-9.377],[-75.452,-9.296],[-75.372,-9.31],[-75.334,-9.289],[-75.304,-9.297],[-75.272,-9.268],[-75.272,-9.233],[-75.242,-9.221],[-75.212,-9.176],[-75.241,-9.101],[-75.206,-9.101],[-75.201,-9.064],[-75.162,-9.034],[-75.174,-9.012],[-75.12,-8.984],[-75.135,-8.946],[-75.108,-8.922],[-75.123,-8.881],[-75.065,-8.882],[-75.022,-8.859],[-74.989,-8.872],[-74.954,-8.864],[-74.966,-8.808],[-74.946,-8.78],[-74.942,-8.722],[-74.967,-8.666],[-74.939,-8.592],[-75.025,-8.443],[-75.03,-8.416],[-75.004,-8.382],[-75.027,-8.363],[-75.04,-8.313],[-75.081,-8.274],[-75.173,-8.267],[-75.218,-8.24],[-75.272,-8.264],[-75.437,-8.23]]]},"properties":{"OBJECTID":1683,"CD_PROV":"2503","CD_DEPA":"25","NM_PROV":"PADRE ABAD","NM_DEPA":"UCAYALI","FEC_ING":"26/12/2024","GLOBALID":"{2CFAD7FB-2AF5-42DC-94D8-0346BDAFDC4F}","SHAPE.AREA":0.76444766967741595,"SHAPE.LEN":4.7877115413041995}},{"type":"Feature","id":1684,"geometry":{"type":"Polygon","coordinates":[[[-70.507,-9.427],[-70.596,-9.443],[-70.596,-9.459],[-70.612,-9.458],[-70.663,-9.526],[-70.715,-9.547],[-70.73,-9.57],[-70.751,-9.561],[-70.758,-9.605],[-70.786,-9.614],[-70.8,-9.642],[-70.836,-9.643],[-70.869,-9.665],[-70.924,-9.741],[-70.963,-9.749],[-70.994,-9.817],[-71.051,-9.816],[-71.102,-9.853],[-71.139,-9.857],[-71.214,-9.968],[-71.252,-9.963],[-71.258,-9.979],[-71.311,-9.992],[-71.342,-9.967],[-71.375,-10.0],[-72.189,-10.006],[-72.163,-10.076],[-72.141,-10.091],[-72.157,-10.165],[-72.229,-10.163],[-72.243,-10.189],[-72.334,-10.178],[-72.445,-10.255],[-72.473,-10.302],[-72.465,-10.35],[-72.477,-10.379],[-72.423,-10.444],[-72.42,-10.474],[-72.464,-10.509],[-72.409,-10.516],[-72.379,-10.548],[-72.406,-10.649],[-72.446,-10.638],[-72.484,-10.781],[-72.472,-10.817],[-72.432,-10.852],[-72.419,-10.906],[-72.347,-10.97],[-72.313,-10.984],[-72.262,-10.972],[-72.214,-11.014],[-72.174,-10.996],[-72.158,-11.005],[-72.128,-10.98],[-72.125,-10.996],[-72.054,-11.011],[-72.011,-10.988],[-71.938,-11.004],[-71.847,-10.996],[-71.828,-11.012],[-71.78,-10.988],[-71.729,-10.984],[-71.716,-10.998],[-71.702,-10.974],[-71.662,-10.983],[-71.532,-10.952],[-71.508,-10.966],[-71.354,-10.95],[-71.308,-10.878],[-71.273,-10.853],[-71.259,-10.785],[-71.222,-10.777],[-71.216,-10.715],[-71.231,-10.685],[-71.206,-10.652],[-71.221,-10.637],[-71.196,-10.58],[-71.165,-10.57],[-71.165,-10.531],[-71.147,-10.531],[-71.129,-10.505],[-71.025,-10.478],[-71.005,-10.431],[-70.958,-10.39],[-70.968,-10.336],[-70.889,-10.335],[-70.874,-10.301],[-70.881,-10.262],[-70.803,-10.251],[-70.706,-10.161],[-70.698,-10.118],[-70.65,-10.079],[-70.652,-10.04],[-70.672,-10.023],[-70.657,-10.0],[-70.668,-9.971],[-70.649,-9.952],[-70.64,-9.884],[-70.613,-9.873],[-70.623,-9.821],[-70.578,-9.778],[-70.56,-9.789],[-70.546,-9.779],[-70.525,-9.715],[-70.585,-9.641],[-70.598,-9.608],[-70.586,-9.576],[-70.6,-9.562],[-70.59,-9.549],[-70.587,-9.567],[-70.558,-9.574],[-70.571,-9.533],[-70.542,-9.537],[-70.544,-9.514],[-70.514,-9.493],[-70.506,-9.505],[-70.525,-9.461],[-70.505,-9.463],[-70.512,-9.448],[-70.494,-9.431],[-70.507,-9.427]]]},"properties":{"OBJECTID":1684,"CD_PROV":"2504","CD_DEPA":"25","NM_PROV":"PURUS","NM_DEPA":"UCAYALI","FEC_ING":"26/12/2024","GLOBALID":"{40A709D3-56C4-46EC-A5FD-863233ABC797}","SHAPE.AREA":1.5205986374118698,"SHAPE.LEN":7.9467481267893296}},{"type":"Feature","id":1690,"geometry":{"type":"Polygon","coordinates":[[[-71.274,-14.435],[-71.284,-14.437],[-71.274,-14.459],[-71.228,-14.5],[-71.168,-14.521],[-71.156,-14.498],[-71.166,-14.484],[-71.274,-14.435]]]},"properties":{"OBJECTID":1690,"CD_PROV":"9902","CD_DEPA":"99","NM_PROV":"LAGUNA LANGUILAYO","NM_DEPA":"LAGUNA LANGUILAYO","FEC_ING":"26/12/2024","GLOBALID":"{76C6B31E-B7B8-4CE0-8369-2B0B1D019007}","SHAPE.AREA":0.0045337874433472401,"SHAPE.LEN":0.341987176004034}}]}